lat,lng,desc,zip,title,timeStamp,twp,addr,e
40.0711763,-75.1530171,CHELTENHAM AVE;  CHELTENHAM; Station 358A; 2020-07-01 @ 08:41:37;,,EMS: SYNCOPAL EPISODE,2020-07-01 08:41:37,CHELTENHAM,CHELTENHAM AVE,1
40.2994905,-75.5851590,SWAMP PIKE & N CHARLOTTE ST; NEW HANOVER; 2019-10-29 @ 19:09:15;,19525,Traffic: VEHICLE ACCIDENT -,2019-10-29 19:09:15,NEW HANOVER,SWAMP PIKE & N CHARLOTTE ST,1
40.2287861,-75.3059718,BROWNING CT & GWYNEDALE WAY;  UPPER GWYNEDD; Station 345B; 2019-02-02 @ 21:24:12;,19446,EMS: FALL VICTIM,2019-02-02 21:24:12,UPPER GWYNEDD,BROWNING CT & GWYNEDALE WAY,1
40.2674901,-75.3763943,MAIN ST & CLEMENS RD;  LOWER SALFORD; Station 344; 2019-12-12 @ 14:50:18;,19438,EMS: GENERAL WEAKNESS,2019-12-12 14:50:18,LOWER SALFORD,MAIN ST & CLEMENS RD,1
40.3220056,-75.6147611,PHILADELPHIA AVE & JACKSON RD; DOUGLASS; 2018-08-08 @ 02:28:19;,19525,Traffic: DISABLED VEHICLE -,2018-08-08 02:28:19,DOUGLASS,PHILADELPHIA AVE & JACKSON RD,1
40.0921365,-75.1620346,S EASTON RD & LIMEKILN PIKE; CHELTENHAM; 2017-07-19 @ 19:14:51;,19095,Traffic: VEHICLE ACCIDENT -,2017-07-19 19:14:51,CHELTENHAM,S EASTON RD & LIMEKILN PIKE,1
40.2685906,-75.5555465,SWAMP PIKE & SCHAFFER RD; NEW HANOVER; 2018-03-02 @ 12:07:19;,19464,Traffic: ROAD OBSTRUCTION -,2018-03-02 12:07:19,NEW HANOVER,SWAMP PIKE & SCHAFFER RD,1
40.1330371,-75.4084631,SHANNONDELL DR & SHANNONDELL BLVD;  LOWER PROVIDENCE; Station 322A; 2020-06-06 @ 15:00:29;,19403,EMS: FALL VICTIM,2020-06-06 15:00:29,LOWER PROVIDENCE,SHANNONDELL DR & SHANNONDELL BLVD,1
40.2655907,-75.5501909,SWAMP PIKE & FORREST GLEN DR; LIMERICK; 2019-08-14 @ 19:32:15;,19473,Traffic: VEHICLE ACCIDENT -,2019-08-14 19:32:15,LIMERICK,SWAMP PIKE & FORREST GLEN DR,1
40.2494951,-75.6635208,RT100 NB & W KING ST; POTTSTOWN; 2019-06-13 @ 19:26:17;,19464,Traffic: VEHICLE ACCIDENT -,2019-06-13 19:26:17,POTTSTOWN,RT100 NB & W KING ST,1
40.1429467,-75.1260892,PRESTON AVE & COLUMBIA AVE;  ABINGTON; Station 381; 2019-04-05 @ 13:03:01;,19090,EMS: NAUSEA/VOMITING,2019-04-05 13:03:01,ABINGTON,PRESTON AVE & COLUMBIA AVE,1
40.0309502,-75.2631114,CONSHOHOCKEN STATE RD & HOLLOW RD;  LOWER MERION; Station 313; 2020-03-14 @ 09:47:58;,19035,EMS: NAUSEA/VOMITING,2020-03-14 09:47:58,LOWER MERION,CONSHOHOCKEN STATE RD & HOLLOW RD,1
40.2501139,-75.6392307,JEFFERSON AVE;  POTTSTOWN; Station 329; 2015-12-29 @ 20:46:57;,19464,EMS: UNKNOWN MEDICAL EMERGENCY,2015-12-29 20:46:57,POTTSTOWN,JEFFERSON AVE,1
40.2179846,-75.2444196,RT202 PKWY & WELSH RD; MONTGOMERY; 2018-02-20 @ 17:01:31;,,Traffic: VEHICLE ACCIDENT -,2018-02-20 17:01:31,MONTGOMERY,RT202 PKWY & WELSH RD,1
40.2681878,-75.6718662,MANATAWNY ST & GROSSTOWN RD;  WEST POTTSGROVE; Station 329; 2016-06-19 @ 00:04:27;,19464,EMS: DIABETIC EMERGENCY,2016-06-19 00:04:27,WEST POTTSGROVE,MANATAWNY ST & GROSSTOWN RD,1
40.3868869,-75.5371802,CONGO RD; DOUGLASS; 2020-05-29 @ 13:45:35-Station:STA67;,19525,Fire: VEHICLE ACCIDENT,2020-05-29 13:45:35,DOUGLASS,CONGO RD,1
40.1368955,-75.1200961,OLD WELSH RD & SUMMIT AVE;  ABINGTON; Station 381; 2017-08-27 @ 18:44:33;,19090,EMS: FEVER,2017-08-27 18:44:33,ABINGTON,OLD WELSH RD & SUMMIT AVE,1
40.0738876,-75.3062628,FAYETTE ST & E 1ST AVE; CONSHOHOCKEN; 2017-01-29 @ 00:32:26-Station:STA36;,19428,Fire: FIRE ALARM,2017-01-29 00:32:26,CONSHOHOCKEN,FAYETTE ST & E 1ST AVE,1
40.3969610,-75.5005818,4TH ST & RR CROSSING;  PENNSBURG; Station 369; 2016-04-12 @ 08:59:09;,18073,EMS: RESPIRATORY EMERGENCY,2016-04-12 08:59:09,PENNSBURG,4TH ST & RR CROSSING,1
40.2459704,-75.6528170,YORK ST & HIGH ST;  POTTSTOWN; Station 329; 2015-12-31 @ 11:31:59;,19464,EMS: ABDOMINAL PAINS,2015-12-31 11:31:59,POTTSTOWN,YORK ST & HIGH ST,1
40.3058206,-75.4678470,KRATZ RD & HENDRICKS RD; LOWER FREDERICK; 2017-03-05 @ 17:30:25;,18074,Traffic: VEHICLE ACCIDENT -,2017-03-05 17:30:25,LOWER FREDERICK,KRATZ RD & HENDRICKS RD,1
40.1938129,-75.2421421,STONEBRIDGE RD & SUMNEYTOWN PIKE; LOWER GWYNEDD; 2018-01-20 @ 03:07:30-Station:STA7;,19002,Fire: VEHICLE ACCIDENT,2018-01-20 03:07:30,LOWER GWYNEDD,STONEBRIDGE RD & SUMNEYTOWN PIKE,1
40.1007177,-75.4205099,OUTER LINE DR & GULPH RD;  CHESTER COUNTY; Station EMS; 2018-03-13 @ 18:43:28;,19087,EMS: GENERAL WEAKNESS,2018-03-13 18:43:28,CHESTER COUNTY,OUTER LINE DR & GULPH RD,1
40.2409508,-75.6196056,SUNSET DR & MOSER RD;  POTTSTOWN; Station 329; 2020-01-30 @ 12:54:19;,19464,EMS: OVERDOSE,2020-01-30 12:54:19,POTTSTOWN,SUNSET DR & MOSER RD,1
40.1192546,-75.2362381,PENNSYLVANIA TPKE & JOSHUA RD OVERPASS; WHITEMARSH; 2018-07-13 @ 15:42:47-Station:STA88;,,Fire: VEHICLE ACCIDENT,2018-07-13 15:42:47,WHITEMARSH,PENNSYLVANIA TPKE & JOSHUA RD OVERPASS,1
40.2387314,-75.5784013,RT422 WB & RAMP RT422 WB TO EVERGREEN RD; LIMERICK; 2019-07-15 @ 16:39:21;,19464,Traffic: ROAD OBSTRUCTION -,2019-07-15 16:39:21,LIMERICK,RT422 WB & RAMP RT422 WB TO EVERGREEN RD,1
40.0821662,-75.1272088,OLD YORK RD & FOXCROFT RD;  CHELTENHAM; Station 358; 2018-08-29 @ 13:23:03;,19027,EMS: CVA/STROKE,2018-08-29 13:23:03,CHELTENHAM,OLD YORK RD & FOXCROFT RD,1
40.1171038,-75.3527977,LAFAYETTE ST & POTTS ALY;  NORRISTOWN; Station 308A; 2017-03-29 @ 00:55:53;,19401,EMS: NAUSEA/VOMITING,2017-03-29 00:55:53,NORRISTOWN,LAFAYETTE ST & POTTS ALY,1
40.1393938,-75.0488604,BALDWIN RD & WOODWARD DR; LOWER MORELAND; 2020-02-15 @ 19:52:20-Station:STA8;,19006,Fire: FIRE ALARM,2020-02-15 19:52:20,LOWER MORELAND,BALDWIN RD & WOODWARD DR,1
40.1532684,-75.1895576,COMMERCE DR & RT309 OVERPASS; UPPER DUBLIN; 2019-02-04 @ 10:08:27;,,Traffic: VEHICLE ACCIDENT -,2019-02-04 10:08:27,UPPER DUBLIN,COMMERCE DR & RT309 OVERPASS,1
40.1963210,-75.1379734,EASTON RD & TURNPIKE OVERPASS; UPPER MORELAND; 2019-05-19 @ 23:50:33;,19040,Traffic: DISABLED VEHICLE -,2019-05-19 23:50:33,UPPER MORELAND,EASTON RD & TURNPIKE OVERPASS,1
40.2243022,-75.3005086,S BROAD ST; LANSDALE; 2019-10-27 @ 19:51:14-Station:STA14;,19446,Fire: VEHICLE ACCIDENT,2019-10-27 19:51:14,LANSDALE,S BROAD ST,1
40.0769221,-75.1177095,HIGH SCHOOL RD & S STERLING RD;  CHELTENHAM; Station 358; 2020-05-05 @ 11:12:56;,19027,EMS: RESPIRATORY EMERGENCY,2020-05-05 11:12:56,CHELTENHAM,HIGH SCHOOL RD & S STERLING RD,1
40.1414828,-75.1171420,MORELAND RD & EASTON RD; ABINGTON; 2016-04-02 @ 15:00:46-Station:STA500;,19090,Fire: FIRE ALARM,2016-04-02 15:00:46,ABINGTON,MORELAND RD & EASTON RD,1
40.0855923,-75.3912204,GULPH RD & KIRK AVE; UPPER MERION; 2017-07-21 @ 12:02:48-Station:STA47;,19406,Fire: FIRE ALARM,2017-07-21 12:02:48,UPPER MERION,GULPH RD & KIRK AVE,1
40.1388126,-75.1127308,MORELAND RD & OLD YORK RD;  ABINGTON; Station 381; 2020-06-01 @ 19:05:30;,19090,EMS: NAUSEA/VOMITING,2020-06-01 19:05:30,ABINGTON,MORELAND RD & OLD YORK RD,1
40.2324472,-75.6403540,SCHUYLKILL RD & MAURER RD; CHESTER COUNTY; 2018-06-12 @ 16:02:53;,19465,Traffic: HAZARDOUS ROAD CONDITIONS -,2018-06-12 16:02:53,CHESTER COUNTY,SCHUYLKILL RD & MAURER RD,1
40.1006513,-75.1401500,HIGHLAND AVE & KENMORE AVE; ABINGTON; 2019-03-01 @ 10:55:00;,19038,Traffic: VEHICLE ACCIDENT -,2019-03-01 10:55:00,ABINGTON,HIGHLAND AVE & KENMORE AVE,1
40.1682494,-75.1389078,WITMER RD & PRUDENTIAL RD;  HORSHAM; Station 352; 2016-01-13 @ 09:46:29;,19044,EMS: SUBJECT IN PAIN,2016-01-13 09:46:29,HORSHAM,WITMER RD & PRUDENTIAL RD,1
40.2453649,-75.2877417,RICHARDSON AVE & W 2ND ST; LANSDALE; 2019-09-26 @ 11:38:51;,19446,Traffic: VEHICLE ACCIDENT -,2019-09-26 11:38:51,LANSDALE,RICHARDSON AVE & W 2ND ST,1
40.2674138,-75.3951998,CHESWYCK DR & BARCLAY CIR; LOWER SALFORD; 2017-06-16 @ 13:02:57-Station:STA89;,19438,Fire: CARDIAC ARREST,2017-06-16 13:02:57,LOWER SALFORD,CHESWYCK DR & BARCLAY CIR,1
40.2137100,-75.5384033,LINFIELD TRAPPE RD & WEAVER LN;  LIMERICK; Station 324A; 2017-07-06 @ 14:02:58;,19468,EMS: CVA/STROKE,2017-07-06 14:02:58,LIMERICK,LINFIELD TRAPPE RD & WEAVER LN,1
40.1611368,-75.2597922,HOLLY RD & BARBY RD;  WHITPAIN; Station 385; 2020-06-07 @ 16:45:46;,19422,EMS: FALL VICTIM,2020-06-07 16:45:46,WHITPAIN,HOLLY RD & BARBY RD,1
40.1431830,-75.1191500,PARK AVE & MORELAND RD;  UPPER MORELAND; Station 381; 2018-05-17 @ 17:37:22;,19090,EMS: UNKNOWN MEDICAL EMERGENCY,2018-05-17 17:37:22,UPPER MORELAND,PARK AVE & MORELAND RD,1
40.1112830,-75.3357310,MAIN ST & FRANKLIN ST;  NORRISTOWN; Station 308A; 2017-05-09 @ 15:45:33;,19401,EMS: MEDICAL ALERT ALARM,2017-05-09 15:45:33,NORRISTOWN,MAIN ST & FRANKLIN ST,1
40.0848520,-75.1200012,FISHER RD & SQUIRREL RD;  ABINGTON; Station 382; 2018-10-12 @ 11:13:44;,19046,EMS: MEDICAL ALERT ALARM,2018-10-12 11:13:44,ABINGTON,FISHER RD & SQUIRREL RD,1
40.3067615,-75.4621783,HENDRICKS STATION RD & HENDRICKS RD; UPPER SALFORD; 2019-07-11 @ 19:39:18;,19438,Traffic: HAZARDOUS ROAD CONDITIONS -,2019-07-11 19:39:18,UPPER SALFORD,HENDRICKS STATION RD & HENDRICKS RD,1
40.1397628,-75.3863985,MAIN ST & LAWN AVE;  WEST NORRITON; Station 308B; 2017-03-08 @ 11:58:16;,19403,EMS: HEAD INJURY,2017-03-08 11:58:16,WEST NORRITON,MAIN ST & LAWN AVE,1
40.2501554,-75.6182875,SUNNYBROOK RD & MULBERRY ST; LOWER POTTSGROVE; 2018-05-22 @ 08:35:22-Station:STA59;,19464,Fire: FIRE ALARM,2018-05-22 08:35:22,LOWER POTTSGROVE,SUNNYBROOK RD & MULBERRY ST,1
40.3236212,-75.3741366,ALLENTOWN RD & SUNSET LN; FRANCONIA; 2017-10-07 @ 20:58:00-Station:STA75;,18969,Fire: BURN VICTIM,2017-10-07 20:58:00,FRANCONIA,ALLENTOWN RD & SUNSET LN,1
40.2219461,-75.2055455,LOWER STATE RD; HORSHAM; 2017-02-13 @ 15:29:14-Station:STA15;,,Fire: VEHICLE FIRE,2017-02-13 15:29:14,HORSHAM,LOWER STATE RD,1
40.1058286,-75.3467566,W 4TH ST & DEKALB ST; BRIDGEPORT; 2016-10-04 @ 09:22:02;,19405,Traffic: VEHICLE ACCIDENT -,2016-10-04 09:22:02,BRIDGEPORT,W 4TH ST & DEKALB ST,1
39.9906530,-75.2490820,CITY AVE & MERION RD; LOWER MERION; 2016-11-22 @ 18:22:09;,19131,Traffic: VEHICLE ACCIDENT -,2016-11-22 18:22:09,LOWER MERION,CITY AVE & MERION RD,1
40.1191323,-75.0560283,RED LION RD;  LOWER MORELAND; Station 355; 2017-12-03 @ 08:01:25;,19006,EMS: VEHICLE ACCIDENT,2017-12-03 08:01:25,LOWER MORELAND,RED LION RD,1
40.1128563,-75.4239126,REID DR & WOODLAND LN;  LOWER PROVIDENCE; Station 322A; 2016-07-24 @ 11:15:48;,19403,EMS: NAUSEA/VOMITING,2016-07-24 11:15:48,LOWER PROVIDENCE,REID DR & WOODLAND LN,1
40.0079924,-75.2912588,W LANCASTER AVE & ANDERSON AVE; LOWER MERION; 2018-04-11 @ 13:24:04;,19003,Traffic: VEHICLE ACCIDENT -,2018-04-11 13:24:04,LOWER MERION,W LANCASTER AVE & ANDERSON AVE,1
40.1330371,-75.4084631,SHANNONDELL DR & SHANNONDELL BLVD;  LOWER PROVIDENCE; Station 322A; 2019-08-30 @ 14:35:45;,19403,EMS: MEDICAL ALERT ALARM,2019-08-30 14:35:45,LOWER PROVIDENCE,SHANNONDELL DR & SHANNONDELL BLVD,1
40.2582531,-75.2482301,BETHLEHEM PIKE & TAYLOR RD;  MONTGOMERY; Station 345; 2019-09-29 @ 13:47:20;,19446,EMS: RESPIRATORY EMERGENCY,2019-09-29 13:47:20,MONTGOMERY,BETHLEHEM PIKE & TAYLOR RD,1
40.0731041,-75.1149437,FAIRVIEW RD & STOCKTON RD;  CHELTENHAM; Station 358; 2020-01-28 @ 13:29:41;,19027,EMS: OVERDOSE,2020-01-28 13:29:41,CHELTENHAM,FAIRVIEW RD & STOCKTON RD,1
40.2456734,-75.2796667,BROAD ST & E 6TH ST;  LANSDALE; Station 345; 2016-03-16 @ 08:15:25;,19446,EMS: CVA/STROKE,2016-03-16 08:15:25,LANSDALE,BROAD ST & E 6TH ST,1
40.1944826,-75.1106151,LINDA LN & W COUNTY LINE RD; HORSHAM; 2018-03-28 @ 12:26:04-Station:STA15;,19040,Fire: FIRE ALARM,2018-03-28 12:26:04,HORSHAM,LINDA LN & W COUNTY LINE RD,1
40.2007702,-75.3460505,EXTENSION PENNSYLVANIA TPKE & BERKS RD UNDERPASS; WORCESTER; 2018-09-12 @ 15:41:50;,19446,Traffic: VEHICLE ACCIDENT -,2018-09-12 15:41:50,WORCESTER,EXTENSION PENNSYLVANIA TPKE & BERKS RD UNDERPASS,1
40.2407819,-75.2239302,FILLY DR & POLO DR;  MONTGOMERY; Station 345A; 2016-08-06 @ 10:39:29;,19454,EMS: HEMORRHAGING,2016-08-06 10:39:29,MONTGOMERY,FILLY DR & POLO DR,1
40.1116776,-75.0936056,VALLEY RD & OLD VALLEY RD; ABINGTON; 2018-01-02 @ 15:59:37;,19046,Traffic: DISABLED VEHICLE -,2018-01-02 15:59:37,ABINGTON,VALLEY RD & OLD VALLEY RD,1
40.1130613,-75.1192289,SUSQUEHANNA RD & HUNTINGDON RD;  ABINGTON; Station 381; 2018-03-03 @ 20:05:32;,19046,EMS: HEAD INJURY,2018-03-03 20:05:32,ABINGTON,SUSQUEHANNA RD & HUNTINGDON RD,1
40.1140703,-75.4556023,PAWLINGS RD & STATION AVE; LOWER PROVIDENCE; 2018-09-23 @ 16:00:42;,19460,Traffic: VEHICLE ACCIDENT -,2018-09-23 16:00:42,LOWER PROVIDENCE,PAWLINGS RD & STATION AVE,1
40.1196045,-75.2849004,GERMANTOWN PIKE & ATRIUM WAY;  PLYMOUTH; Station 308; 2018-07-20 @ 21:39:47;,19462,EMS: DIABETIC EMERGENCY,2018-07-20 21:39:47,PLYMOUTH,GERMANTOWN PIKE & ATRIUM WAY,1
40.0058124,-75.2601579,HAVERFORD AVE & N NARBERTH AVE; NARBERTH; 2019-03-19 @ 16:30:20;,19072,Traffic: VEHICLE ACCIDENT -,2019-03-19 16:30:20,NARBERTH,HAVERFORD AVE & N NARBERTH AVE,1
40.1068957,-75.3520701,MYERS RD & LOWER EAST VALLEY FORGE RD;  UPPER MERION; Station 356; 2019-12-22 @ 20:06:46;,19406,EMS: ALTERED MENTAL STATUS,2019-12-22 20:06:46,UPPER MERION,MYERS RD & LOWER EAST VALLEY FORGE RD,1
40.1568468,-75.1019942,EASTON RD & RR OVERPASS;  UPPER MORELAND; Station 381; 2016-03-11 @ 17:20:02;,,EMS: HEAD INJURY,2016-03-11 17:20:02,UPPER MORELAND,EASTON RD & RR OVERPASS,1
40.3453520,-75.5753947,GREEN HILL RD & HOFFMANSVILLE RD;  DOUGLASS; Station 7A505; 2019-09-03 @ 03:18:28;,19504,EMS: HEMORRHAGING,2019-09-03 03:18:28,DOUGLASS,GREEN HILL RD & HOFFMANSVILLE RD,1
40.1298403,-75.2018766,PENNSYLVANIA TPKE & RT309 UNDERPASS; WHITEMARSH; 2018-05-05 @ 16:57:51;,19034,Traffic: VEHICLE ACCIDENT -,2018-05-05 16:57:51,WHITEMARSH,PENNSYLVANIA TPKE & RT309 UNDERPASS,1
40.2413204,-75.2428276,BETHLEHEM PIKE & NORTH WALES RD; MONTGOMERY; 2016-02-26 @ 12:56:34;,19454,Traffic: VEHICLE ACCIDENT -,2016-02-26 12:56:34,MONTGOMERY,BETHLEHEM PIKE & NORTH WALES RD,1
40.2097192,-75.2306935,WELSH RD & HUNT CLUB TRL; LOWER GWYNEDD; 2019-06-03 @ 19:02:02;,19454,Traffic: VEHICLE ACCIDENT -,2019-06-03 19:02:02,LOWER GWYNEDD,WELSH RD & HUNT CLUB TRL,1
40.0045557,-75.2843574,LANCASTER AVE & CHATHAM RD;  LOWER MERION; Station 313; 2019-08-05 @ 04:04:10;,19003,EMS: MEDICAL ALERT ALARM,2019-08-05 04:04:10,LOWER MERION,LANCASTER AVE & CHATHAM RD,1
40.1129554,-75.3771431,BEIDLER RD & N HENDERSON RD;  UPPER MERION; Station 317; 2017-09-12 @ 19:03:44;,19406,EMS: OVERDOSE,2017-09-12 19:03:44,UPPER MERION,BEIDLER RD & N HENDERSON RD,1
40.4390675,-75.4371592,STEINSBURG RD & SPINNERSTOWN RD;  BUCKS COUNTY; Station EMS; 2019-06-17 @ 23:42:38;,18951,EMS: SUBJECT IN PAIN,2019-06-17 23:42:38,BUCKS COUNTY,STEINSBURG RD & SPINNERSTOWN RD,1
40.2355119,-75.2735510,MAIN ST & HIGHLAND RD;  LANSDALE; Station 345; 2018-11-13 @ 09:51:46;,19446,EMS: SYNCOPAL EPISODE,2018-11-13 09:51:46,LANSDALE,MAIN ST & HIGHLAND RD,1
40.1847975,-75.2868790,TWIN SILO DR & MORRIS RD;  WHITPAIN; Station 385; 2017-12-31 @ 03:41:13;,19422,EMS: RESPIRATORY EMERGENCY,2017-12-31 03:41:13,WHITPAIN,TWIN SILO DR & MORRIS RD,1
40.0960353,-75.4000406,AMERICAN AVE & 1ST AVE;  UPPER MERION; Station 317; 2019-01-07 @ 05:52:05;,19406,EMS: CARDIAC EMERGENCY,2019-01-07 05:52:05,UPPER MERION,AMERICAN AVE & 1ST AVE,1
40.1187503,-75.2112638,CHURCH RD;  WHITEMARSH; Station 318; 2016-05-17 @ 16:58:14;,19031,EMS: VEHICLE ACCIDENT,2016-05-17 16:58:14,WHITEMARSH,CHURCH RD,1
40.1335723,-75.4515182,CRESSON BLVD & EGYPT RD;  UPPER PROVIDENCE; Station 322A; 2017-06-14 @ 17:34:36;,19426,EMS: CVA/STROKE,2017-06-14 17:34:36,UPPER PROVIDENCE,CRESSON BLVD & EGYPT RD,1
40.3816976,-75.4829256,SINGER WAY & E 8TH ST; RED HILL; 2016-01-21 @ 20:52:25-Station:STA71;,18076,Fire: FIRE ALARM,2016-01-21 20:52:25,RED HILL,SINGER WAY & E 8TH ST,1
40.1227670,-75.1356456,WAWA  ; ABINGTON; 2017-05-28 @ 10:59:10;,19001,Traffic: VEHICLE ACCIDENT -,2017-05-28 10:59:10,ABINGTON,WAWA,1
40.1188596,-75.3378155,GREEN ST & E JACOBY ST;  NORRISTOWN; Station 308A; 2019-10-11 @ 01:02:35;,19401,EMS: MEDICAL ALERT ALARM,2019-10-11 01:02:35,NORRISTOWN,GREEN ST & E JACOBY ST,1
40.0947583,-75.1901069,CHELTENHAM AVE & E UPSAL ST; CHELTENHAM; 2019-07-22 @ 21:17:25;,19038,Traffic: VEHICLE ACCIDENT -,2019-07-22 21:17:25,CHELTENHAM,CHELTENHAM AVE & E UPSAL ST,1
40.2595194,-75.6136019,N KEIM ST & BUCHERT RD; LOWER POTTSGROVE; 2019-02-18 @ 21:01:11;,19464,Traffic: DISABLED VEHICLE -,2019-02-18 21:01:11,LOWER POTTSGROVE,N KEIM ST & BUCHERT RD,1
40.1053039,-75.1440235,ABINGTON AVE & PARKDALE AVE; ABINGTON; 2017-06-18 @ 04:45:11-Station:STA300;,19038,Fire: FIRE INVESTIGATION,2017-06-18 04:45:11,ABINGTON,ABINGTON AVE & PARKDALE AVE,1
40.1566208,-75.4113257,EAGLEVILLE RD & SUNDERLAND DR;  LOWER PROVIDENCE; Station 322; 2017-07-07 @ 05:54:07;,19403,EMS: MATERNITY,2017-07-07 05:54:07,LOWER PROVIDENCE,EAGLEVILLE RD & SUNDERLAND DR,1
40.2566279,-75.2612699,LINE ST & COWPATH RD;  HATFIELD TOWNSHIP; Station 345; 2016-06-16 @ 13:57:53;,19446,EMS: RESPIRATORY EMERGENCY,2016-06-16 13:57:53,HATFIELD TOWNSHIP,LINE ST & COWPATH RD,1
40.1685378,-75.4982005,BLACK ROCK RD & S TRAPPE RD;  UPPER PROVIDENCE; Station 325; 2019-01-03 @ 11:36:41;,19468,EMS: CARDIAC EMERGENCY,2019-01-03 11:36:41,UPPER PROVIDENCE,BLACK ROCK RD & S TRAPPE RD,1
40.0972222,-75.3761952,SCHUYLKILL EXPY & CROTON RD UNDERPASS; UPPER MERION; 2018-02-08 @ 16:22:27;,,Traffic: VEHICLE ACCIDENT -,2018-02-08 16:22:27,UPPER MERION,SCHUYLKILL EXPY & CROTON RD UNDERPASS,1
40.086567,-75.166432,EASTON RD & RAMP S EASTON RD TO RT309 SB; CHELTENHAM; 2017-03-30 @ 11:17:19;,,Traffic: VEHICLE ACCIDENT -,2017-03-30 11:17:19,CHELTENHAM,EASTON RD & RAMP S EASTON RD TO RT309 SB,1
40.0052415,-75.2615886,HAVERFORD AVE & STATION CIR; NARBERTH; 2017-11-11 @ 09:29:53-Station:STA26;,19072,Fire: TRASH/DUMPSTER FIRE,2017-11-11 09:29:53,NARBERTH,HAVERFORD AVE & STATION CIR,1
40.1065836,-75.3710824,DARTMOUTH DR & CAMBRIDGE RD;  UPPER MERION; Station 317; 2016-12-31 @ 19:54:46;,19406,EMS: GENERAL WEAKNESS,2016-12-31 19:54:46,UPPER MERION,DARTMOUTH DR & CAMBRIDGE RD,1
40.1330371,-75.4084631,SHANNONDELL DR & SHANNONDELL BLVD;  LOWER PROVIDENCE; Station 322A; 2018-03-08 @ 00:18:01;,19403,EMS: FALL VICTIM,2018-03-08 00:18:01,LOWER PROVIDENCE,SHANNONDELL DR & SHANNONDELL BLVD,1
40.2542488,-75.5885706,GEORGIA LN;  LOWER POTTSGROVE; Station 345; 2019-09-12 @ 22:21:31;,19464,EMS: ASSAULT VICTIM,2019-09-12 22:21:31,LOWER POTTSGROVE,GEORGIA LN,1
40.2114887,-75.1660460,KEITH VALLEY RD & GRAEME PARK RD; HORSHAM; 2017-10-30 @ 09:56:01-Station:STA15;,19002,Fire: FIRE POLICE NEEDED,2017-10-30 09:56:01,HORSHAM,KEITH VALLEY RD & GRAEME PARK RD,1
40.3116295,-75.3310962,SUMMIT ST & COLONIAL AVE;  FRANCONIA; Station 339; 2018-11-15 @ 18:18:53;,18964,EMS: RESPIRATORY EMERGENCY,2018-11-15 18:18:53,FRANCONIA,SUMMIT ST & COLONIAL AVE,1
40.0131176,-75.3014518,LANCASTER AVE & HAVERFORD STATION RD; LOWER MERION; 2017-11-02 @ 11:01:58;,19041,Traffic: VEHICLE ACCIDENT -,2017-11-02 11:01:58,LOWER MERION,LANCASTER AVE & HAVERFORD STATION RD,1
40.1330371,-75.4084631,SHANNONDELL DR & SHANNONDELL BLVD;  LOWER PROVIDENCE; Station 322A; 2020-03-04 @ 12:30:46;,19403,EMS: SUBJECT IN PAIN,2020-03-04 12:30:46,LOWER PROVIDENCE,SHANNONDELL DR & SHANNONDELL BLVD,1
40.0917088,-75.2600049,GERMANTOWN PIKE & CENTER AVE; WHITEMARSH; 2019-01-22 @ 14:01:41;,19444,Traffic: VEHICLE ACCIDENT -,2019-01-22 14:01:41,WHITEMARSH,GERMANTOWN PIKE & CENTER AVE,1
40.1181597,-75.4145642,TROOPER RD & MONROE BLVD;  WEST NORRITON; Station 308B; 2020-07-26 @ 18:39:05;,19403,EMS: FALL VICTIM,2020-07-26 18:39:05,WEST NORRITON,TROOPER RD & MONROE BLVD,1
40.2379133,-75.2905090,GREEN ST & W HANCOCK ST; LANSDALE; 2018-12-04 @ 18:26:04;,19446,Traffic: VEHICLE ACCIDENT -,2018-12-04 18:26:04,LANSDALE,GREEN ST & W HANCOCK ST,1
40.0158036,-75.2393142,ACADEMY RD & W AMHERST RD;  LOWER MERION; Station 313; 2018-05-15 @ 10:11:29;,19004,EMS: CARDIAC EMERGENCY,2018-05-15 10:11:29,LOWER MERION,ACADEMY RD & W AMHERST RD,1
40.1325672,-75.3465464,CIRCLE DR & LAUREL DR;  NORRISTOWN; Station 308A; 2019-07-01 @ 12:58:45;,19401,EMS: SEIZURES,2019-07-01 12:58:45,NORRISTOWN,CIRCLE DR & LAUREL DR,1
40.1568468,-75.1019942,EASTON RD & RAMP I276 TO RT611 NB; UPPER MORELAND; 2016-11-01 @ 10:03:15;,,Traffic: DISABLED VEHICLE -,2016-11-01 10:03:15,UPPER MORELAND,EASTON RD & RAMP I276 TO RT611 NB,1
40.1376366,-75.2718463,STENTON AVE & WALTON RD; WHITPAIN; 2016-06-07 @ 09:24:16;,19422,Traffic: VEHICLE ACCIDENT -,2016-06-07 09:24:16,WHITPAIN,STENTON AVE & WALTON RD,1
40.2257348,-75.4029822,SKIPPACK PIKE & CHURCH RD; SKIPPACK; 2017-11-03 @ 12:08:20;,19473,Traffic: VEHICLE ACCIDENT -,2017-11-03 12:08:20,SKIPPACK,SKIPPACK PIKE & CHURCH RD,1
40.0227144,-75.3208633,LANCASTER AVE & N MERION AVE; LOWER MERION; 2016-03-28 @ 19:29:48-Station:STA23;,19010,Fire: FIRE ALARM,2016-03-28 19:29:48,LOWER MERION,LANCASTER AVE & N MERION AVE,1
40.1301933,-75.1239711,PROSPECT AVE & WASHINGTON AVE;  ABINGTON; Station 381; 2020-01-26 @ 16:07:34;,19090,EMS: HEAD INJURY,2020-01-26 16:07:34,ABINGTON,PROSPECT AVE & WASHINGTON AVE,1
40.2167111,-75.4979039,TOWNSHIP LINE RD & BERKSHIRE LN;  LIMERICK; Station 324A; 2016-09-06 @ 06:32:52;,19468,EMS: FALL VICTIM,2016-09-06 06:32:52,LIMERICK,TOWNSHIP LINE RD & BERKSHIRE LN,1
40.0240007,-75.2690858,CHAUNCEY RD & RIGHTERS MILL RD; LOWER MERION; 2019-03-09 @ 10:59:49-Station:STA26;,19072,Fire: FIRE ALARM,2019-03-09 10:59:49,LOWER MERION,CHAUNCEY RD & RIGHTERS MILL RD,1
40.1323740,-75.1156330,OLD YORK RD & RUBICAM AVE; ABINGTON; 2017-10-12 @ 17:43:36;,19001,Traffic: VEHICLE ACCIDENT -,2017-10-12 17:43:36,ABINGTON,OLD YORK RD & RUBICAM AVE,1
40.2674901,-75.3763943,MAIN ST & CLEMENS RD; LOWER SALFORD; 2016-12-20 @ 07:58:58;,19438,Traffic: VEHICLE ACCIDENT -,2016-12-20 07:58:58,LOWER SALFORD,MAIN ST & CLEMENS RD,1
40.1176050,-75.1202430,OLD YORK RD & HORACE AVE; ABINGTON; 2017-08-08 @ 11:10:26;,19001,Traffic: DISABLED VEHICLE -,2017-08-08 11:10:26,ABINGTON,OLD YORK RD & HORACE AVE,1
40.4565170,-75.4630662,ORCHARD RD & SCHOOL HOUSE LN;  LEHIGH COUNTY; Station EMS; 2020-02-23 @ 15:09:24;,18036,EMS: GENERAL WEAKNESS,2020-02-23 15:09:24,LEHIGH COUNTY,ORCHARD RD & SCHOOL HOUSE LN,1
40.2883557,-75.3785374,MAPLE AVE & YODER RD;  FRANCONIA; Station 344; 2019-02-09 @ 22:50:44;,19438,EMS: HEMORRHAGING,2019-02-09 22:50:44,FRANCONIA,MAPLE AVE & YODER RD,1
40.2948168,-75.5379720,BIG RD & COLONIAL RD;  UPPER FREDERICK; Station 308C; 2016-09-13 @ 11:36:38;,18074,EMS: RESPIRATORY EMERGENCY,2016-09-13 11:36:38,UPPER FREDERICK,BIG RD & COLONIAL RD,1
40.1532784,-75.3526074,SUNSET AVE & W GERMANTOWN PIKE; EAST NORRITON; 2016-09-07 @ 14:57:08-Station:STA61;,19403,Fire: FIRE ALARM,2016-09-07 14:57:08,EAST NORRITON,SUNSET AVE & W GERMANTOWN PIKE,1
40.2149099,-75.2673114,10TH ST & SPRUCE ST;  NORTH WALES; Station 345B; 2016-04-03 @ 16:09:42;,19454,EMS: RESPIRATORY EMERGENCY,2016-04-03 16:09:42,NORTH WALES,10TH ST & SPRUCE ST,1
40.0941849,-75.2866500,RIDGE PIKE & BUTLER PIKE;  PLYMOUTH; Station 308; 2020-07-14 @ 01:49:33;,19428,EMS: UNKNOWN MEDICAL EMERGENCY,2020-07-14 01:49:33,PLYMOUTH,RIDGE PIKE & BUTLER PIKE,1
40.3792635,-75.4844663,E 7TH ST & MAIN ST; RED HILL; 2019-11-21 @ 08:56:32;,18076,Traffic: VEHICLE ACCIDENT -,2019-11-21 08:56:32,RED HILL,E 7TH ST & MAIN ST,1
40.1666567,-75.1464961,BUSINESS CENTER DR & DRESHER RD;  HORSHAM; Station 352; 2019-03-06 @ 18:09:03;,19044,EMS: DIABETIC EMERGENCY,2019-03-06 18:09:03,HORSHAM,BUSINESS CENTER DR & DRESHER RD,1
40.0249667,-75.2829046,MONTGOMERY AVE & BLUEROUTE OVERPASS; LOWER MERION; 2016-06-17 @ 16:43:20;,,Traffic: VEHICLE ACCIDENT -,2016-06-17 16:43:20,LOWER MERION,MONTGOMERY AVE & BLUEROUTE OVERPASS,1
40.2447834,-75.5904101,HIGH ST & COMMONS DR; LOWER POTTSGROVE; 2019-02-21 @ 12:26:07-Station:STA58;,19464,Fire: CARBON MONOXIDE DETECTOR,2019-02-21 12:26:07,LOWER POTTSGROVE,HIGH ST & COMMONS DR,1
40.1118752,-75.2850076,W GERMANTOWN PIKE & PLYMOUTH RD; PLYMOUTH; 2017-07-24 @ 09:25:31;,19462,Traffic: VEHICLE ACCIDENT -,2017-07-24 09:25:31,PLYMOUTH,W GERMANTOWN PIKE & PLYMOUTH RD,1
40.3249920,-75.3281748,LUTHERAN HOME DR & DEAD END;  TELFORD; Station 339; 2017-02-02 @ 17:16:26;,,EMS: ABDOMINAL PAINS,2017-02-02 17:16:26,TELFORD,LUTHERAN HOME DR & DEAD END,1
40.1247752,-75.2931878,GERMANTOWN PIKE & HALLOWELL RD;  PLYMOUTH; Station 308; 2018-12-30 @ 00:46:07;,19462,EMS: CARDIAC ARREST,2018-12-30 00:46:07,PLYMOUTH,GERMANTOWN PIKE & HALLOWELL RD,1
40.1957631,-75.1583518,HORSHAM RD & PROGRESS DR; HORSHAM; 2016-11-16 @ 14:53:35;,19044,Traffic: VEHICLE ACCIDENT -,2016-11-16 14:53:35,HORSHAM,HORSHAM RD & PROGRESS DR,1
40.1498270,-75.2202128,SOUTHERN AVE & S SPRING GARDEN ST;  AMBLER; Station 351; 2019-08-23 @ 03:10:04;,19002,EMS: SUBJECT IN PAIN,2019-08-23 03:10:04,AMBLER,SOUTHERN AVE & S SPRING GARDEN ST,1
40.1641285,-75.4764840,S COLLEGEVILLE RD & TOWN CENTER DR; UPPER PROVIDENCE; 2016-04-20 @ 20:27:38;,19426,Traffic: DISABLED VEHICLE -,2016-04-20 20:27:38,UPPER PROVIDENCE,S COLLEGEVILLE RD & TOWN CENTER DR,1
40.1563852,-75.1124763,YORK RD & LAKEVUE DR; UPPER MORELAND; 2016-04-25 @ 08:27:42-Station:STA10;,19090,Fire: FIRE ALARM,2016-04-25 08:27:42,UPPER MORELAND,YORK RD & LAKEVUE DR,1
40.2826798,-75.3549561,SCHOOLHOUSE RD & HAGEY CENTER DR;  FRANCONIA; Station 344; 2018-03-16 @ 08:03:06;,18964,EMS: RESPIRATORY EMERGENCY,2018-03-16 08:03:06,FRANCONIA,SCHOOLHOUSE RD & HAGEY CENTER DR,1
40.0945234,-75.3852384,ELLIOTT DR;  UPPER MERION; Station 317; 2018-03-01 @ 09:04:01;,19406,EMS: VEHICLE ACCIDENT,2018-03-01 09:04:01,UPPER MERION,ELLIOTT DR,1
40.1004231,-75.2070644,HEMLOCK RD & DEAD END;  SPRINGFIELD; Station 311; 2016-09-09 @ 09:17:33;,,EMS: CVA/STROKE,2016-09-09 09:17:33,SPRINGFIELD,HEMLOCK RD & DEAD END,1
39.9965810,-75.2852250,ARGYLE RD & E ATHENS AVE;  LOWER MERION; Station 313; 2016-07-24 @ 01:10:13;,19096,EMS: MEDICAL ALERT ALARM,2016-07-24 01:10:13,LOWER MERION,ARGYLE RD & E ATHENS AVE,1
40.1637301,-75.0827530,KAREN LN & BYBERRY RD;  UPPER MORELAND; Station 384; 2018-11-01 @ 20:24:08;,19040,EMS: FALL VICTIM,2018-11-01 20:24:08,UPPER MORELAND,KAREN LN & BYBERRY RD,1
40.4306131,-75.5427618,GRAVEL PIKE & MAIN ST;  UPPER HANOVER; Station 369; 2017-03-16 @ 04:00:16;,18070,EMS: CARDIAC EMERGENCY,2017-03-16 04:00:16,UPPER HANOVER,GRAVEL PIKE & MAIN ST,1
40.3403008,-75.5712826,HOFFMANSVILLE RD & LITTLE RD; NEW HANOVER; 2018-06-01 @ 16:15:55;,19472,Traffic: VEHICLE ACCIDENT -,2018-06-01 16:15:55,NEW HANOVER,HOFFMANSVILLE RD & LITTLE RD,1
40.3245473,-75.3397899,4TH ST & QUINCE DR;  FRANCONIA; Station 339; 2018-05-14 @ 22:25:03;,18969,EMS: FALL VICTIM,2018-05-14 22:25:03,FRANCONIA,4TH ST & QUINCE DR,1
40.1359443,-75.1061158,EVANS CIR & FRAZIER AVE;  UPPER MORELAND; Station 381; 2017-07-26 @ 19:56:06;,19090,EMS: HEMORRHAGING,2017-07-26 19:56:06,UPPER MORELAND,EVANS CIR & FRAZIER AVE,1
40.1666567,-75.1464961,BUSINESS CENTER DR & DRESHER RD;  HORSHAM; Station 352; 2017-06-13 @ 13:32:51;,19044,EMS: UNCONSCIOUS SUBJECT,2017-06-13 13:32:51,HORSHAM,BUSINESS CENTER DR & DRESHER RD,1
40.2290075,-75.3878525,SCHUYLKILL RD & RAMP RT724 TO RT422;  CHESTER COUNTY; Station 3A84; 2019-01-31 @ 16:08:31;,,EMS: CARBON MONOXIDE DETECTOR,2019-01-31 16:08:31,CHESTER COUNTY,SCHUYLKILL RD & RAMP RT724 TO RT422,1
40.2482782,-75.6548651,CHESTNUT ST & MANATAWNY ST;  POTTSTOWN; Station 329; 2016-06-02 @ 07:18:10;,19464,EMS: UNKNOWN MEDICAL EMERGENCY,2016-06-02 07:18:10,POTTSTOWN,CHESTNUT ST & MANATAWNY ST,1
40.2658388,-75.3563418,YODER RD & FREED RD;  LOWER SALFORD; Station 344; 2019-07-06 @ 22:33:46;,19438,EMS: NAUSEA/VOMITING,2019-07-06 22:33:46,LOWER SALFORD,YODER RD & FREED RD,1
40.0744990,-75.1295380,OLD YORK RD & CHELTEN HILLS DR; CHELTENHAM; 2017-12-24 @ 20:18:41;,19027,Traffic: VEHICLE ACCIDENT -,2017-12-24 20:18:41,CHELTENHAM,OLD YORK RD & CHELTEN HILLS DR,1
40.1175579,-75.3571428,WASHINGTON ST & ROBERTS ALY;  NORRISTOWN; Station 308A; 2018-12-08 @ 05:39:38;,19401,EMS: DIABETIC EMERGENCY,2018-12-08 05:39:38,NORRISTOWN,WASHINGTON ST & ROBERTS ALY,1
40.1214970,-75.3399048,MARSHALL ST & RR CROSSING; NORRISTOWN; 2018-12-21 @ 11:14:08-Station:STA27;,,Fire: FIRE ALARM,2018-12-21 11:14:08,NORRISTOWN,MARSHALL ST & RR CROSSING,1
40.0883549,-75.3821004,DEKALB PIKE & ALLENDALE RD; UPPER MERION; 2017-05-31 @ 16:15:12-Station:STA47;,19406,Fire: FIRE ALARM,2017-05-31 16:15:12,UPPER MERION,DEKALB PIKE & ALLENDALE RD,1
40.1259976,-75.3371007,FORNANCE ST & PINE ST;  NORRISTOWN; Station 308A; 2019-03-04 @ 13:34:31;,19401,EMS: SEIZURES,2019-03-04 13:34:31,NORRISTOWN,FORNANCE ST & PINE ST,1
40.1645552,-75.2225322,OVERLOOK RD & ARTMAN RD; AMBLER; 2020-06-03 @ 13:55:43-Station:STA7;,19002,Fire: BUILDING FIRE,2020-06-03 13:55:43,AMBLER,OVERLOOK RD & ARTMAN RD,1
40.2413204,-75.2428276,BETHLEHEM PIKE & NORTH WALES RD;  MONTGOMERY; Station 345A; 2017-02-10 @ 20:13:24;,19454,EMS: CARDIAC ARREST,2017-02-10 20:13:24,MONTGOMERY,BETHLEHEM PIKE & NORTH WALES RD,1
40.1683385,-75.1175060,ORCHARD WAY & NEWINGTON DR;  UPPER MORELAND; Station 384; 2017-10-23 @ 17:45:53;,19040,EMS: UNKNOWN MEDICAL EMERGENCY,2017-10-23 17:45:53,UPPER MORELAND,ORCHARD WAY & NEWINGTON DR,1
40.2570131,-75.3437125,DETWILER RD & GEHMAN RD; TOWAMENCIN; 2020-06-16 @ 16:09:24;,19438,Traffic: ROAD OBSTRUCTION -,2020-06-16 16:09:24,TOWAMENCIN,DETWILER RD & GEHMAN RD,1
40.1295380,-75.3246363,JOHNSON HWY & DEKALB ST;  EAST NORRITON; Station 308; 2018-12-29 @ 16:54:04;,19401,EMS: SUBJECT IN PAIN,2018-12-29 16:54:04,EAST NORRITON,JOHNSON HWY & DEKALB ST,1
40.0972222,-75.3761952,SCHUYLKILL EXPY & WEADLEY RD OVERPASS; UPPER MERION; 2019-03-02 @ 13:09:16;,,Traffic: VEHICLE ACCIDENT -,2019-03-02 13:09:16,UPPER MERION,SCHUYLKILL EXPY & WEADLEY RD OVERPASS,1
40.3082692,-75.3251391,CHESTNUT ST & WILE AVE;  SOUDERTON; Station 339; 2017-08-02 @ 20:02:36;,18964,EMS: SEIZURES,2017-08-02 20:02:36,SOUDERTON,CHESTNUT ST & WILE AVE,1
40.2750266,-75.3194289,TRUMAN DR & WASHINGTON LN;  HATFIELD TOWNSHIP; Station 345; 2017-02-23 @ 12:13:50;,19440,EMS: LACERATIONS,2017-02-23 12:13:50,HATFIELD TOWNSHIP,TRUMAN DR & WASHINGTON LN,1
40.3356266,-75.4058214,RIDGE RD;  SALFORD; Station 339; 2019-08-29 @ 17:26:32;,,EMS: UNKNOWN MEDICAL EMERGENCY,2019-08-29 17:26:32,SALFORD,RIDGE RD,1
40.2193791,-75.2164596,ARMADA CIR & THAMES DR;  MONTGOMERY; Station 345A; 2020-04-08 @ 09:47:36;,19454,EMS: SEIZURES,2020-04-08 09:47:36,MONTGOMERY,ARMADA CIR & THAMES DR,1
40.2885102,-75.5793810,ROMIG RD & PHEASANT LN;  NEW HANOVER; Station 332; 2017-03-08 @ 20:31:08;,19525,EMS: HEAD INJURY,2017-03-08 20:31:08,NEW HANOVER,ROMIG RD & PHEASANT LN,1
40.1294803,-75.4189560,EGYPT RD & BUCKWALTER RD; LOWER PROVIDENCE; 2019-12-07 @ 14:55:49-Station:STA53;,19403,Fire: BUILDING FIRE,2019-12-07 14:55:49,LOWER PROVIDENCE,EGYPT RD & BUCKWALTER RD,1
40.1231771,-75.3337165,DEKALB ST & E FORNANCE ST;  NORRISTOWN; Station 308A; 2018-03-26 @ 16:14:35;,19401,EMS: UNCONSCIOUS SUBJECT,2018-03-26 16:14:35,NORRISTOWN,DEKALB ST & E FORNANCE ST,1
40.0900654,-75.1797658,HILLCREST RD & KNOX RD;  CHELTENHAM; Station 358A; 2017-12-07 @ 23:42:47;,19038,EMS: MEDICAL ALERT ALARM,2017-12-07 23:42:47,CHELTENHAM,HILLCREST RD & KNOX RD,1
40.1764038,-75.2250294,BETHLEHEM PIKE & SPRINGWOOD LN; LOWER GWYNEDD; 2018-08-18 @ 08:30:18-Station:STA7;,19002,Fire: FIRE ALARM,2018-08-18 08:30:18,LOWER GWYNEDD,BETHLEHEM PIKE & SPRINGWOOD LN,1
40.2290075,-75.3878525,KEEN RD & DEAD END;  CHESTER COUNTY; Station 3A84; 2016-05-08 @ 21:09:15;,,EMS: RESPIRATORY EMERGENCY,2016-05-08 21:09:15,CHESTER COUNTY,KEEN RD & DEAD END,1
40.1255016,-75.3217964,NORTH HILLS DR & NATALIE LN;  NORRISTOWN; Station 308A; 2019-07-22 @ 15:54:17;,19401,EMS: RESPIRATORY EMERGENCY,2019-07-22 15:54:17,NORRISTOWN,NORTH HILLS DR & NATALIE LN,1
40.2417693,-75.6238785,ROLAND ST & SOUTH ST;  POTTSTOWN; Station 329; 2016-11-23 @ 23:51:59;,19464,EMS: OVERDOSE,2016-11-23 23:51:59,POTTSTOWN,ROLAND ST & SOUTH ST,1
40.1405049,-75.3108737,GERMANTOWN PIKE & HANNAH AVE;  EAST NORRITON; Station 308; 2017-06-04 @ 21:16:25;,19401,EMS: ASSAULT VICTIM,2017-06-04 21:16:25,EAST NORRITON,GERMANTOWN PIKE & HANNAH AVE,1
40.1786998,-75.2051086,NORRISTOWN RD & TENNIS AVE;  LOWER GWYNEDD; Station 351; 2017-01-05 @ 04:50:05;,19002,EMS: ABDOMINAL PAINS,2017-01-05 04:50:05,LOWER GWYNEDD,NORRISTOWN RD & TENNIS AVE,1
40.2381946,-75.2917120,SUSQUEHANNA AVE & PERKIOMEN AVE; LANSDALE; 2016-08-08 @ 08:50:09-Station:STA14;,19446,Fire: GAS-ODOR/LEAK,2016-08-08 08:50:09,LANSDALE,SUSQUEHANNA AVE & PERKIOMEN AVE,1
40.3206992,-75.3351734,4TH ST & ERIE AVE;  TELFORD; Station 339; 2018-12-10 @ 06:23:41;,18969,EMS: RESPIRATORY EMERGENCY,2018-12-10 06:23:41,TELFORD,4TH ST & ERIE AVE,1
40.1515666,-75.3230216,ROLAND DR & STONEY CREEK RD; EAST NORRITON; 2016-06-30 @ 09:26:46;,19401,Traffic: VEHICLE ACCIDENT -,2016-06-30 09:26:46,EAST NORRITON,ROLAND DR & STONEY CREEK RD,1
40.0701839,-75.0985717,TOWNSHIP LINE RD & CHURCH RD;  ABINGTON; Station 382; 2020-01-28 @ 04:09:06;,19027,EMS: SEIZURES,2020-01-28 04:09:06,ABINGTON,TOWNSHIP LINE RD & CHURCH RD,1
40.0956518,-75.2448770,FOX HOUND DR & MARBLE HL;  WHITEMARSH; Station 318; 2017-06-24 @ 20:50:10;,19444,EMS: ALTERED MENTAL STATUS,2017-06-24 20:50:10,WHITEMARSH,FOX HOUND DR & MARBLE HL,1
40.1259561,-75.3186219,JOHNSON HWY & NORTH HILLS DR;  NORRISTOWN; Station 308A; 2018-08-17 @ 19:18:28;,19401,EMS: UNKNOWN MEDICAL EMERGENCY,2018-08-17 19:18:28,NORRISTOWN,JOHNSON HWY & NORTH HILLS DR,1
40.2020579,-75.2554801,DEKALB PIKE & SUMNEYTOWN PIKE; LOWER GWYNEDD; 2019-07-07 @ 03:08:01-Station:STA62;,19002,Fire: FIRE ALARM,2019-07-07 03:08:01,LOWER GWYNEDD,DEKALB PIKE & SUMNEYTOWN PIKE,1
40.0493423,-75.1099892,TOOKANY CREEK PKWY & JOHNS RD; CHELTENHAM; 2017-02-24 @ 00:04:46;,19012,Traffic: VEHICLE ACCIDENT -,2017-02-24 00:04:46,CHELTENHAM,TOOKANY CREEK PKWY & JOHNS RD,1
40.2673860,-75.6311546,MEADOWVIEW DR & JUNIPER ST;  UPPER POTTSGROVE; Station 329B; 2019-05-29 @ 05:32:50;,19464,EMS: OVERDOSE,2019-05-29 05:32:50,UPPER POTTSGROVE,MEADOWVIEW DR & JUNIPER ST,1
40.2769383,-75.2795780,BRUSH HOLLOW RD & ORVILLA RD;  HATFIELD TOWNSHIP; Station 345; 2018-09-01 @ 19:08:28;,19440,EMS: ABDOMINAL PAINS,2018-09-01 19:08:28,HATFIELD TOWNSHIP,BRUSH HOLLOW RD & ORVILLA RD,1
40.2578203,-75.6242943,ADAMS ST & PARK DR;  POTTSTOWN; Station 329B; 2018-09-24 @ 09:57:58;,19464,EMS: CARDIAC EMERGENCY,2018-09-24 09:57:58,POTTSTOWN,ADAMS ST & PARK DR,1
40.1039635,-75.1473898,KESWICK AVE & ABINGTON AVE; ABINGTON; 2017-04-14 @ 11:28:56-Station:STA300;,19038,Fire: WOODS/FIELD FIRE,2017-04-14 11:28:56,ABINGTON,KESWICK AVE & ABINGTON AVE,1
40.1537919,-75.1378590,WELSH RD & TWINING RD; UPPER DUBLIN; 2017-05-13 @ 09:39:03;,19090,Traffic: VEHICLE ACCIDENT -,2017-05-13 09:39:03,UPPER DUBLIN,WELSH RD & TWINING RD,1
40.1670212,-75.2902532,DEKALB PIKE & SKIPPACK PIKE; WHITPAIN; 2017-11-06 @ 17:54:33;,19422,Traffic: VEHICLE ACCIDENT -,2017-11-06 17:54:33,WHITPAIN,DEKALB PIKE & SKIPPACK PIKE,1
40.2410527,-75.2688808,LANSDALE AVE & E 7TH ST;  LANSDALE; Station 345; 2017-12-01 @ 20:12:07;,19446,EMS: ABDOMINAL PAINS,2017-12-01 20:12:07,LANSDALE,LANSDALE AVE & E 7TH ST,1
40.0085307,-75.2524040,MONTGOMERY AVE & HAVERFORD AVE; NARBERTH; 2016-02-03 @ 07:05:44;,19072,Traffic: VEHICLE ACCIDENT -,2016-02-03 07:05:44,NARBERTH,MONTGOMERY AVE & HAVERFORD AVE,1
40.2290075,-75.3878525,VINE ST & BUTLER AVE; HATFIELD BORO; 2019-10-18 @ 20:09:21-Station:STA17;,,Fire: FIRE SPECIAL SERVICE,2019-10-18 20:09:21,HATFIELD BORO,VINE ST & BUTLER AVE,1
40.3127400,-75.3142788,BROAD ST & NOBLE ALY;  TELFORD; Station 339; 2016-06-19 @ 22:23:25;,18964,EMS: UNRESPONSIVE SUBJECT,2016-06-19 22:23:25,TELFORD,BROAD ST & NOBLE ALY,1
39.9879141,-75.2531652,E LANCASTER AVE & CHURCH RD; LOWER MERION; 2016-07-15 @ 14:51:06;,19151,Traffic: VEHICLE ACCIDENT -,2016-07-15 14:51:06,LOWER MERION,E LANCASTER AVE & CHURCH RD,1
40.1072184,-75.2825347,CORSONS LN & W GERMANTOWN PIKE; PLYMOUTH; 2020-05-14 @ 00:49:21-Station:STA44;,19462,Fire: FIRE ALARM,2020-05-14 00:49:21,PLYMOUTH,CORSONS LN & W GERMANTOWN PIKE,1
40.2849118,-75.3373970,SOUDER RD & ALLENTOWN RD; FRANCONIA; 2019-07-17 @ 21:50:42;,18964,Traffic: VEHICLE ACCIDENT -,2019-07-17 21:50:42,FRANCONIA,SOUDER RD & ALLENTOWN RD,1
40.1145789,-75.3446406,MAIN ST & SWEDE ST;  NORRISTOWN; Station 308A; 2019-12-07 @ 19:57:12;,19401,EMS: SUBJECT IN PAIN,2019-12-07 19:57:12,NORRISTOWN,MAIN ST & SWEDE ST,1
40.0125672,-75.3019694,HAVERFORD STATION RD & RR UNDERPASS; LOWER MERION; 2019-06-20 @ 18:00:40;,19041,Traffic: VEHICLE ACCIDENT -,2019-06-20 18:00:40,LOWER MERION,HAVERFORD STATION RD & RR UNDERPASS,1
40.2396723,-75.2825606,JENKINS AVE & S CHESTNUT ST;  LANSDALE; Station 345; 2019-05-17 @ 12:45:43;,19446,EMS: FALL VICTIM,2019-05-17 12:45:43,LANSDALE,JENKINS AVE & S CHESTNUT ST,1
40.2806269,-75.3011479,N MAIN ST;  HATFIELD BORO; Station 345; 2018-02-21 @ 15:47:01;,19440,EMS: S/B AT HELICOPTER LANDING,2018-02-21 15:47:01,HATFIELD BORO,N MAIN ST,1
40.0934868,-75.2530227,ARBOUR CIR & OAK LN; WHITEMARSH; 2020-04-08 @ 01:07:53-Station:STA29;,19444,Fire: CARDIAC ARREST,2020-04-08 01:07:53,WHITEMARSH,ARBOUR CIR & OAK LN,1
40.0972222,-75.3761952,SCHUYLKILL EXPY & WEADLEY RD OVERPASS; UPPER MERION; 2016-06-16 @ 20:43:35;,,Traffic: DISABLED VEHICLE -,2016-06-16 20:43:35,UPPER MERION,SCHUYLKILL EXPY & WEADLEY RD OVERPASS,1
40.4261721,-75.4817364,WASSER RD & KINGS HWY S;  LEHIGH COUNTY; Station 369; 2020-03-05 @ 14:47:23;,18041,EMS: RESPIRATORY EMERGENCY,2020-03-05 14:47:23,LEHIGH COUNTY,WASSER RD & KINGS HWY S,1
40.2290075,-75.3878525,DIAMOND ST & UNION ST;  HATFIELD BORO; Station 345; 2016-09-25 @ 17:07:58;,,EMS: GENERAL WEAKNESS,2016-09-25 17:07:58,HATFIELD BORO,DIAMOND ST & UNION ST,1
40.0134633,-75.2701060,HANSEN CT & MONTGOMERY AVE; NARBERTH; 2019-08-16 @ 09:49:01-Station:STA26;,19096,Fire: FIRE ALARM,2019-08-16 09:49:01,NARBERTH,HANSEN CT & MONTGOMERY AVE,1
40.1345727,-75.2068744,PENNSYLVANIA AVE & COMMERCE DR; WHITEMARSH; 2017-04-06 @ 13:00:47;,19034,Traffic: HAZARDOUS ROAD CONDITIONS -,2017-04-06 13:00:47,WHITEMARSH,PENNSYLVANIA AVE & COMMERCE DR,1
40.2246105,-75.5303317,DUKE CT & KNIGHT DR; LIMERICK; 2020-01-17 @ 15:24:21;,19468,Traffic: VEHICLE ACCIDENT -,2020-01-17 15:24:21,LIMERICK,DUKE CT & KNIGHT DR,1
40.2288917,-75.2367048,BETHLEHEM PIKE & KNAPP RD;  MONTGOMERY; Station 345A; 2018-01-06 @ 16:53:35;,18936,EMS: CARDIAC EMERGENCY,2018-01-06 16:53:35,MONTGOMERY,BETHLEHEM PIKE & KNAPP RD,1
40.2289875,-75.2559724,MARYANNES CT & NORAS CT; MONTGOMERY; 2016-09-02 @ 20:11:13-Station:STA18;,19454,Fire: GAS-ODOR/LEAK,2016-09-02 20:11:13,MONTGOMERY,MARYANNES CT & NORAS CT,1
40.2470749,-75.3054358,WOODLAWN DR & ALLENTOWN RD; TOWAMENCIN; 2017-09-01 @ 15:12:22;,19446,Traffic: VEHICLE ACCIDENT -,2017-09-01 15:12:22,TOWAMENCIN,WOODLAWN DR & ALLENTOWN RD,1
40.0900968,-75.1265843,OLD YORK RD & YORK RD;  ABINGTON; Station 382; 2016-08-05 @ 19:11:03;,19046,EMS: RESPIRATORY EMERGENCY,2016-08-05 19:11:03,ABINGTON,OLD YORK RD & YORK RD,1
40.2288994,-75.2624611,WELSH RD & NORTH WALES RD;  MONTGOMERY; Station 345A; 2019-04-08 @ 10:05:38;,19454,EMS: ALLERGIC REACTION,2019-04-08 10:05:38,MONTGOMERY,WELSH RD & NORTH WALES RD,1
40.0579232,-75.3355900,OLD GULPH RD & WOODFIELD RD;  LOWER MERION; Station 313A; 2016-05-16 @ 17:56:46;,19085,EMS: RESPIRATORY EMERGENCY,2016-05-16 17:56:46,LOWER MERION,OLD GULPH RD & WOODFIELD RD,1
40.0762477,-75.3638999,SCHUYLKILL EXPY & DEAD END; UPPER MERION; 2020-02-12 @ 22:13:29;,,Traffic: VEHICLE ACCIDENT -,2020-02-12 22:13:29,UPPER MERION,SCHUYLKILL EXPY & DEAD END,1
40.1017464,-75.1256677,OLD YORK RD & MADEIRA AVE; ABINGTON; 2019-07-19 @ 12:22:48;,19046,Traffic: ROAD OBSTRUCTION -,2019-07-19 12:22:48,ABINGTON,OLD YORK RD & MADEIRA AVE,1
40.2914706,-75.2659739,DOLLAR TREE; ; 2017-03-24 @ 11:16:53-Station:STA69;,19440,Fire: FIRE INVESTIGATION,2017-03-24 11:16:53,,DOLLAR TREE,1
40.0012678,-75.2263827,E CITY AVE & CONSHOHOCKEN STATE RD; LOWER MERION; 2018-03-21 @ 14:02:15;,19004,Traffic: VEHICLE ACCIDENT -,2018-03-21 14:02:15,LOWER MERION,E CITY AVE & CONSHOHOCKEN STATE RD,1
40.0792841,-75.3626305,HILLTOP DR & TOWNE PL;  UPPER MERION; Station 317; 2017-01-12 @ 03:18:16;,19406,EMS: SUBJECT IN PAIN,2017-01-12 03:18:16,UPPER MERION,HILLTOP DR & TOWNE PL,1
40.0249667,-75.2829046,SCHUYLKILL EXPY & MILL CREEK RD UNDERPASS; LOWER MERION; 2018-08-01 @ 09:53:00;,,Traffic: DISABLED VEHICLE -,2018-08-01 09:53:00,LOWER MERION,SCHUYLKILL EXPY & MILL CREEK RD UNDERPASS,1
40.1503559,-75.3412600,W GERMANTOWN PIKE;  EAST NORRITON; Station 308B; 2019-02-15 @ 13:44:55;,,EMS: VEHICLE ACCIDENT,2019-02-15 13:44:55,EAST NORRITON,W GERMANTOWN PIKE,1
40.0698321,-75.3162951,SCHUYLKILL EXPY & RAMP I476 SB TO I76 EB; WEST CONSHOHOCKEN; 2019-06-14 @ 07:55:56;,,Traffic: DISABLED VEHICLE -,2019-06-14 07:55:56,WEST CONSHOHOCKEN,SCHUYLKILL EXPY & RAMP I476 SB TO I76 EB,1
40.2028418,-75.1246290,W COUNTY LINE RD & MAPLE AVE; HORSHAM; 2019-08-24 @ 07:50:21;,18974,Traffic: VEHICLE ACCIDENT -,2019-08-24 07:50:21,HORSHAM,W COUNTY LINE RD & MAPLE AVE,1
40.2577860,-75.6278876,WARREN ST & GRACE ST;  POTTSTOWN; Station 329B; 2019-10-27 @ 02:58:31;,19464,EMS: ALTERED MENTAL STATUS,2019-10-27 02:58:31,POTTSTOWN,WARREN ST & GRACE ST,1
40.1141239,-75.4684414,PAWLINGS RD & GERTRUDE AVE; LOWER PROVIDENCE; 2019-03-30 @ 16:46:55;,19460,Traffic: VEHICLE ACCIDENT -,2019-03-30 16:46:55,LOWER PROVIDENCE,PAWLINGS RD & GERTRUDE AVE,1
40.1169230,-75.1374440,EASTON RD & BRADFIELD RD; ABINGTON; 2016-04-01 @ 17:23:08-Station:STA500;,19001,Fire: FIRE ALARM,2016-04-01 17:23:08,ABINGTON,EASTON RD & BRADFIELD RD,1
40.1541096,-75.2986101,WICK LN & SPRUCE ST;  WHITPAIN; Station 385; 2016-08-19 @ 16:42:34;,19422,EMS: FALL VICTIM,2016-08-19 16:42:34,WHITPAIN,WICK LN & SPRUCE ST,1
40.1847975,-75.2868790,TWIN SILO DR & MORRIS RD;  WHITPAIN; Station 385; 2016-02-28 @ 21:36:16;,19422,EMS: CARDIAC EMERGENCY,2016-02-28 21:36:16,WHITPAIN,TWIN SILO DR & MORRIS RD,1
40.1221838,-75.2171866,CAMP HILL RD & BETHLEHEM PIKE; WHITEMARSH; 2017-10-28 @ 22:37:52;,19034,Traffic: VEHICLE ACCIDENT -,2017-10-28 22:37:52,WHITEMARSH,CAMP HILL RD & BETHLEHEM PIKE,1
40.1090929,-75.2726447,BUTLER PIKE & FLOURTOWN RD; WHITEMARSH; 2017-07-05 @ 14:28:46;,19462,Traffic: DISABLED VEHICLE -,2017-07-05 14:28:46,WHITEMARSH,BUTLER PIKE & FLOURTOWN RD,1
40.2144696,-75.2231541,BAYHILL DR & ENCLAVE BLVD;  MONTGOMERY; Station 345A; 2017-01-10 @ 23:39:49;,19454,EMS: HEMORRHAGING,2017-01-10 23:39:49,MONTGOMERY,BAYHILL DR & ENCLAVE BLVD,1
40.0249667,-75.2829046,SCHUYLKILL EXPY & MILL CREEK RD UNDERPASS; LOWER MERION; 2019-10-04 @ 17:30:43;,,Traffic: VEHICLE ACCIDENT -,2019-10-04 17:30:43,LOWER MERION,SCHUYLKILL EXPY & MILL CREEK RD UNDERPASS,1
40.0249667,-75.2829046,LANCASTER AVE & WOOD CIR; LOWER MERION; 2018-03-12 @ 10:09:33;,,Traffic: DISABLED VEHICLE -,2018-03-12 10:09:33,LOWER MERION,LANCASTER AVE & WOOD CIR,1
40.0701839,-75.0985717,CHURCH RD & TOWNSHIP LINE RD; ABINGTON; 2019-10-08 @ 21:07:31;,19027,Traffic: DISABLED VEHICLE -,2019-10-08 21:07:31,ABINGTON,CHURCH RD & TOWNSHIP LINE RD,1
40.0063830,-75.2458400,BOWMAN AVE & MONTGOMERY AVE; LOWER MERION; 2019-07-24 @ 17:54:58;,19066,Traffic: VEHICLE ACCIDENT -,2019-07-24 17:54:58,LOWER MERION,BOWMAN AVE & MONTGOMERY AVE,1
40.0246100,-75.3247469,LANCASTER AVE & WATER ST; LOWER MERION; 2015-12-23 @ 11:25:13-Station:STA23;,19010,Fire: FIRE ALARM,2015-12-23 11:25:13,LOWER MERION,LANCASTER AVE & WATER ST,1
40.2228820,-75.3987889,PRISON RD & PIGGERY RD;  SKIPPACK; Station 336; 2016-10-09 @ 13:59:09;,,EMS: CARDIAC EMERGENCY,2016-10-09 13:59:09,SKIPPACK,PRISON RD & PIGGERY RD,1
40.2554207,-75.5866941,PLEASANT VIEW RD & DONNA LN; LOWER POTTSGROVE; 2020-06-30 @ 14:43:50;,19464,Traffic: DISABLED VEHICLE -,2020-06-30 14:43:50,LOWER POTTSGROVE,PLEASANT VIEW RD & DONNA LN,1
40.2488883,-75.6818990,RT422 BYP & LAURELWOOD RD UNDERPASS; WEST POTTSGROVE; 2016-12-01 @ 07:22:01;,,Traffic: ROAD OBSTRUCTION -,2016-12-01 07:22:01,WEST POTTSGROVE,RT422 BYP & LAURELWOOD RD UNDERPASS,1
40.0972222,-75.3761952,SCHUYLKILL EXPY & WEADLEY RD OVERPASS;  UPPER MERION; Station 317; 2018-10-05 @ 19:08:30;,,EMS: VEHICLE ACCIDENT,2018-10-05 19:08:30,UPPER MERION,SCHUYLKILL EXPY & WEADLEY RD OVERPASS,1
40.2468310,-75.2924826,MAIN ST & S MITCHELL AVE;  LANSDALE; Station 345; 2018-01-19 @ 10:16:33;,19446,EMS: FALL VICTIM,2018-01-19 10:16:33,LANSDALE,MAIN ST & S MITCHELL AVE,1
40.2391632,-75.3045683,VALLEY FORGE RD & BOYD AVE;  UPPER GWYNEDD; Station 345B; 2019-01-05 @ 02:11:20;,19446,EMS: RESPIRATORY EMERGENCY,2019-01-05 02:11:20,UPPER GWYNEDD,VALLEY FORGE RD & BOYD AVE,1
40.1037063,-75.3312202,E 4TH ST & COATES ST; BRIDGEPORT; 2018-06-11 @ 00:52:44;,19405,Traffic: HAZARDOUS ROAD CONDITIONS -,2018-06-11 00:52:44,BRIDGEPORT,E 4TH ST & COATES ST,1
40.1483133,-75.1286095,MORELAND RD & MADISON RD;  UPPER MORELAND; Station 381; 2020-05-03 @ 05:29:47;,19090,EMS: ASSAULT VICTIM,2020-05-03 05:29:47,UPPER MORELAND,MORELAND RD & MADISON RD,1
40.2060806,-75.2246178,BETHLEHEM PIKE & WELSH RD;  HORSHAM; Station 352; 2017-07-13 @ 22:50:51;,19454,EMS: FRACTURE,2017-07-13 22:50:51,HORSHAM,BETHLEHEM PIKE & WELSH RD,1
40.1262216,-75.2563837,W BUTLER PIKE & STENTON AVE; WHITPAIN; 2016-09-14 @ 19:28:44;,19462,Traffic: VEHICLE ACCIDENT -,2016-09-14 19:28:44,WHITPAIN,W BUTLER PIKE & STENTON AVE,1
40.2639750,-75.6389379,WILLOW ST & MULBERRY ST;  UPPER POTTSGROVE; Station 329B; 2017-04-07 @ 19:25:22;,19464,EMS: HEAD INJURY,2017-04-07 19:25:22,UPPER POTTSGROVE,WILLOW ST & MULBERRY ST,1
40.2290075,-75.3878525,MAIN ST & TOWAMENCIN AVE;  HATFIELD BORO; Station 345; 2017-01-24 @ 13:08:12;,,EMS: UNCONSCIOUS SUBJECT,2017-01-24 13:08:12,HATFIELD BORO,MAIN ST & TOWAMENCIN AVE,1
40.1093539,-75.1450194,JENKINTOWN RD & EASTON RD; ABINGTON; 2016-09-23 @ 09:08:58;,19038,Traffic: VEHICLE ACCIDENT -,2016-09-23 09:08:58,ABINGTON,JENKINTOWN RD & EASTON RD,1
40.1463744,-75.1760728,SUSQUEHANNA RD & CAMP HILL RD; UPPER DUBLIN; 2016-11-07 @ 07:46:27;,19025,Traffic: DISABLED VEHICLE -,2016-11-07 07:46:27,UPPER DUBLIN,SUSQUEHANNA RD & CAMP HILL RD,1
39.9819800,-75.2707350,HAVERFORD RD & GREYWALL LN; LOWER MERION; 2016-04-19 @ 11:33:00-Station:STA21;,19096,Fire: FIRE ALARM,2016-04-19 11:33:00,LOWER MERION,HAVERFORD RD & GREYWALL LN,1
40.0216084,-75.3209564,OLD LANCASTER RD & SUMMIT GROVE AVE;  LOWER MERION; Station 313; 2016-04-14 @ 07:31:17;,19010,EMS: SYNCOPAL EPISODE,2016-04-14 07:31:17,LOWER MERION,OLD LANCASTER RD & SUMMIT GROVE AVE,1
40.3113943,-75.3105026,SCHOOL LN & E GARFIELD AVE;  SOUDERTON; Station 339; 2019-03-03 @ 01:44:34;,18964,EMS: DIABETIC EMERGENCY,2019-03-03 01:44:34,SOUDERTON,SCHOOL LN & E GARFIELD AVE,1
40.2488883,-75.6818990,RT422 BYP & RAMP S GROSSTOWN RD TO RT422 WB; WEST POTTSGROVE; 2016-10-31 @ 00:06:51;,19464,Traffic: DISABLED VEHICLE -,2016-10-31 00:06:51,WEST POTTSGROVE,RT422 BYP & RAMP S GROSSTOWN RD TO RT422 WB,1
40.0413022,-75.2908159,ROCK CREEK RD & WAVERLY RD;  LOWER MERION; Station 313; 2020-06-19 @ 18:09:41;,19035,EMS: HEAD INJURY,2020-06-19 18:09:41,LOWER MERION,ROCK CREEK RD & WAVERLY RD,1
40.1034696,-75.1623691,MONTIER RD & CLAYTON RD; CHELTENHAM; 2018-06-07 @ 14:46:28-Station:STA1;,19038,Fire: FIRE ALARM,2018-06-07 14:46:28,CHELTENHAM,MONTIER RD & CLAYTON RD,1
40.2456797,-75.6504860,HIGH ST & S HANOVER ST; POTTSTOWN; 2017-08-11 @ 20:45:06-Station:STA69;,19464,Fire: FIRE SPECIAL SERVICE,2017-08-11 20:45:06,POTTSTOWN,HIGH ST & S HANOVER ST,1
40.1257094,-75.1414680,SUSQUEHANNA RD & JOHNSTON AVE; ABINGTON; 2018-02-20 @ 10:18:02;,19038,Traffic: VEHICLE ACCIDENT -,2018-02-20 10:18:02,ABINGTON,SUSQUEHANNA RD & JOHNSTON AVE,1
40.1380185,-75.1132270,OLD YORK RD & STRATFORD AVE; ABINGTON; 2018-01-25 @ 13:39:50;,19001,Traffic: DISABLED VEHICLE -,2018-01-25 13:39:50,ABINGTON,OLD YORK RD & STRATFORD AVE,1
40.0859210,-75.3576228,CHURCH RD & S HENDERSON RD;  UPPER MERION; Station 317; 2019-02-25 @ 15:53:05;,19406,EMS: DIABETIC EMERGENCY,2019-02-25 15:53:05,UPPER MERION,CHURCH RD & S HENDERSON RD,1
40.0872296,-75.3053102,COLWELL LN & PLEASANT VALLEY DR;  PLYMOUTH; Station 308; 2019-02-21 @ 12:01:07;,19428,EMS: CARDIAC EMERGENCY,2019-02-21 12:01:07,PLYMOUTH,COLWELL LN & PLEASANT VALLEY DR,1
40.0203725,-75.3092584,W MONTGOMERY AVE & PENNSWOOD RD; LOWER MERION; 2016-04-27 @ 08:26:25;,19041,Traffic: VEHICLE ACCIDENT -,2016-04-27 08:26:25,LOWER MERION,W MONTGOMERY AVE & PENNSWOOD RD,1
40.2890267,-75.3995896,MAIN ST & OLD SUMNEYTOWN PIKE;  LOWER SALFORD; Station 344; 2019-04-30 @ 21:57:07;,19438,EMS: HEMORRHAGING,2019-04-30 21:57:07,LOWER SALFORD,MAIN ST & OLD SUMNEYTOWN PIKE,1
40.1522357,-75.3486116,GERMANTOWN PIKE & WHITEHALL RD; EAST NORRITON; 2017-04-28 @ 23:05:43-Station:STA61;,19403,Fire: FIRE ALARM,2017-04-28 23:05:43,EAST NORRITON,GERMANTOWN PIKE & WHITEHALL RD,1
40.2459317,-75.6440859,FRANKLIN ST & KING ST;  POTTSTOWN; Station 329; 2016-01-20 @ 06:46:31;,19464,EMS: UNRESPONSIVE SUBJECT,2016-01-20 06:46:31,POTTSTOWN,FRANKLIN ST & KING ST,1
39.9956287,-75.2640678,BOWMAN AVE & CHARLES LN; LOWER MERION; 2018-09-09 @ 15:57:33-Station:STA26;,19096,Fire: FIRE ALARM,2018-09-09 15:57:33,LOWER MERION,BOWMAN AVE & CHARLES LN,1
40.0254631,-75.3148342,MERION AVE & YARROW ST;  LOWER MERION; Station 313; 2018-10-06 @ 12:07:49;,19010,EMS: SYNCOPAL EPISODE,2018-10-06 12:07:49,LOWER MERION,MERION AVE & YARROW ST,1
40.2253013,-75.2339509,BETHLEHEM PIKE & STUMP RD; MONTGOMERY; 2019-08-14 @ 18:20:38;,18936,Traffic: ROAD OBSTRUCTION -,2019-08-14 18:20:38,MONTGOMERY,BETHLEHEM PIKE & STUMP RD,1
40.1130613,-75.1192289,SUSQUEHANNA RD & HUNTINGDON RD;  ABINGTON; Station 381; 2020-01-17 @ 10:00:25;,19046,EMS: GENERAL WEAKNESS,2020-01-17 10:00:25,ABINGTON,SUSQUEHANNA RD & HUNTINGDON RD,1
40.2506706,-75.2571099,KNOLLWOOD DR & MEADOWOOD DR;  MONTGOMERY; Station 345; 2018-01-17 @ 12:39:00;,19446,EMS: SYNCOPAL EPISODE,2018-01-17 12:39:00,MONTGOMERY,KNOLLWOOD DR & MEADOWOOD DR,1
40.3145367,-75.3528779,EXTENSION PENNSYLVANIA TPKE & MORWOOD RD OVERPASS; FRANCONIA; 2018-06-20 @ 19:03:29;,,Traffic: DISABLED VEHICLE -,2018-06-20 19:03:29,FRANCONIA,EXTENSION PENNSYLVANIA TPKE & MORWOOD RD OVERPASS,1
40.2290075,-75.3878525,NO LOCATION - NEIGHBORING COUNTY;  BERKS COUNTY; Station EMS; 2017-06-30 @ 16:25:28;,,EMS: VEHICLE ACCIDENT,2017-06-30 16:25:28,BERKS COUNTY,NO LOCATION - NEIGHBORING COUNTY,1
40.1829511,-75.1160776,BLAIR MILL RD & W MORELAND AVE; UPPER MORELAND; 2016-05-26 @ 20:13:06;,19040,Traffic: VEHICLE ACCIDENT -,2016-05-26 20:13:06,UPPER MORELAND,BLAIR MILL RD & W MORELAND AVE,1
40.2290075,-75.3878525,RT422  & 1ST AVE RAMP OVERPASS; CHESTER COUNTY; 2018-08-13 @ 11:59:42;,,Traffic: VEHICLE FIRE -,2018-08-13 11:59:42,CHESTER COUNTY,RT422  & 1ST AVE RAMP OVERPASS,1
39.9966410,-75.2635854,SHORTRIDGE DR & REMINGTON RD; LOWER MERION; 2019-10-15 @ 10:18:50-Station:STA26;,19096,Fire: FIRE ALARM,2019-10-15 10:18:50,LOWER MERION,SHORTRIDGE DR & REMINGTON RD,1
40.1933967,-75.1580487,ENTERPRISE RD & PRIVET RD;  HORSHAM; Station 352A; 2020-01-16 @ 12:57:05;,19044,EMS: ABDOMINAL PAINS,2020-01-16 12:57:05,HORSHAM,ENTERPRISE RD & PRIVET RD,1
40.1251671,-75.0629091,HUNTINGDON PIKE & RED LION RD; LOWER MORELAND; 2016-07-25 @ 20:27:30;,19006,Traffic: DISABLED VEHICLE -,2016-07-25 20:27:30,LOWER MORELAND,HUNTINGDON PIKE & RED LION RD,1
40.1517741,-75.3365695,MARION AVE & DEAD END;  EAST NORRITON; Station 308B; 2018-06-07 @ 06:54:45;,,EMS: LACERATIONS,2018-06-07 06:54:45,EAST NORRITON,MARION AVE & DEAD END,1
40.2444861,-75.6001923,HIGH ST & SUNNYSIDE AVE; LOWER POTTSGROVE; 2018-11-12 @ 08:07:41;,19464,Traffic: DISABLED VEHICLE -,2018-11-12 08:07:41,LOWER POTTSGROVE,HIGH ST & SUNNYSIDE AVE,1
40.0793009,-75.3020933,7TH AVE & FORREST ST; CONSHOHOCKEN; 2019-11-25 @ 04:26:30-Station:STA36;,19428,Fire: FIRE ALARM,2019-11-25 04:26:30,CONSHOHOCKEN,7TH AVE & FORREST ST,1
40.0730140,-75.1316260,OLD YORK RD & SPRING AVE;  CHELTENHAM; Station 358; 2016-01-15 @ 16:00:45;,19027,EMS: FALL VICTIM,2016-01-15 16:00:45,CHELTENHAM,OLD YORK RD & SPRING AVE,1
40.0018020,-75.2775100,LANCASTER AVE & W OLD WYNNEWOOD RD; LOWER MERION; 2020-05-19 @ 10:23:30-Station:STA25;,19096,Fire: GAS-ODOR/LEAK,2020-05-19 10:23:30,LOWER MERION,LANCASTER AVE & W OLD WYNNEWOOD RD,1
40.2315111,-75.6545599,URNER ST & S HANOVER ST;  CHESTER COUNTY; Station 3A84; 2019-03-24 @ 02:58:20;,19465,EMS: RESPIRATORY EMERGENCY,2019-03-24 02:58:20,CHESTER COUNTY,URNER ST & S HANOVER ST,1
40.2700149,-75.4896066,YERGER RD & GERLOFF RD;  LOWER FREDERICK; Station 308C; 2020-07-26 @ 20:56:07;,19473,EMS: SYNCOPAL EPISODE,2020-07-26 20:56:07,LOWER FREDERICK,YERGER RD & GERLOFF RD,1
40.2189975,-75.4535691,GRAVEL PIKE & HIGH SCHOOL DR; PERKIOMEN; 2018-02-16 @ 02:19:01-Station:STA66;,19426,Fire: BUILDING FIRE,2018-02-16 02:19:01,PERKIOMEN,GRAVEL PIKE & HIGH SCHOOL DR,1
40.1886102,-75.3543245,VALLEY FORGE RD & HEEBNER RD; WORCESTER; 2019-03-04 @ 18:48:57;,19426,Traffic: VEHICLE ACCIDENT -,2019-03-04 18:48:57,WORCESTER,VALLEY FORGE RD & HEEBNER RD,1
40.1074003,-75.1132060,THE FAIRWAY  & RYDAL RD;  ABINGTON; Station 382; 2017-05-19 @ 12:09:34;,19046,EMS: SUBJECT IN PAIN,2017-05-19 12:09:34,ABINGTON,THE FAIRWAY  & RYDAL RD,1
40.2754068,-75.2449154,COUNTY LINE RD & WALNUT ST; HATFIELD TOWNSHIP; 2017-06-20 @ 16:13:46;,18914,Traffic: VEHICLE ACCIDENT -,2017-06-20 16:13:46,HATFIELD TOWNSHIP,COUNTY LINE RD & WALNUT ST,1
40.1218989,-75.2886415,WALTON RD & W GERMANTOWN PIKE;  PLYMOUTH; Station 308; 2019-10-17 @ 12:34:09;,19462,EMS: ALLERGIC REACTION,2019-10-17 12:34:09,PLYMOUTH,WALTON RD & W GERMANTOWN PIKE,1
40.2535265,-75.6515020,5TH ST & JOHNSON ST;  POTTSTOWN; Station 329; 2016-03-21 @ 08:59:51;,19464,EMS: CARDIAC EMERGENCY,2016-03-21 08:59:51,POTTSTOWN,5TH ST & JOHNSON ST,1
40.0782759,-75.2498518,RIDGE PIKE & BARREN HILL RD;  WHITEMARSH; Station 318; 2018-01-22 @ 17:15:36;,19444,EMS: HEAD INJURY,2018-01-22 17:15:36,WHITEMARSH,RIDGE PIKE & BARREN HILL RD,1
40.1183720,-75.3518780,MAIN ST & GEORGE ST;  NORRISTOWN; Station 308A; 2019-04-27 @ 21:33:51;,19401,EMS: UNKNOWN MEDICAL EMERGENCY,2019-04-27 21:33:51,NORRISTOWN,MAIN ST & GEORGE ST,1
40.2711494,-75.6134790,WHITE PINE LN & N CHARLOTTE ST;  LOWER POTTSGROVE; Station 329B; 2017-11-30 @ 06:11:14;,19464,EMS: FALL VICTIM,2017-11-30 06:11:14,LOWER POTTSGROVE,WHITE PINE LN & N CHARLOTTE ST,1
40.1573588,-75.4041865,RIDGE PIKE & EAGLE STREAM DR; LOWER PROVIDENCE; 2017-09-12 @ 15:40:50;,19403,Traffic: VEHICLE ACCIDENT -,2017-09-12 15:40:50,LOWER PROVIDENCE,RIDGE PIKE & EAGLE STREAM DR,1
40.2394356,-75.2362381,AVENEL BLVD & DEAD END; MONTGOMERY; 2020-06-23 @ 10:40:43-Station:STA18;,,Fire: FIRE ALARM,2020-06-23 10:40:43,MONTGOMERY,AVENEL BLVD & DEAD END,1
40.2288994,-75.2624611,WELSH RD & NORTH WALES RD; MONTGOMERY; 2018-05-11 @ 18:08:54;,19454,Traffic: VEHICLE ACCIDENT -,2018-05-11 18:08:54,MONTGOMERY,WELSH RD & NORTH WALES RD,1
40.2644844,-75.6492695,RT100 SB & N STATE ST; UPPER POTTSGROVE; 2016-11-29 @ 17:40:27;,19464,Traffic: ROAD OBSTRUCTION -,2016-11-29 17:40:27,UPPER POTTSGROVE,RT100 SB & N STATE ST,1
40.2387237,-75.5785160,EVERGREEN RD & W LIGHTCAP RD;  LOWER POTTSGROVE; Station 329; 2018-09-05 @ 10:12:31;,19464,EMS: CARDIAC EMERGENCY,2018-09-05 10:12:31,LOWER POTTSGROVE,EVERGREEN RD & W LIGHTCAP RD,1
40.0912407,-75.3359417,GLENNIE CIR; UPPER MERION; 2016-04-04 @ 04:58:46-Station:STA48;,19406,Fire: ELECTRICAL FIRE OUTSIDE,2016-04-04 04:58:46,UPPER MERION,GLENNIE CIR,1
40.2926316,-75.3461516,LOWER RD & FORMAN RD;  FRANCONIA; Station 339; 2016-09-29 @ 07:35:27;,18964,EMS: BACK PAINS/INJURY,2016-09-29 07:35:27,FRANCONIA,LOWER RD & FORMAN RD,1
40.0052522,-75.2857609,LANCASTER AVE & S CHURCH RD; LOWER MERION; 2016-11-06 @ 20:07:33-Station:STA25;,19003,Fire: FIRE ALARM,2016-11-06 20:07:33,LOWER MERION,LANCASTER AVE & S CHURCH RD,1
40.2530003,-75.2912437,VALLEY FORGE RD & W 6TH ST;  LANSDALE; Station 345; 2018-12-07 @ 00:12:41;,19446,EMS: CVA/STROKE,2018-12-07 00:12:41,LANSDALE,VALLEY FORGE RD & W 6TH ST,1
40.0972222,-75.3761952,SCHUYLKILL EXPY & RR OVERPASS; UPPER MERION; 2017-12-09 @ 13:57:14;,,Traffic: VEHICLE FIRE -,2017-12-09 13:57:14,UPPER MERION,SCHUYLKILL EXPY & RR OVERPASS,1
40.3941297,-75.5012100,POTTSTOWN AVE & WASHINGTON ST; PENNSBURG; 2020-07-18 @ 11:11:08;,18073,Traffic: VEHICLE ACCIDENT -,2020-07-18 11:11:08,PENNSBURG,POTTSTOWN AVE & WASHINGTON ST,1
40.3820596,-75.4373195,CAMPBELL RD & UPPER RIDGE RD;  MARLBOROUGH; Station 344A; 2020-07-22 @ 16:13:02;,18073,EMS: FALL VICTIM,2020-07-22 16:13:02,MARLBOROUGH,CAMPBELL RD & UPPER RIDGE RD,1
40.1214970,-75.3399048,DEKALB ST & FALLS VIEW DR; NORRISTOWN; 2018-12-10 @ 09:12:48-Station:STA27;,,Fire: BUILDING FIRE,2018-12-10 09:12:48,NORRISTOWN,DEKALB ST & FALLS VIEW DR,1
40.0092254,-75.2861678,MONTGOMERY AVE & EDGEWOOD RD;  LOWER MERION; Station 313; 2016-07-05 @ 22:03:49;,19003,EMS: HEMORRHAGING,2016-07-05 22:03:49,LOWER MERION,MONTGOMERY AVE & EDGEWOOD RD,1
40.1886102,-75.3543245,HEEBNER RD & VALLEY FORGE RD;  WORCESTER; Station 322; 2019-11-20 @ 23:12:20;,19426,EMS: RESPIRATORY EMERGENCY,2019-11-20 23:12:20,WORCESTER,HEEBNER RD & VALLEY FORGE RD,1
40.2488099,-75.6435193,BEECH ST & N FRANKLIN ST; POTTSTOWN; 2018-09-28 @ 07:43:43;,19464,Traffic: HAZARDOUS ROAD CONDITIONS -,2018-09-28 07:43:43,POTTSTOWN,BEECH ST & N FRANKLIN ST,1
40.1695156,-75.0686708,COUNTY LINE RD & SHOEMAKER RD; UPPER MORELAND; 2018-11-04 @ 20:19:46-Station:STA10;,19006,Fire: FIRE ALARM,2018-11-04 20:19:46,UPPER MORELAND,COUNTY LINE RD & SHOEMAKER RD,1
40.2891155,-75.2826275,NORTH PENN RD & CRYSTAL DR;  HATFIELD TOWNSHIP; Station 345; 2019-11-30 @ 09:49:34;,19440,EMS: FRACTURE,2019-11-30 09:49:34,HATFIELD TOWNSHIP,NORTH PENN RD & CRYSTAL DR,1
40.1203536,-75.3549840,STANBRIDGE ST & W AIRY ST;  NORRISTOWN; Station 308A; 2017-01-02 @ 06:09:03;,19401,EMS: FALL VICTIM,2017-01-02 06:09:03,NORRISTOWN,STANBRIDGE ST & W AIRY ST,1
40.1607092,-75.1495402,WELSH RD & DRESHERTOWN RD; UPPER DUBLIN; 2016-02-03 @ 18:52:31;,19025,Traffic: HAZARDOUS ROAD CONDITIONS -,2016-02-03 18:52:31,UPPER DUBLIN,WELSH RD & DRESHERTOWN RD,1
40.0934456,-75.2582279,CENTER AVE & 1ST ST;  WHITEMARSH; Station 318; 2017-05-10 @ 08:51:56;,19444,EMS: CARDIAC EMERGENCY,2017-05-10 08:51:56,WHITEMARSH,CENTER AVE & 1ST ST,1
40.1018105,-75.3718424,GODDARD BLVD & VALLEY GREEN LN; UPPER MERION; 2020-04-03 @ 16:21:04-Station:STA56;,19406,Fire: ELEVATOR EMERGENCY,2020-04-03 16:21:04,UPPER MERION,GODDARD BLVD & VALLEY GREEN LN,1
40.2595194,-75.6136019,KEIM ST & BUCHERT RD;  LOWER POTTSGROVE; Station 329; 2016-12-02 @ 22:36:04;,19464,EMS: FALL VICTIM,2016-12-02 22:36:04,LOWER POTTSGROVE,KEIM ST & BUCHERT RD,1
40.2480756,-75.3351086,WYNCOTE CT & WILLIAMSBURG WAY;  TOWAMENCIN; Station 345B; 2015-12-25 @ 06:51:07;,19446,EMS: RESPIRATORY EMERGENCY,2015-12-25 06:51:07,TOWAMENCIN,WYNCOTE CT & WILLIAMSBURG WAY,1
40.1550603,-75.1022513,DAVISVILLE RD & PENNYPACK RD;  UPPER MORELAND; Station 381; 2017-02-04 @ 22:16:13;,19040,EMS: RESPIRATORY EMERGENCY,2017-02-04 22:16:13,UPPER MORELAND,DAVISVILLE RD & PENNYPACK RD,1
40.1131038,-75.2923672,PLYMOUTH RD & EAGLE DR; PLYMOUTH; 2020-02-21 @ 23:28:32-Station:STA44;,19462,Fire: CARBON MONOXIDE DETECTOR,2020-02-21 23:28:32,PLYMOUTH,PLYMOUTH RD & EAGLE DR,1
40.0766793,-75.1444028,ASHBOURNE RD & SPRING AVE;  CHELTENHAM; Station 358; 2016-12-24 @ 21:58:02;,19027,EMS: MEDICAL ALERT ALARM,2016-12-24 21:58:02,CHELTENHAM,ASHBOURNE RD & SPRING AVE,1
40.2440688,-75.6305814,HIGH ST & GREEN ST;  POTTSTOWN; Station 329; 2016-03-03 @ 09:18:36;,19464,EMS: UNCONSCIOUS SUBJECT,2016-03-03 09:18:36,POTTSTOWN,HIGH ST & GREEN ST,1
40.2890267,-75.3995896,MAIN ST & OLD SUMNEYTOWN PIKE;  LOWER SALFORD; Station 344; 2016-08-31 @ 17:53:01;,19438,EMS: HEAD INJURY,2016-08-31 17:53:01,LOWER SALFORD,MAIN ST & OLD SUMNEYTOWN PIKE,1
40.1013300,-75.2954510,GALLAGHER RD & SEVEN STARS LN; PLYMOUTH; 2017-05-08 @ 12:33:38;,19428,Traffic: VEHICLE ACCIDENT -,2017-05-08 12:33:38,PLYMOUTH,GALLAGHER RD & SEVEN STARS LN,1
40.0749325,-75.3699713,MALLARD RD & CRESTLINK RD;  UPPER MERION; Station 317; 2019-05-06 @ 11:00:21;,19087,EMS: FALL VICTIM,2019-05-06 11:00:21,UPPER MERION,MALLARD RD & CRESTLINK RD,1
40.2449124,-75.6443631,HIGH ST & S FRANKLIN ST;  POTTSTOWN; Station 329; 2017-10-17 @ 22:52:13;,19464,EMS: SUBJECT IN PAIN,2017-10-17 22:52:13,POTTSTOWN,HIGH ST & S FRANKLIN ST,1
40.0052420,-75.2182840,CITY AVE & KINGS GRANT DR;  LOWER MERION; Station 313; 2016-03-25 @ 12:06:49;,19004,EMS: SYNCOPAL EPISODE,2016-03-25 12:06:49,LOWER MERION,CITY AVE & KINGS GRANT DR,1
40.0639246,-75.0901498,RYERS AVE & JEFFERSON AVE; CHELTENHAM; 2016-02-18 @ 21:36:38-Station:STA4;,19012,Fire: GAS-ODOR/LEAK,2016-02-18 21:36:38,CHELTENHAM,RYERS AVE & JEFFERSON AVE,1
40.2643579,-75.2897264,DEER RUN RD & SCHWAB RD;  HATFIELD TOWNSHIP; Station 345; 2018-02-27 @ 15:10:02;,19440,EMS: GENERAL WEAKNESS,2018-02-27 15:10:02,HATFIELD TOWNSHIP,DEER RUN RD & SCHWAB RD,1
40.2650224,-75.2756710,COWPATH RD & LINE LEXINGTON RD; HATFIELD TOWNSHIP; 2018-12-05 @ 14:23:28;,19440,Traffic: VEHICLE ACCIDENT -,2018-12-05 14:23:28,HATFIELD TOWNSHIP,COWPATH RD & LINE LEXINGTON RD,1
40.2370798,-75.2890858,HANCOCK ST & WEIGNER ST; LANSDALE; 2016-04-10 @ 14:35:35-Station:STA14;,19446,Fire: GAS-ODOR/LEAK,2016-04-10 14:35:35,LANSDALE,HANCOCK ST & WEIGNER ST,1
40.0553244,-75.3512069,GULPH CREEK DR & S COUNTY LINE RD; UPPER MERION; 2017-01-05 @ 08:55:19-Station:STA48;,19087,Fire: ANIMAL COMPLAINT,2017-01-05 08:55:19,UPPER MERION,GULPH CREEK DR & S COUNTY LINE RD,1
40.2212266,-75.2887369,EXTENSION PENNSYLVANIA TPKE & MORRIS RD OVERPASS; UPPER GWYNEDD; 2018-06-03 @ 18:40:08;,,Traffic: VEHICLE FIRE -,2018-06-03 18:40:08,UPPER GWYNEDD,EXTENSION PENNSYLVANIA TPKE & MORRIS RD OVERPASS,1
40.1802242,-75.4898405,TAWNYBERRY LN & PAPERBIRCH DR; UPPER PROVIDENCE; 2016-11-23 @ 10:15:11-Station:STA77;,19426,Fire: GAS-ODOR/LEAK,2016-11-23 10:15:11,UPPER PROVIDENCE,TAWNYBERRY LN & PAPERBIRCH DR,1
40.1783114,-75.0831744,PENNSYLVANIA TPKE & COUNTY LINE RD OVERPASS; UPPER MORELAND; 2019-06-11 @ 09:05:05;,,Traffic: VEHICLE ACCIDENT -,2019-06-11 09:05:05,UPPER MORELAND,PENNSYLVANIA TPKE & COUNTY LINE RD OVERPASS,1
40.2304548,-75.6339815,WORTH BLVD & TYSON ST;  CHESTER COUNTY; Station 3A84; 2016-05-27 @ 21:44:04;,19465,EMS: OVERDOSE,2016-05-27 21:44:04,CHESTER COUNTY,WORTH BLVD & TYSON ST,1
40.0922359,-75.1621002,LIMEKILN PIKE;  CHELTENHAM; Station 358A; 2018-11-27 @ 18:44:26;,,EMS: VEHICLE ACCIDENT,2018-11-27 18:44:26,CHELTENHAM,LIMEKILN PIKE,1
40.0249667,-75.2829046,SCHUYLKILL EXPY & BELMONT AVE UNDERPASS; LOWER MERION; 2017-01-22 @ 17:37:56;,,Traffic: VEHICLE ACCIDENT -,2017-01-22 17:37:56,LOWER MERION,SCHUYLKILL EXPY & BELMONT AVE UNDERPASS,1
40.2470749,-75.3054358,ALLENTOWN RD & WOODLAWN DR;  TOWAMENCIN; Station 345B; 2019-06-01 @ 16:56:08;,19446,EMS: FALL VICTIM,2019-06-01 16:56:08,TOWAMENCIN,ALLENTOWN RD & WOODLAWN DR,1
40.3762572,-75.4825516,MAIN ST & W 5TH ST; RED HILL; 2017-02-25 @ 09:13:21;,18076,Traffic: VEHICLE ACCIDENT -,2017-02-25 09:13:21,RED HILL,MAIN ST & W 5TH ST,1
40.2393796,-75.6504280,MAIN ST & S PENN ST;  CHESTER COUNTY; Station 3A84; 2017-07-21 @ 18:27:24;,19465,EMS: FALL VICTIM,2017-07-21 18:27:24,CHESTER COUNTY,MAIN ST & S PENN ST,1
40.1656794,-75.4744684,COLLEGEVILLE RD & ARCOLA RD;  UPPER PROVIDENCE; Station 324; 2020-03-12 @ 09:09:48;,19426,EMS: FEVER,2020-03-12 09:09:48,UPPER PROVIDENCE,COLLEGEVILLE RD & ARCOLA RD,1
40.1891483,-75.5343773,N 7TH AVE & MAIN ST; ROYERSFORD; 2018-12-14 @ 19:59:59;,19468,Traffic: VEHICLE ACCIDENT -,2018-12-14 19:59:59,ROYERSFORD,N 7TH AVE & MAIN ST,1
40.1114350,-75.0759539,MEADOWBROOK DR & HUNTINGDON PIKE;  ABINGTON; Station 382; 2019-09-22 @ 22:47:07;,19006,EMS: SUBJECT IN PAIN,2019-09-22 22:47:07,ABINGTON,MEADOWBROOK DR & HUNTINGDON PIKE,1
40.0074825,-75.2392286,BENTLEY AVE & PEMBROKE RD; LOWER MERION; 2018-01-18 @ 09:29:55-Station:STA28;,19004,Fire: GAS-ODOR/LEAK,2018-01-18 09:29:55,LOWER MERION,BENTLEY AVE & PEMBROKE RD,1
40.2387517,-75.5146965,GRATERFORD RD & N LIMERICK RD; LIMERICK; 2019-02-27 @ 18:29:39;,19473,Traffic: VEHICLE ACCIDENT -,2019-02-27 18:29:39,LIMERICK,GRATERFORD RD & N LIMERICK RD,1
40.0923493,-75.3704506,DEKALB PIKE & KINGS CIR; UPPER MERION; 2019-03-15 @ 20:45:53;,19406,Traffic: VEHICLE ACCIDENT -,2019-03-15 20:45:53,UPPER MERION,DEKALB PIKE & KINGS CIR,1
40.1174800,-75.1268656,JERICHO RD & SUSQUEHANNA RD;  ABINGTON; Station 381; 2017-12-29 @ 22:41:02;,19001,EMS: HEMORRHAGING,2017-12-29 22:41:02,ABINGTON,JERICHO RD & SUSQUEHANNA RD,1
40.2488099,-75.6435193,BEECH ST & N FRANKLIN ST;  POTTSTOWN; Station 329; 2016-07-06 @ 11:02:57;,19464,EMS: CARDIAC EMERGENCY,2016-07-06 11:02:57,POTTSTOWN,BEECH ST & N FRANKLIN ST,1
40.1084607,-75.3238676,RIDGE PIKE & ROSS ST;  PLYMOUTH; Station 308A; 2017-03-17 @ 09:49:22;,19462,EMS: SYNCOPAL EPISODE,2017-03-17 09:49:22,PLYMOUTH,RIDGE PIKE & ROSS ST,1
40.1233907,-75.3369417,POWELL ST & E WOOD ST;  NORRISTOWN; Station 308A; 2017-05-22 @ 06:18:17;,19401,EMS: CARDIAC EMERGENCY,2017-05-22 06:18:17,NORRISTOWN,POWELL ST & E WOOD ST,1
40.1051084,-75.3451838,3RD ST & RR OVERPASS; BRIDGEPORT; 2019-08-18 @ 16:09:59-Station:STA31;,,Fire: DEBRIS/FLUIDS ON HIGHWAY,2019-08-18 16:09:59,BRIDGEPORT,3RD ST & RR OVERPASS,1
40.1742348,-75.2244738,N BETHLEHEM PIKE & ROBERTS RD; LOWER GWYNEDD; 2019-10-30 @ 14:27:40;,19002,Traffic: VEHICLE ACCIDENT -,2019-10-30 14:27:40,LOWER GWYNEDD,N BETHLEHEM PIKE & ROBERTS RD,1
40.1330371,-75.4084631,SHANNONDELL DR & SHANNONDELL BLVD;  LOWER PROVIDENCE; Station 322A; 2017-08-12 @ 09:41:24;,19403,EMS: SUBJECT IN PAIN,2017-08-12 09:41:24,LOWER PROVIDENCE,SHANNONDELL DR & SHANNONDELL BLVD,1
40.2149774,-75.4997122,RIDGE PIKE & N TOWNSHIP LINE RD; UPPER PROVIDENCE; 2019-01-29 @ 17:17:50;,19468,Traffic: VEHICLE ACCIDENT -,2019-01-29 17:17:50,UPPER PROVIDENCE,RIDGE PIKE & N TOWNSHIP LINE RD,1
40.0077607,-75.2500037,W MONTGOMERY AVE & N MERION AVE; LOWER MERION; 2017-03-24 @ 11:56:18;,19066,Traffic: VEHICLE ACCIDENT -,2017-03-24 11:56:18,LOWER MERION,W MONTGOMERY AVE & N MERION AVE,1
40.1163747,-75.3348581,E OAK ST;  NORRISTOWN; Station 308A; 2017-04-09 @ 00:18:09;,19401,EMS: VEHICLE ACCIDENT,2017-04-09 00:18:09,NORRISTOWN,E OAK ST,1
40.3191104,-75.4840249,HAYWOOD RD & DEAD END; UPPER FREDERICK; 2018-09-13 @ 06:11:47;,18074,Traffic: VEHICLE ACCIDENT -,2018-09-13 06:11:47,UPPER FREDERICK,HAYWOOD RD & DEAD END,1
40.1856597,-75.4515710,MAIN CAMPUS DR & DEAD END;  COLLEGEVILLE; Station 324; 2017-10-01 @ 01:57:36;,19426,EMS: OVERDOSE,2017-10-01 01:57:36,COLLEGEVILLE,MAIN CAMPUS DR & DEAD END,1
40.1796800,-75.1220409,EDGELY AVE & UPLAND AVE;  HORSHAM; Station 352; 2017-04-11 @ 02:01:32;,19044,EMS: CARDIAC EMERGENCY,2017-04-11 02:01:32,HORSHAM,EDGELY AVE & UPLAND AVE,1
40.2321611,-75.5346748,LONGCROSS RD & ST ANDREWS BLVD;  LIMERICK; Station 324A; 2018-02-05 @ 07:30:51;,19468,EMS: ALTERED MENTAL STATUS,2018-02-05 07:30:51,LIMERICK,LONGCROSS RD & ST ANDREWS BLVD,1
40.3063842,-75.4913313,FAUST RD & BUCK RD; UPPER FREDERICK; 2019-08-05 @ 09:43:56;,18074,Traffic: ROAD OBSTRUCTION -,2019-08-05 09:43:56,UPPER FREDERICK,FAUST RD & BUCK RD,1
39.9866944,-75.2569627,CITY AVE & HOLLINGSWORTH RD;  LOWER MERION; Station 313; 2017-05-23 @ 01:14:45;,19151,EMS: RESPIRATORY EMERGENCY,2017-05-23 01:14:45,LOWER MERION,CITY AVE & HOLLINGSWORTH RD,1
40.2288994,-75.2624611,WELSH RD & NORTH WALES RD; MONTGOMERY; 2016-09-07 @ 14:12:18;,19454,Traffic: VEHICLE ACCIDENT -,2016-09-07 14:12:18,MONTGOMERY,WELSH RD & NORTH WALES RD,1
40.1695290,-75.1268659,EASTON RD & LINDEN AVE;  UPPER MORELAND; Station 384; 2018-05-10 @ 22:07:45;,19090,EMS: SYNCOPAL EPISODE,2018-05-10 22:07:45,UPPER MORELAND,EASTON RD & LINDEN AVE,1
40.1537535,-75.1216041,EASTON RD & LAWNTON RD;  UPPER MORELAND; Station 381; 2019-08-09 @ 17:15:09;,19090,EMS: FEVER,2019-08-09 17:15:09,UPPER MORELAND,EASTON RD & LAWNTON RD,1
40.0812601,-75.1370254,CHURCH RD & LABURNUM LN; CHELTENHAM; 2016-09-05 @ 13:26:16;,,Traffic: DISABLED VEHICLE -,2016-09-05 13:26:16,CHELTENHAM,CHURCH RD & LABURNUM LN,1
40.0742571,-75.3096950,ELM ST & MAPLE ST; CONSHOHOCKEN; 2019-03-03 @ 21:18:00-Station:STA36;,19428,Fire: FIRE SPECIAL SERVICE,2019-03-03 21:18:00,CONSHOHOCKEN,ELM ST & MAPLE ST,1
40.3741562,-75.5641021,NIANTIC RD & LONE PINE RD;  DOUGLASS; Station 7A505; 2020-04-02 @ 17:09:58;,19504,EMS: SUBJECT IN PAIN,2020-04-02 17:09:58,DOUGLASS,NIANTIC RD & LONE PINE RD,1
40.2685910,-75.4691502,GRAVEL PIKE & SPRING MOUNT RD;  LOWER FREDERICK; Station 308C; 2017-02-16 @ 09:38:47;,19473,EMS: SYNCOPAL EPISODE,2017-02-16 09:38:47,LOWER FREDERICK,GRAVEL PIKE & SPRING MOUNT RD,1
40.1447103,-75.2978961,GLENN LN & SHEPARD DR; WHITPAIN; 2019-09-10 @ 19:34:33-Station:STA33;,19422,Fire: APPLIANCE FIRE,2019-09-10 19:34:33,WHITPAIN,GLENN LN & SHEPARD DR,1
40.2060806,-75.2246178,BETHLEHEM PIKE & WELSH RD;  HORSHAM; Station 352A; 2019-07-04 @ 17:12:47;,19454,EMS: SYNCOPAL EPISODE,2019-07-04 17:12:47,HORSHAM,BETHLEHEM PIKE & WELSH RD,1
40.2629833,-75.3193739,FORTY FOOT RD & WELSH RD; TOWAMENCIN; 2018-11-08 @ 17:49:17;,19446,Traffic: ROAD OBSTRUCTION -,2018-11-08 17:49:17,TOWAMENCIN,FORTY FOOT RD & WELSH RD,1
40.1421443,-75.0912144,EDGEHILL RD & TERWOOD RD; UPPER MORELAND; 2019-12-14 @ 12:05:07;,19006,Traffic: ROAD OBSTRUCTION -,2019-12-14 12:05:07,UPPER MORELAND,EDGEHILL RD & TERWOOD RD,1
40.1695290,-75.1268659,LINDEN AVE & EASTON RD; UPPER MORELAND; 2016-02-29 @ 09:34:28;,19090,Traffic: VEHICLE ACCIDENT -,2016-02-29 09:34:28,UPPER MORELAND,LINDEN AVE & EASTON RD,1
40.1902678,-75.1333989,MAPLE AVE & WAYNE AVE;  HORSHAM; Station 352; 2017-11-23 @ 05:29:21;,19044,EMS: NAUSEA/VOMITING,2017-11-23 05:29:21,HORSHAM,MAPLE AVE & WAYNE AVE,1
40.1671780,-75.1323606,BLAIR MILL RD & CARRELL LN;  UPPER MORELAND; Station 384; 2016-09-29 @ 14:41:51;,19090,EMS: RESPIRATORY EMERGENCY,2016-09-29 14:41:51,UPPER MORELAND,BLAIR MILL RD & CARRELL LN,1
40.0823492,-75.1613157,LIMEKILN PIKE & GREENWOOD AVE; CHELTENHAM; 2018-11-15 @ 22:20:30;,19095,Traffic: DISABLED VEHICLE -,2018-11-15 22:20:30,CHELTENHAM,LIMEKILN PIKE & GREENWOOD AVE,1
40.0875137,-75.3788345,CONCORD CIR; UPPER MERION; 2016-05-07 @ 09:04:02-Station:STA47;,19406,Fire: BUILDING FIRE,2016-05-07 09:04:02,UPPER MERION,CONCORD CIR,1
40.2460397,-75.6014169,HERITAGE DR & CREEKSIDE DR;  LOWER POTTSGROVE; Station 329B; 2017-04-13 @ 17:23:52;,19464,EMS: SYNCOPAL EPISODE,2017-04-13 17:23:52,LOWER POTTSGROVE,HERITAGE DR & CREEKSIDE DR,1
40.2561930,-75.4661067,FOREST LN & CENTENNIAL ST; SCHWENKSVILLE; 2019-07-17 @ 20:07:38-Station:STA73;,19473,Fire: ELECTRICAL FIRE OUTSIDE,2019-07-17 20:07:38,SCHWENKSVILLE,FOREST LN & CENTENNIAL ST,1
40.1798904,-75.4572346,PARK AVE & CLAHOR AVE; COLLEGEVILLE; 2018-03-31 @ 13:54:20;,19426,Traffic: VEHICLE ACCIDENT -,2018-03-31 13:54:20,COLLEGEVILLE,PARK AVE & CLAHOR AVE,1
40.1652088,-75.2071308,SUSQUEHANNA RD & E BUTLER PIKE; UPPER DUBLIN; 2018-07-11 @ 10:20:56;,19002,Traffic: DISABLED VEHICLE -,2018-07-11 10:20:56,UPPER DUBLIN,SUSQUEHANNA RD & E BUTLER PIKE,1
40.1330371,-75.4084631,SHANNONDELL DR & SHANNONDELL BLVD;  LOWER PROVIDENCE; Station 322A; 2016-04-27 @ 19:44:13;,19403,EMS: FALL VICTIM,2016-04-27 19:44:13,LOWER PROVIDENCE,SHANNONDELL DR & SHANNONDELL BLVD,1
40.2498340,-75.3483936,SUMNEYTOWN PIKE & OLD FORTY FOOT RD; TOWAMENCIN; 2019-03-19 @ 08:41:11;,19438,Traffic: VEHICLE ACCIDENT -,2019-03-19 08:41:11,TOWAMENCIN,SUMNEYTOWN PIKE & OLD FORTY FOOT RD,1
40.2510077,-75.3111981,TROXEL RD & ALLENTOWN RD; TOWAMENCIN; 2019-02-22 @ 13:09:37;,19446,Traffic: DISABLED VEHICLE -,2019-02-22 13:09:37,TOWAMENCIN,TROXEL RD & ALLENTOWN RD,1
40.1330371,-75.4084631,SHANNONDELL DR & SHANNONDELL BLVD;  LOWER PROVIDENCE; Station 322A; 2016-07-07 @ 12:23:10;,19403,EMS: SUBJECT IN PAIN,2016-07-07 12:23:10,LOWER PROVIDENCE,SHANNONDELL DR & SHANNONDELL BLVD,1
40.1507107,-75.0552739,COUNTY LINE RD & RR CROSSING; LOWER MORELAND; 2019-05-11 @ 17:45:56;,,Traffic: VEHICLE ACCIDENT -,2019-05-11 17:45:56,LOWER MORELAND,COUNTY LINE RD & RR CROSSING,1
40.2449124,-75.6443631,HIGH ST & S FRANKLIN ST;  POTTSTOWN; Station 329; 2017-03-28 @ 12:47:45;,19464,EMS: SEIZURES,2017-03-28 12:47:45,POTTSTOWN,HIGH ST & S FRANKLIN ST,1
40.0832162,-75.0922116,HUNTINGDON PIKE & ELM AVE;  ROCKLEDGE; Station 382; 2018-07-18 @ 21:34:39;,19046,EMS: HEAD INJURY,2018-07-18 21:34:39,ROCKLEDGE,HUNTINGDON PIKE & ELM AVE,1
40.0104612,-75.2961465,LANCASTER AVE & WOODSIDE RD; LOWER MERION; 2020-02-03 @ 21:24:55;,19003,Traffic: DISABLED VEHICLE -,2020-02-03 21:24:55,LOWER MERION,LANCASTER AVE & WOODSIDE RD,1
40.3053835,-75.6168963,GILBERTSVILLE RD & GROSSER RD;  DOUGLASS; Station 332; 2020-06-14 @ 18:04:43;,19525,EMS: SUBJECT IN PAIN,2020-06-14 18:04:43,DOUGLASS,GILBERTSVILLE RD & GROSSER RD,1
40.1243248,-75.2923946,JOLLY RD & GERMANTOWN PIKE;  PLYMOUTH; Station 308; 2018-02-21 @ 13:05:28;,19462,EMS: UNKNOWN MEDICAL EMERGENCY,2018-02-21 13:05:28,PLYMOUTH,JOLLY RD & GERMANTOWN PIKE,1
40.1207146,-75.0571312,PHILMONT AVE & RED LION RD; LOWER MORELAND; 2020-03-13 @ 08:40:01;,19006,Traffic: VEHICLE ACCIDENT -,2020-03-13 08:40:01,LOWER MORELAND,PHILMONT AVE & RED LION RD,1
40.0951710,-75.4146990,1ST AVE & FREEDOM DR; UPPER MERION; 2020-02-16 @ 18:28:19-Station:STA56;,19406,Fire: ELEVATOR EMERGENCY,2020-02-16 18:28:19,UPPER MERION,1ST AVE & FREEDOM DR,1
40.1141126,-75.3408810,PENN ST & GREEN ST; NORRISTOWN; 2017-11-29 @ 14:34:35-Station:STA27;,19401,Fire: FIRE ALARM,2017-11-29 14:34:35,NORRISTOWN,PENN ST & GREEN ST,1
40.1164146,-75.2150346,BETHLEHEM PIKE & FARMAR LN; WHITEMARSH; 2020-07-27 @ 05:37:10;,19031,Traffic: VEHICLE ACCIDENT -,2020-07-27 05:37:10,WHITEMARSH,BETHLEHEM PIKE & FARMAR LN,1
40.0872847,-75.2930869,BUTLER PIKE & NORTH LN; PLYMOUTH; 2019-02-08 @ 10:20:22;,19428,Traffic: VEHICLE ACCIDENT -,2019-02-08 10:20:22,PLYMOUTH,BUTLER PIKE & NORTH LN,1
40.2489269,-75.6404302,HALE ST & SPRUCE ALY; POTTSTOWN; 2018-04-09 @ 08:03:12-Station:STA69;,19464,Fire: FIRE SPECIAL SERVICE,2018-04-09 08:03:12,POTTSTOWN,HALE ST & SPRUCE ALY,1
40.1497410,-75.1146690,YORK RD & LINCOLN AVE; UPPER MORELAND; 2017-10-13 @ 17:14:15;,19090,Traffic: VEHICLE ACCIDENT -,2017-10-13 17:14:15,UPPER MORELAND,YORK RD & LINCOLN AVE,1
40.0675558,-75.3426827,S GULPH RD & TRINITY LN; UPPER MERION; 2016-11-27 @ 19:47:29;,19087,Traffic: VEHICLE ACCIDENT -,2016-11-27 19:47:29,UPPER MERION,S GULPH RD & TRINITY LN,1
40.1830024,-75.1161257,BLAIR MILL RD & W MORELAND AVE;  UPPER MORELAND; Station 384; 2016-02-21 @ 19:02:06;,19044,EMS: GENERAL WEAKNESS,2016-02-21 19:02:06,UPPER MORELAND,BLAIR MILL RD & W MORELAND AVE,1
40.2783782,-75.4908302,BIG RD & SWAMP CREEK RD; LOWER FREDERICK; 2016-04-08 @ 14:43:35;,19492,Traffic: VEHICLE ACCIDENT -,2016-04-08 14:43:35,LOWER FREDERICK,BIG RD & SWAMP CREEK RD,1
40.0854888,-75.1250203,TOWNSHIP LINE RD & MEETINGHOUSE RD; ABINGTON; 2017-04-22 @ 19:28:00;,19027,Traffic: DISABLED VEHICLE -,2017-04-22 19:28:00,ABINGTON,TOWNSHIP LINE RD & MEETINGHOUSE RD,1
40.1977430,-75.1160348,W COUNTY LINE RD & MEETINGHOUSE RD; HORSHAM; 2020-02-26 @ 14:08:05;,19040,Traffic: ROAD OBSTRUCTION -,2020-02-26 14:08:05,HORSHAM,W COUNTY LINE RD & MEETINGHOUSE RD,1
40.1233907,-75.3369417,POWELL ST & E WOOD ST;  NORRISTOWN; Station 308A; 2019-09-23 @ 13:17:16;,19401,EMS: ASSAULT VICTIM,2019-09-23 13:17:16,NORRISTOWN,POWELL ST & E WOOD ST,1
40.1303132,-75.3402563,HARDING BLVD & W FREEDLEY ST; NORRISTOWN; 2016-07-01 @ 10:45:51;,19401,Traffic: ROAD OBSTRUCTION -,2016-07-01 10:45:51,NORRISTOWN,HARDING BLVD & W FREEDLEY ST,1
40.2610160,-75.3179154,NORTH BEND CT & JACOBS HALL LN;  TOWAMENCIN; Station 345B; 2019-11-13 @ 17:07:58;,19446,EMS: GENERAL WEAKNESS,2019-11-13 17:07:58,TOWAMENCIN,NORTH BEND CT & JACOBS HALL LN,1
40.0817976,-75.3075159,10TH AVE & FREEDLEY ST;  CONSHOHOCKEN; Station 313A; 2019-08-21 @ 00:44:22;,19428,EMS: ASSAULT VICTIM,2019-08-21 00:44:22,CONSHOHOCKEN,10TH AVE & FREEDLEY ST,1
40.0923493,-75.3704506,DEKALB PIKE & KINGS CIR;  UPPER MERION; Station 356; 2019-08-21 @ 12:17:47;,19406,EMS: UNKNOWN MEDICAL EMERGENCY,2019-08-21 12:17:47,UPPER MERION,DEKALB PIKE & KINGS CIR,1
40.0741083,-75.1583107,CHELTENHAM AVE & OGONTZ AVE;  CHELTENHAM; Station 358A; 2017-01-30 @ 16:50:57;,19150,EMS: UNKNOWN MEDICAL EMERGENCY,2017-01-30 16:50:57,CHELTENHAM,CHELTENHAM AVE & OGONTZ AVE,1
40.0809133,-75.2026651,EVERGREEN AVE & STENTON AVE;  SPRINGFIELD; Station 311; 2017-07-18 @ 11:10:28;,19038,EMS: GENERAL WEAKNESS,2017-07-18 11:10:28,SPRINGFIELD,EVERGREEN AVE & STENTON AVE,1
40.1157867,-75.1468459,EDGE HILL RD & BRUCE AVE; ABINGTON; 2020-01-25 @ 20:13:08;,19038,Traffic: HAZARDOUS ROAD CONDITIONS -,2020-01-25 20:13:08,ABINGTON,EDGE HILL RD & BRUCE AVE,1
40.0341862,-75.3171646,OLD GULPH RD & AIRDALE RD; LOWER MERION; 2020-01-25 @ 12:24:59-Station:STA23;,19010,Fire: ELECTRICAL FIRE OUTSIDE,2020-01-25 12:24:59,LOWER MERION,OLD GULPH RD & AIRDALE RD,1
40.1503009,-75.2675946,PENLLYN BLUE BELL PIKE & MIDWAY LN; WHITPAIN; 2016-04-23 @ 19:50:24-Station:STA33;,19422,Fire: FIRE ALARM,2016-04-23 19:50:24,WHITPAIN,PENLLYN BLUE BELL PIKE & MIDWAY LN,1
40.1266532,-75.0747810,TERWOOD DR & VALLEY RD; LOWER MORELAND; 2018-03-07 @ 17:10:15;,19006,Traffic: DISABLED VEHICLE -,2018-03-07 17:10:15,LOWER MORELAND,TERWOOD DR & VALLEY RD,1
40.1678989,-75.0900557,BYBERRY RD & MEYER LN; UPPER MORELAND; 2019-08-07 @ 10:15:57-Station:STA10;,19040,Fire: FIRE ALARM,2019-08-07 10:15:57,UPPER MORELAND,BYBERRY RD & MEYER LN,1
40.2440656,-75.6146616,HIGH ST; POTTSTOWN; 2017-08-21 @ 13:47:27-Station:STA69;,19464,Fire: VEHICLE FIRE,2017-08-21 13:47:27,POTTSTOWN,HIGH ST,1
40.0101840,-75.2426298,LEVERING MILL RD & DERWEN RD; LOWER MERION; 2019-08-13 @ 12:21:43-Station:STA28;,19066,Fire: CARBON MONOXIDE DETECTOR,2019-08-13 12:21:43,LOWER MERION,LEVERING MILL RD & DERWEN RD,1
40.2412696,-75.3563132,RT309 EXPY SB & GREENWOOD AVE; TOWAMENCIN; 2016-06-16 @ 16:41:27;,19438,Traffic: VEHICLE ACCIDENT -,2016-06-16 16:41:27,TOWAMENCIN,RT309 EXPY SB & GREENWOOD AVE,1
40.0183286,-75.3047343,MONTGOMERY AVE & ROSE LN; LOWER MERION; 2020-04-20 @ 16:42:47-Station:STA23;,19041,Fire: GAS-ODOR/LEAK,2020-04-20 16:42:47,LOWER MERION,MONTGOMERY AVE & ROSE LN,1
40.1564285,-75.3893409,LONG MEADOW RD & MARTHA LN;  LOWER PROVIDENCE; Station 322; 2017-09-16 @ 18:02:09;,19403,EMS: SUBJECT IN PAIN,2017-09-16 18:02:09,LOWER PROVIDENCE,LONG MEADOW RD & MARTHA LN,1
40.1025014,-75.2913491,CHEMICAL RD & RAMP I476 NB TO CHEMICAL RD; PLYMOUTH; 2019-02-25 @ 14:56:40;,19462,Traffic: VEHICLE ACCIDENT -,2019-02-25 14:56:40,PLYMOUTH,CHEMICAL RD & RAMP I476 NB TO CHEMICAL RD,1
40.0085036,-75.2635519,WOODBINE AVE & N ESSEX AVE;  NARBERTH; Station 313; 2017-03-15 @ 17:00:10;,19072,EMS: LACERATIONS,2017-03-15 17:00:10,NARBERTH,WOODBINE AVE & N ESSEX AVE,1
40.0760214,-75.1330656,WHITEWOOD RD & RAMBLER RD; CHELTENHAM; 2017-05-18 @ 17:02:09;,19027,Traffic: ROAD OBSTRUCTION -,2017-05-18 17:02:09,CHELTENHAM,WHITEWOOD RD & RAMBLER RD,1
40.0099970,-75.2641977,PRICE AVE & N ESSEX AVE;  NARBERTH; Station 313; 2018-01-15 @ 03:00:05;,19072,EMS: ALTERED MENTAL STATUS,2018-01-15 03:00:05,NARBERTH,PRICE AVE & N ESSEX AVE,1
40.2457304,-75.5831004,SANATOGA RD & SAYLOR AVE; LOWER POTTSGROVE; 2016-06-25 @ 19:46:40;,19464,Traffic: HAZARDOUS ROAD CONDITIONS -,2016-06-25 19:46:40,LOWER POTTSGROVE,SANATOGA RD & SAYLOR AVE,1
40.1627878,-75.1324145,COMMERCE AVE;  UPPER MORELAND; Station 384; 2017-06-01 @ 03:51:59;,19090,EMS: FRACTURE,2017-06-01 03:51:59,UPPER MORELAND,COMMERCE AVE,1
40.1186224,-75.3432948,CHERRY ST; NORRISTOWN; 2019-09-06 @ 12:44:22-Station:STA27;,19401,Fire: VEHICLE ACCIDENT,2019-09-06 12:44:22,NORRISTOWN,CHERRY ST,1
40.1450906,-75.0310998,LEONARD RD & SIDNEY RD;  LOWER MORELAND; Station 355; 2019-01-03 @ 22:45:38;,19006,EMS: FALL VICTIM,2019-01-03 22:45:38,LOWER MORELAND,LEONARD RD & SIDNEY RD,1
40.2462877,-75.6882102,HIGH ST & GROSSTOWN RD; WEST POTTSGROVE; 2019-01-09 @ 10:49:07-Station:STA57;,19464,Fire: GAS-ODOR/LEAK,2019-01-09 10:49:07,WEST POTTSGROVE,HIGH ST & GROSSTOWN RD,1
40.1692653,-75.2503657,TOWNSHIP LINE RD & PENLLYN BLUE BELL PIKE; WHITPAIN; 2017-04-14 @ 17:08:09;,19422,Traffic: VEHICLE ACCIDENT -,2017-04-14 17:08:09,WHITPAIN,TOWNSHIP LINE RD & PENLLYN BLUE BELL PIKE,1
40.0249667,-75.2829046,SCHUYLKILL EXPY & WAVERLY RD UNDERPASS; LOWER MERION; 2016-08-10 @ 01:42:09;,,Traffic: DISABLED VEHICLE -,2016-08-10 01:42:09,LOWER MERION,SCHUYLKILL EXPY & WAVERLY RD UNDERPASS,1
40.2890267,-75.3995896,OLD SUMNEYTOWN PIKE & MAIN ST; LOWER SALFORD; 2019-09-04 @ 12:12:20;,19438,Traffic: ROAD OBSTRUCTION -,2019-09-04 12:12:20,LOWER SALFORD,OLD SUMNEYTOWN PIKE & MAIN ST,1
40.1380688,-75.4863319,PETERS WAY & LOGAN RD;  UPPER PROVIDENCE; Station 3A85; 2019-08-29 @ 12:12:58;,19460,EMS: RESPIRATORY EMERGENCY,2019-08-29 12:12:58,UPPER PROVIDENCE,PETERS WAY & LOGAN RD,1
40.1024634,-75.1518963,EASTON RD & MENLO AVE; ABINGTON; 2018-05-15 @ 13:14:32-Station:STA300;,19038,Fire: FIRE INVESTIGATION,2018-05-15 13:14:32,ABINGTON,EASTON RD & MENLO AVE,1
40.1186224,-75.3432948,CHERRY ST & W CHESTNUT ST;  NORRISTOWN; Station 308A; 2019-08-25 @ 20:11:05;,19401,EMS: MEDICAL ALERT ALARM,2019-08-25 20:11:05,NORRISTOWN,CHERRY ST & W CHESTNUT ST,1
39.9954391,-75.2678141,REMINGTON RD & LANCASTER AVE; LOWER MERION; 2019-11-19 @ 07:54:42;,19096,Traffic: VEHICLE ACCIDENT -,2019-11-19 07:54:42,LOWER MERION,REMINGTON RD & LANCASTER AVE,1
40.1588174,-75.4225258,MOKYCHIC RD & PRISON RD;  SKIPPACK; Station 336; 2020-04-05 @ 14:02:56;,19403,EMS: ALTERED MENTAL STATUS,2020-04-05 14:02:56,SKIPPACK,MOKYCHIC RD & PRISON RD,1
40.0916660,-75.2756911,RIDGE PIKE & ASH LN; WHITEMARSH; 2018-03-07 @ 13:27:02;,19444,Traffic: VEHICLE ACCIDENT -,2018-03-07 13:27:02,WHITEMARSH,RIDGE PIKE & ASH LN,1
40.1296510,-75.4351240,EGYPT RD & SURREY LN; LOWER PROVIDENCE; 2019-10-11 @ 12:07:31;,19403,Traffic: VEHICLE ACCIDENT -,2019-10-11 12:07:31,LOWER PROVIDENCE,EGYPT RD & SURREY LN,1
40.2489269,-75.6404302,HALE ST & SPRUCE ALY; POTTSTOWN; 2018-05-16 @ 12:03:40-Station:STA69;,19464,Fire: FIRE ALARM,2018-05-16 12:03:40,POTTSTOWN,HALE ST & SPRUCE ALY,1
40.1556405,-75.2714785,SYMPHONY LN & SKIPPACK PIKE;  WHITPAIN; Station 385; 2017-10-05 @ 15:46:45;,19422,EMS: HEAD INJURY,2017-10-05 15:46:45,WHITPAIN,SYMPHONY LN & SKIPPACK PIKE,1
40.2582531,-75.2482301,BETHLEHEM PIKE & TAYLOR RD;  MONTGOMERY; Station 345; 2017-07-25 @ 15:17:28;,19446,EMS: CVA/STROKE,2017-07-25 15:17:28,MONTGOMERY,BETHLEHEM PIKE & TAYLOR RD,1
40.0691402,-75.3115191,FRONT ST & FORD ST; WEST CONSHOHOCKEN; 2016-04-15 @ 20:27:36;,19428,Traffic: DISABLED VEHICLE -,2016-04-15 20:27:36,WEST CONSHOHOCKEN,FRONT ST & FORD ST,1
40.1048289,-75.1582546,ROSLYN AVE & W MT CARMEL AVE;  ABINGTON; Station 383; 2017-06-30 @ 16:57:42;,19038,EMS: CARDIAC EMERGENCY,2017-06-30 16:57:42,ABINGTON,ROSLYN AVE & W MT CARMEL AVE,1
40.0972222,-75.3761952,SCHUYLKILL EXPY & RAMP S GULPH RD TO I76 WB; UPPER MERION; 2019-05-07 @ 10:23:38;,,Traffic: DISABLED VEHICLE -,2019-05-07 10:23:38,UPPER MERION,SCHUYLKILL EXPY & RAMP S GULPH RD TO I76 WB,1
39.9999190,-75.2384710,LATCHS LN & OLD LANCASTER RD; LOWER MERION; 2018-03-30 @ 11:12:36-Station:STA28;,19066,Fire: FIRE ALARM,2018-03-30 11:12:36,LOWER MERION,LATCHS LN & OLD LANCASTER RD,1
40.0709046,-75.1134101,E CHURCH RD & NEW SECOND ST; CHELTENHAM; 2017-11-29 @ 08:48:13;,19027,Traffic: VEHICLE ACCIDENT -,2017-11-29 08:48:13,CHELTENHAM,E CHURCH RD & NEW SECOND ST,1
40.2513647,-75.6419034,MAY ST & N FRANKLIN ST;  POTTSTOWN; Station 329; 2017-11-02 @ 14:20:07;,19464,EMS: FEVER,2017-11-02 14:20:07,POTTSTOWN,MAY ST & N FRANKLIN ST,1
40.1600752,-75.3405655,WHITEHALL RD & HEATHERWOOD DR;  EAST NORRITON; Station 308B; 2019-01-03 @ 10:56:02;,19403,EMS: GENERAL WEAKNESS,2019-01-03 10:56:02,EAST NORRITON,WHITEHALL RD & HEATHERWOOD DR,1
40.2471241,-75.6455851,EVANS ST & CHESTNUT ST;  POTTSTOWN; Station 329; 2017-06-03 @ 02:50:35;,19464,EMS: ASSAULT VICTIM,2017-06-03 02:50:35,POTTSTOWN,EVANS ST & CHESTNUT ST,1
40.1144158,-75.4185540,AUDUBON RD & S TROOPER RD;  LOWER PROVIDENCE; Station 322A; 2017-04-10 @ 15:42:15;,19403,EMS: RESPIRATORY EMERGENCY,2017-04-10 15:42:15,LOWER PROVIDENCE,AUDUBON RD & S TROOPER RD,1
40.2569349,-75.2705657,WALNUT ST & GARDEN RD;  HATFIELD TOWNSHIP; Station 345; 2020-06-11 @ 11:06:38;,19440,EMS: ALTERED MENTAL STATUS,2020-06-11 11:06:38,HATFIELD TOWNSHIP,WALNUT ST & GARDEN RD,1
40.0840969,-75.2549607,RIDGE PIKE & PINE RIDGE DR; WHITEMARSH; 2019-11-21 @ 16:50:54;,19444,Traffic: VEHICLE ACCIDENT -,2019-11-21 16:50:54,WHITEMARSH,RIDGE PIKE & PINE RIDGE DR,1
40.1417319,-75.3126075,DEKALB PIKE & W GERMANTOWN PIKE;  EAST NORRITON; Station 308; 2018-05-19 @ 05:11:46;,19401,EMS: CARDIAC EMERGENCY,2018-05-19 05:11:46,EAST NORRITON,DEKALB PIKE & W GERMANTOWN PIKE,1
40.2595194,-75.6136019,KEIM ST & BUCHERT RD;  LOWER POTTSGROVE; Station 329B; 2019-07-04 @ 00:20:59;,19464,EMS: RESPIRATORY EMERGENCY,2019-07-04 00:20:59,LOWER POTTSGROVE,KEIM ST & BUCHERT RD,1
40.2560369,-75.5927008,BUCHERT RD & LAUREL WAY;  LOWER POTTSGROVE; Station 329B; 2017-04-01 @ 17:16:24;,19464,EMS: NAUSEA/VOMITING,2017-04-01 17:16:24,LOWER POTTSGROVE,BUCHERT RD & LAUREL WAY,1
40.1338583,-75.1244262,EASTON RD;  ABINGTON; Station 381; 2019-01-04 @ 18:39:15;,,EMS: VEHICLE ACCIDENT,2019-01-04 18:39:15,ABINGTON,EASTON RD,1
40.1532684,-75.1895576,RT309 EXPY & HIGHLAND AVE UNDERPASS; UPPER DUBLIN; 2019-08-22 @ 13:42:33;,,Traffic: DISABLED VEHICLE -,2019-08-22 13:42:33,UPPER DUBLIN,RT309 EXPY & HIGHLAND AVE UNDERPASS,1
40.1330371,-75.4084631,SHANNONDELL DR & SHANNONDELL BLVD;  LOWER PROVIDENCE; Station 322A; 2016-07-16 @ 17:56:06;,19403,EMS: ALTERED MENTAL STATUS,2016-07-16 17:56:06,LOWER PROVIDENCE,SHANNONDELL DR & SHANNONDELL BLVD,1
40.1183720,-75.3518780,MAIN ST & GEORGE ST;  NORRISTOWN; Station 308A; 2020-02-02 @ 12:59:01;,19401,EMS: SYNCOPAL EPISODE,2020-02-02 12:59:01,NORRISTOWN,MAIN ST & GEORGE ST,1
40.0812601,-75.1370254,VALLEY RD & RR OVERPASS; CHELTENHAM; 2017-04-19 @ 10:06:26-Station:STA3;,,Fire: FIRE ALARM,2017-04-19 10:06:26,CHELTENHAM,VALLEY RD & RR OVERPASS,1
40.0772132,-75.3029883,FAYETTE ST & E 5TH AVE;  CONSHOHOCKEN; Station 313A; 2018-02-21 @ 06:20:29;,19428,EMS: UNCONSCIOUS SUBJECT,2018-02-21 06:20:29,CONSHOHOCKEN,FAYETTE ST & E 5TH AVE,1
40.1468650,-75.3952095,PARK AVE & RIDGE PIKE; LOWER PROVIDENCE; 2020-02-10 @ 18:38:34-Station:STA53;,19403,Fire: FIRE ALARM,2020-02-10 18:38:34,LOWER PROVIDENCE,PARK AVE & RIDGE PIKE,1
40.1130613,-75.1192289,SUSQUEHANNA RD & HUNTINGDON RD;  ABINGTON; Station 381; 2017-11-15 @ 10:25:17;,19046,EMS: RESPIRATORY EMERGENCY,2017-11-15 10:25:17,ABINGTON,SUSQUEHANNA RD & HUNTINGDON RD,1
40.2399287,-75.3537209,CHADBOURNE CT & KAREVE DR;  TOWAMENCIN; Station 345B; 2019-11-10 @ 00:15:16;,19438,EMS: FALL VICTIM,2019-11-10 00:15:16,TOWAMENCIN,CHADBOURNE CT & KAREVE DR,1
40.3982336,-75.4969533,MAIN ST & POTTSTOWN AVE; PENNSBURG; 2016-03-10 @ 20:45:54;,18073,Traffic: DISABLED VEHICLE -,2016-03-10 20:45:54,PENNSBURG,MAIN ST & POTTSTOWN AVE,1
40.0826407,-75.2988007,11TH AVE & FORREST ST; CONSHOHOCKEN; 2018-06-14 @ 17:38:07-Station:STA36;,19428,Fire: FIRE ALARM,2018-06-14 17:38:07,CONSHOHOCKEN,11TH AVE & FORREST ST,1
40.1532684,-75.1895576,RT309 EXPY & TENNIS AVE UNDERPASS; UPPER DUBLIN; 2016-10-15 @ 09:41:31;,,Traffic: VEHICLE ACCIDENT -,2016-10-15 09:41:31,UPPER DUBLIN,RT309 EXPY & TENNIS AVE UNDERPASS,1
40.0814648,-75.1881074,PLEASANT AVE & ELM AVE;  SPRINGFIELD; Station 311; 2016-04-11 @ 17:15:31;,19038,EMS: DIABETIC EMERGENCY,2016-04-11 17:15:31,SPRINGFIELD,PLEASANT AVE & ELM AVE,1
40.1115394,-75.1606016,ELM AVE; ABINGTON; 2016-02-03 @ 20:21:13-Station:STA400;,19038,Fire: VEHICLE FIRE,2016-02-03 20:21:13,ABINGTON,ELM AVE,1
40.2994905,-75.5851590,CHARLOTTE ST & SWAMP PIKE;  NEW HANOVER; Station 332; 2020-05-09 @ 22:36:03;,19525,EMS: EMS SPECIAL SERVICE,2020-05-09 22:36:03,NEW HANOVER,CHARLOTTE ST & SWAMP PIKE,1
40.2034873,-75.2244399,N BETHLEHEM PIKE & SLOAN WAY; LOWER GWYNEDD; 2015-12-15 @ 17:01:53;,19002,Traffic: DISABLED VEHICLE -,2015-12-15 17:01:53,LOWER GWYNEDD,N BETHLEHEM PIKE & SLOAN WAY,1
40.2547680,-75.6604586,SHOEMAKER RD & ROBINSON ST;  POTTSTOWN; Station 329; 2016-08-05 @ 17:45:54;,19464,EMS: HEMORRHAGING,2016-08-05 17:45:54,POTTSTOWN,SHOEMAKER RD & ROBINSON ST,1
40.1453665,-75.0398034,LONG LN & PHILIP RD; LOWER MORELAND; 2017-08-07 @ 13:56:33-Station:STA8;,19006,Fire: ELECTRICAL FIRE OUTSIDE,2017-08-07 13:56:33,LOWER MORELAND,LONG LN & PHILIP RD,1
40.1922859,-75.1068796,W COUNTY LINE RD & BLAIR MILL RD; HORSHAM; 2017-11-11 @ 11:19:45;,18974,Traffic: VEHICLE ACCIDENT -,2017-11-11 11:19:45,HORSHAM,W COUNTY LINE RD & BLAIR MILL RD,1
40.2485328,-75.5988483,PEBBLE BEACH LN & GREEN BRIAR CT;  LOWER POTTSGROVE; Station 329B; 2019-12-16 @ 12:39:53;,19464,EMS: SEIZURES,2019-12-16 12:39:53,LOWER POTTSGROVE,PEBBLE BEACH LN & GREEN BRIAR CT,1
40.0859891,-75.1463175,CHURCH RD & BENT RD;  CHELTENHAM; Station 358A; 2020-01-06 @ 23:39:20;,19095,EMS: ASSAULT VICTIM,2020-01-06 23:39:20,CHELTENHAM,CHURCH RD & BENT RD,1
40.2413204,-75.2428276,NORTH WALES RD & BETHLEHEM PIKE; MONTGOMERY; 2018-12-14 @ 18:15:58;,19454,Traffic: VEHICLE ACCIDENT -,2018-12-14 18:15:58,MONTGOMERY,NORTH WALES RD & BETHLEHEM PIKE,1
40.1292230,-75.0249003,BYBERRY RD & PHILMONT AVE; LOWER MORELAND; 2018-06-25 @ 18:11:29;,19006,Traffic: VEHICLE ACCIDENT -,2018-06-25 18:11:29,LOWER MORELAND,BYBERRY RD & PHILMONT AVE,1
40.1588174,-75.4225258,MOKYCHIC RD & PRISON RD;  SKIPPACK; Station 336; 2020-02-03 @ 22:18:20;,19403,EMS: CARDIAC EMERGENCY,2020-02-03 22:18:20,SKIPPACK,MOKYCHIC RD & PRISON RD,1
40.0296652,-75.3242811,MONTGOMERY AVE & AIRDALE RD;  LOWER MERION; Station 313; 2018-03-08 @ 12:19:46;,19010,EMS: BACK PAINS/INJURY,2018-03-08 12:19:46,LOWER MERION,MONTGOMERY AVE & AIRDALE RD,1
40.0883549,-75.3821004,DEKALB PIKE & ALLENDALE RD;  UPPER MERION; Station 317; 2017-10-26 @ 16:41:23;,19406,EMS: ABDOMINAL PAINS,2017-10-26 16:41:23,UPPER MERION,DEKALB PIKE & ALLENDALE RD,1
40.0426957,-75.2778943,MONK RD & YOUNGS FORD RD; LOWER MERION; 2017-12-13 @ 15:20:22;,19035,Traffic: VEHICLE ACCIDENT -,2017-12-13 15:20:22,LOWER MERION,MONK RD & YOUNGS FORD RD,1
40.1580092,-75.0488764,HUNTINGDON PIKE & COUNTY LINE RD; LOWER MORELAND; 2017-07-18 @ 19:54:48;,19006,Traffic: DISABLED VEHICLE -,2017-07-18 19:54:48,LOWER MORELAND,HUNTINGDON PIKE & COUNTY LINE RD,1
40.2449947,-75.5344914,PRESIDENTIAL DR & FRANKLIN CT;  LIMERICK; Station 324A; 2018-07-07 @ 18:03:19;,19468,EMS: UNCONSCIOUS SUBJECT,2018-07-07 18:03:19,LIMERICK,PRESIDENTIAL DR & FRANKLIN CT,1
39.9961161,-75.2373430,CITY AVE & ORCHARD RD; LOWER MERION; 2019-01-08 @ 08:45:40;,19066,Traffic: HAZARDOUS ROAD CONDITIONS -,2019-01-08 08:45:40,LOWER MERION,CITY AVE & ORCHARD RD,1
40.2679402,-75.6684604,SELL RD & MANATAWNY ST; WEST POTTSGROVE; 2016-02-24 @ 21:08:18;,19464,Traffic: DISABLED VEHICLE -,2016-02-24 21:08:18,WEST POTTSGROVE,SELL RD & MANATAWNY ST,1
40.0335780,-75.2670955,SCHUYLKILL EXPY & CONSHOHOCKEN STATE UNDERPASS; LOWER MERION; 2016-03-24 @ 15:05:49;,,Traffic: VEHICLE ACCIDENT -,2016-03-24 15:05:49,LOWER MERION,SCHUYLKILL EXPY & CONSHOHOCKEN STATE UNDERPASS,1
40.1355778,-75.2738513,SENTRY PKWY & WALTON RD;  WHITPAIN; Station 385; 2018-02-26 @ 08:46:01;,19422,EMS: RESPIRATORY EMERGENCY,2018-02-26 08:46:01,WHITPAIN,SENTRY PKWY & WALTON RD,1
40.1083927,-75.3232749,RIDGE PIKE & CHESTNUT ST; PLYMOUTH; 2019-05-22 @ 02:08:06;,19462,Traffic: VEHICLE ACCIDENT -,2019-05-22 02:08:06,PLYMOUTH,RIDGE PIKE & CHESTNUT ST,1
40.0989400,-75.2026604,ATWOOD RD & HARSTON LN; SPRINGFIELD; 2017-08-03 @ 00:33:20-Station:STA6;,19038,Fire: FIRE SPECIAL SERVICE,2017-08-03 00:33:20,SPRINGFIELD,ATWOOD RD & HARSTON LN,1
40.0216953,-75.3188027,LANCASTER AVE & MORTON RD; LOWER MERION; 2016-11-19 @ 11:40:54;,19010,Traffic: VEHICLE ACCIDENT -,2016-11-19 11:40:54,LOWER MERION,LANCASTER AVE & MORTON RD,1
40.1293980,-75.3322134,PINE ST & W ROBERTS ST;  NORRISTOWN; Station 308A; 2018-05-04 @ 04:12:13;,19401,EMS: HEMORRHAGING,2018-05-04 04:12:13,NORRISTOWN,PINE ST & W ROBERTS ST,1
40.1930534,-75.4623315,MAIN ST & E 9TH AVE;  COLLEGEVILLE; Station 324; 2020-03-13 @ 14:10:52;,19426,EMS: FALL VICTIM,2020-03-13 14:10:52,COLLEGEVILLE,MAIN ST & E 9TH AVE,1
40.0173863,-75.2454096,BRYN MAWR AVE & MANAYUNK RD; LOWER MERION; 2018-04-19 @ 15:11:49;,19072,Traffic: VEHICLE ACCIDENT -,2018-04-19 15:11:49,LOWER MERION,BRYN MAWR AVE & MANAYUNK RD,1
40.2903299,-75.3675755,MAPLEWOOD DR & SCHOOLHOUSE RD;  FRANCONIA; Station 344; 2018-09-13 @ 22:47:25;,19438,EMS: FALL VICTIM,2018-09-13 22:47:25,FRANCONIA,MAPLEWOOD DR & SCHOOLHOUSE RD,1
40.1145789,-75.3446406,MAIN ST & SWEDE ST;  NORRISTOWN; Station 308A; 2020-04-26 @ 21:17:40;,19401,EMS: MATERNITY,2020-04-26 21:17:40,NORRISTOWN,MAIN ST & SWEDE ST,1
40.2250992,-75.2076515,HORSHAM RD & GREEN TREE TAVERN RD;  HORSHAM; Station 352; 2017-11-27 @ 17:45:01;,19454,EMS: SUBJECT IN PAIN,2017-11-27 17:45:01,HORSHAM,HORSHAM RD & GREEN TREE TAVERN RD,1
40.1118631,-75.2860000,PLYMOUTH RD & IRWINS LN; PLYMOUTH; 2017-11-03 @ 08:22:31-Station:STA44;,19462,Fire: FIRE ALARM,2017-11-03 08:22:31,PLYMOUTH,PLYMOUTH RD & IRWINS LN,1
40.0249667,-75.2829046,SCHUYLKILL EXPY & WAVERLY RD UNDERPASS; LOWER MERION; 2019-04-08 @ 22:05:46;,,Traffic: DISABLED VEHICLE -,2019-04-08 22:05:46,LOWER MERION,SCHUYLKILL EXPY & WAVERLY RD UNDERPASS,1
40.1528497,-75.2077709,MELISSA DR & FARM LN;  UPPER DUBLIN; Station 351; 2017-05-22 @ 09:31:23;,19002,EMS: UNCONSCIOUS SUBJECT,2017-05-22 09:31:23,UPPER DUBLIN,MELISSA DR & FARM LN,1
40.1601163,-75.2298871,SPRING GARDEN ST & E MT PLEASANT AVE;  AMBLER; Station 351; 2019-12-31 @ 12:41:53;,19002,EMS: FALL VICTIM,2019-12-31 12:41:53,AMBLER,SPRING GARDEN ST & E MT PLEASANT AVE,1
40.2346744,-75.4466334,SCENIC VIEW DR & CREEKWOOD DR;  SKIPPACK; Station 336; 2017-09-24 @ 18:30:47;,19473,EMS: SUBJECT IN PAIN,2017-09-24 18:30:47,SKIPPACK,SCENIC VIEW DR & CREEKWOOD DR,1
40.2387237,-75.5785160,EVERGREEN RD & W LIGHTCAP RD;  LOWER POTTSGROVE; Station 329; 2016-05-26 @ 02:38:22;,19464,EMS: FALL VICTIM,2016-05-26 02:38:22,LOWER POTTSGROVE,EVERGREEN RD & W LIGHTCAP RD,1
40.2215922,-75.5111464,RIDGE PIKE & MAIN DR;  LIMERICK; Station 324A; 2020-02-25 @ 22:55:50;,19468,EMS: SUBJECT IN PAIN,2020-02-25 22:55:50,LIMERICK,RIDGE PIKE & MAIN DR,1
40.0832460,-75.1276890,OLD YORK RD & MEETINGHOUSE RD; CHELTENHAM; 2016-10-25 @ 17:29:43-Station:STA5;,19027,Fire: FIRE ALARM,2016-10-25 17:29:43,CHELTENHAM,OLD YORK RD & MEETINGHOUSE RD,1
40.2560795,-75.6523913,7TH ST & STATE ST;  POTTSTOWN; Station 329; 2019-11-10 @ 12:17:55;,19464,EMS: FALL VICTIM,2019-11-10 12:17:55,POTTSTOWN,7TH ST & STATE ST,1
40.0592340,-75.3393019,SCHUYLKILL EXPY & RAMP I76 WB TO MATSONFORD RD; LOWER MERION; 2020-06-18 @ 00:19:59;,,Traffic: DISABLED VEHICLE -,2020-06-18 00:19:59,LOWER MERION,SCHUYLKILL EXPY & RAMP I76 WB TO MATSONFORD RD,1
40.1501003,-75.3974394,RIDGE PIKE & SUNNYSIDE AVE; LOWER PROVIDENCE; 2016-07-02 @ 14:08:19;,19403,Traffic: DISABLED VEHICLE -,2016-07-02 14:08:19,LOWER PROVIDENCE,RIDGE PIKE & SUNNYSIDE AVE,1
40.0855923,-75.3912204,GULPH RD & KIRK AVE; UPPER MERION; 2018-02-21 @ 07:40:42;,19406,Traffic: VEHICLE FIRE -,2018-02-21 07:40:42,UPPER MERION,GULPH RD & KIRK AVE,1
40.1489852,-75.0334990,COUNTY LINE RD;  LOWER MORELAND; Station 355; 2017-11-13 @ 16:04:43;,,EMS: VEHICLE ACCIDENT,2017-11-13 16:04:43,LOWER MORELAND,COUNTY LINE RD,1
40.4030729,-75.4998641,MAIN ST & CHURCH ST;  PENNSBURG; Station 369; 2018-01-14 @ 16:37:16;,18041,EMS: UNCONSCIOUS SUBJECT,2018-01-14 16:37:16,PENNSBURG,MAIN ST & CHURCH ST,1
40.2177122,-75.1951863,HORSHAM RD & CHESTNUT LN; HORSHAM; 2017-08-29 @ 15:52:38;,19002,Traffic: VEHICLE ACCIDENT -,2017-08-29 15:52:38,HORSHAM,HORSHAM RD & CHESTNUT LN,1
40.0766740,-75.1949580,STENTON AVE & WILLOW GROVE AVE; SPRINGFIELD; 2019-11-08 @ 10:44:25;,19038,Traffic: DISABLED VEHICLE -,2019-11-08 10:44:25,SPRINGFIELD,STENTON AVE & WILLOW GROVE AVE,1
40.1007482,-75.2151078,WISSAHICKON AVE & ROSE LN;  SPRINGFIELD; Station 351A; 2019-09-28 @ 04:39:52;,19031,EMS: ABDOMINAL PAINS,2019-09-28 04:39:52,SPRINGFIELD,WISSAHICKON AVE & ROSE LN,1
40.2053096,-75.1744100,HORSHAM RD & KEITH VALLEY RD;  HORSHAM; Station 352A; 2019-03-10 @ 00:44:34;,19002,EMS: OVERDOSE,2019-03-10 00:44:34,HORSHAM,HORSHAM RD & KEITH VALLEY RD,1
40.0958435,-75.2132252,BETHLEHEM PIKE & CHESNEY LN;  SPRINGFIELD; Station 351A; 2019-03-05 @ 10:02:52;,19038,EMS: SYNCOPAL EPISODE,2019-03-05 10:02:52,SPRINGFIELD,BETHLEHEM PIKE & CHESNEY LN,1
40.2500156,-75.5921595,PLEASANT VIEW RD & WELSH DR;  LOWER POTTSGROVE; Station 329B; 2018-11-13 @ 22:48:33;,19464,EMS: CARDIAC EMERGENCY,2018-11-13 22:48:33,LOWER POTTSGROVE,PLEASANT VIEW RD & WELSH DR,1
40.0075104,-75.2407695,BALA AVE & GARY LN; LOWER MERION; 2017-03-11 @ 14:51:14-Station:STA28;,19004,Fire: RESCUE - GENERAL,2017-03-11 14:51:14,LOWER MERION,BALA AVE & GARY LN,1
40.0823492,-75.1613157,LIMEKILN PIKE & GREENWOOD AVE;  CHELTENHAM; Station 358A; 2020-02-15 @ 04:23:25;,19095,EMS: UNKNOWN MEDICAL EMERGENCY,2020-02-15 04:23:25,CHELTENHAM,LIMEKILN PIKE & GREENWOOD AVE,1
40.1715776,-75.1277691,EASTON RD & BLAIR MILL RD; HORSHAM; 2017-12-16 @ 11:45:15;,19090,Traffic: VEHICLE ACCIDENT -,2017-12-16 11:45:15,HORSHAM,EASTON RD & BLAIR MILL RD,1
40.2320903,-75.4728222,BRIDGE ST & EXMOOR DR; PERKIOMEN; 2016-11-12 @ 17:53:28-Station:STA66;,19426,Fire: UNKNOWN TYPE FIRE,2016-11-12 17:53:28,PERKIOMEN,BRIDGE ST & EXMOOR DR,1
40.1772723,-75.1061958,MORELAND AVE & S YORK RD;  HATBORO; Station 384; 2019-08-08 @ 16:15:35;,19040,EMS: FALL VICTIM,2019-08-08 16:15:35,HATBORO,MORELAND AVE & S YORK RD,1
40.1456253,-75.1747499,SUSQUEHANNA RD & WATER TOWER DR; UPPER DUBLIN; 2018-03-29 @ 15:00:53;,19025,Traffic: DISABLED VEHICLE -,2018-03-29 15:00:53,UPPER DUBLIN,SUSQUEHANNA RD & WATER TOWER DR,1
40.1833610,-75.5422850,MAIN ST & 2ND AVE;  ROYERSFORD; Station 325; 2016-09-29 @ 22:38:59;,19468,EMS: FALL VICTIM,2016-09-29 22:38:59,ROYERSFORD,MAIN ST & 2ND AVE,1
40.1494351,-75.1968367,NASH DR & KENYON DR; UPPER DUBLIN; 2018-06-16 @ 14:55:41-Station:STA88;,19034,Fire: FIRE ALARM,2018-06-16 14:55:41,UPPER DUBLIN,NASH DR & KENYON DR,1
40.1617733,-75.3798431,N PARK AVE;  WORCESTER; Station 322; 2018-06-05 @ 16:26:30;,19403,EMS: VEHICLE ACCIDENT,2018-06-05 16:26:30,WORCESTER,N PARK AVE,1
40.1175633,-75.1529141,JACKSON AVE & WOODROW AVE;  ABINGTON; Station 383; 2018-11-08 @ 08:43:12;,19038,EMS: GENERAL WEAKNESS,2018-11-08 08:43:12,ABINGTON,JACKSON AVE & WOODROW AVE,1
40.3077958,-75.2998221,N COUNTY LINE RD; SOUDERTON; 2018-02-23 @ 09:08:47-Station:STA74;,18964,Fire: VEHICLE ACCIDENT,2018-02-23 09:08:47,SOUDERTON,N COUNTY LINE RD,1
40.2547680,-75.6604586,ROBINSON ST & SHOEMAKER RD;  POTTSTOWN; Station 329; 2019-07-20 @ 16:01:33;,19464,EMS: RESPIRATORY EMERGENCY,2019-07-20 16:01:33,POTTSTOWN,ROBINSON ST & SHOEMAKER RD,1
40.0962587,-75.3576986,E DEKALB PIKE & SAULIN BLVD; UPPER MERION; 2018-02-24 @ 14:58:00;,19406,Traffic: VEHICLE ACCIDENT -,2018-02-24 14:58:00,UPPER MERION,E DEKALB PIKE & SAULIN BLVD,1
40.1509874,-75.2669971,HIGH GATE LN & PENLLYN BLUE BELL PIKE;  WHITPAIN; Station 385; 2019-05-10 @ 13:53:02;,19422,EMS: DEHYDRATION,2019-05-10 13:53:02,WHITPAIN,HIGH GATE LN & PENLLYN BLUE BELL PIKE,1
40.1798127,-75.4405967,RIDGE PIKE;  LIMERICK; Station 324A; 2019-02-28 @ 00:45:21;,,EMS: HEAD INJURY,2019-02-28 00:45:21,LIMERICK,RIDGE PIKE,1
40.1163352,-75.1450415,EDGE HILL RD & CUSTER AVE; ABINGTON; 2017-01-07 @ 16:45:22-Station:STA500;,19038,Fire: FIRE ALARM,2017-01-07 16:45:22,ABINGTON,EDGE HILL RD & CUSTER AVE,1
40.0864020,-75.2355959,GERMANTOWN PIKE & THOMAS RD; SPRINGFIELD; 2016-10-31 @ 08:25:44;,19444,Traffic: VEHICLE ACCIDENT -,2016-10-31 08:25:44,SPRINGFIELD,GERMANTOWN PIKE & THOMAS RD,1
40.2423071,-75.3013706,VALLEY FORGE RD & WHITES RD; TOWAMENCIN; 2016-08-19 @ 10:56:04;,19446,Traffic: VEHICLE ACCIDENT -,2016-08-19 10:56:04,TOWAMENCIN,VALLEY FORGE RD & WHITES RD,1
40.0272503,-75.2728639,MAPLEHILL RD & MILL CREEK RD; ABINGTON; 2019-03-03 @ 19:34:04;,19035,Traffic: VEHICLE ACCIDENT -,2019-03-03 19:34:04,ABINGTON,MAPLEHILL RD & MILL CREEK RD,1
40.0223243,-75.3200883,SUMMIT GROVE AVE & W LANCASTER AVE; LOWER MERION; 2017-06-22 @ 15:14:00;,19010,Traffic: VEHICLE ACCIDENT -,2017-06-22 15:14:00,LOWER MERION,SUMMIT GROVE AVE & W LANCASTER AVE,1
40.0257423,-75.3270324,LANCASTER AVE & ROSE LN;  LOWER MERION; Station 313; 2017-06-10 @ 23:59:59;,19010,EMS: HEAD INJURY,2017-06-10 23:59:59,LOWER MERION,LANCASTER AVE & ROSE LN,1
40.1207146,-75.0571312,PHILMONT AVE & RED LION RD;  LOWER MORELAND; Station 355; 2019-03-01 @ 14:43:22;,19006,EMS: RESPIRATORY EMERGENCY,2019-03-01 14:43:22,LOWER MORELAND,PHILMONT AVE & RED LION RD,1
40.1535740,-75.2244410,MAIN ST & W BUTLER AVE;  AMBLER; Station 351; 2017-01-04 @ 15:22:02;,19002,EMS: CARDIAC EMERGENCY,2017-01-04 15:22:02,AMBLER,MAIN ST & W BUTLER AVE,1
40.2523706,-75.6403232,CHERRY ST & DAUB ALY;  POTTSTOWN; Station 329; 2018-03-23 @ 20:59:20;,19464,EMS: RESPIRATORY EMERGENCY,2018-03-23 20:59:20,POTTSTOWN,CHERRY ST & DAUB ALY,1
40.0215306,-75.2991556,ROSE LN & IVY LN; LOWER MERION; 2018-04-10 @ 13:39:55;,19041,Traffic: ROAD OBSTRUCTION -,2018-04-10 13:39:55,LOWER MERION,ROSE LN & IVY LN,1
40.2629833,-75.3193739,FORTY FOOT RD & WELSH RD; HATFIELD TOWNSHIP; 2020-01-05 @ 17:45:14;,19446,Traffic: VEHICLE ACCIDENT -,2020-01-05 17:45:14,HATFIELD TOWNSHIP,FORTY FOOT RD & WELSH RD,1
40.2706745,-75.2674247,TREWIGTOWN RD & ANTHONY DR;  HATFIELD TOWNSHIP; Station 345; 2017-01-27 @ 08:56:32;,18915,EMS: CARDIAC ARREST,2017-01-27 08:56:32,HATFIELD TOWNSHIP,TREWIGTOWN RD & ANTHONY DR,1
40.1224874,-75.3216367,KENDRICK LN & CALAMIA DR;  NORRISTOWN; Station 308A; 2019-05-16 @ 09:20:05;,19401,EMS: FEVER,2019-05-16 09:20:05,NORRISTOWN,KENDRICK LN & CALAMIA DR,1
40.2472977,-75.6552283,KING ST & MANATAWNY ST; POTTSTOWN; 2017-10-09 @ 10:57:41;,19464,Traffic: VEHICLE ACCIDENT -,2017-10-09 10:57:41,POTTSTOWN,KING ST & MANATAWNY ST,1
40.0953213,-75.1080797,BEVERLY RD;  ABINGTON; Station 382; 2017-09-24 @ 16:50:13;,19046,EMS: BUILDING FIRE,2017-09-24 16:50:13,ABINGTON,BEVERLY RD,1
40.2212266,-75.2887369,SUMNEYTOWN PIKE & RR OVERPASS;  UPPER GWYNEDD; Station 345B; 2018-05-07 @ 00:20:49;,,EMS: ABDOMINAL PAINS,2018-05-07 00:20:49,UPPER GWYNEDD,SUMNEYTOWN PIKE & RR OVERPASS,1
40.1381492,-75.1578491,TWINING RD & AYR LN; UPPER DUBLIN; 2018-10-13 @ 14:32:02;,19025,Traffic: DISABLED VEHICLE -,2018-10-13 14:32:02,UPPER DUBLIN,TWINING RD & AYR LN,1
40.0841384,-75.4062540,VILLAGE DR & BRYCE LN;  UPPER MERION; Station 356; 2020-02-24 @ 14:45:21;,19406,EMS: CVA/STROKE,2020-02-24 14:45:21,UPPER MERION,VILLAGE DR & BRYCE LN,1
40.2267734,-75.2822469,STATION SQUARE BLVD & HORSESHOE CURVE DR;  UPPER GWYNEDD; Station 345B; 2019-05-27 @ 15:22:20;,19446,EMS: VEHICLE ACCIDENT,2019-05-27 15:22:20,UPPER GWYNEDD,STATION SQUARE BLVD & HORSESHOE CURVE DR,1
40.1783009,-75.1790833,WELSH RD & HOWE LN; HORSHAM; 2019-04-21 @ 14:12:33;,19002,Traffic: VEHICLE ACCIDENT -,2019-04-21 14:12:33,HORSHAM,WELSH RD & HOWE LN,1
40.0631695,-75.0909157,RYERS AVE & BEECHER AVE;  CHELTENHAM; Station 358; 2019-11-07 @ 18:41:54;,19012,EMS: CARDIAC EMERGENCY,2019-11-07 18:41:54,CHELTENHAM,RYERS AVE & BEECHER AVE,1
40.2514920,-75.6033497,RT422 BYP & S SANATOGA RD UNDERPASS; LOWER POTTSGROVE; 2016-02-06 @ 16:05:34;,,Traffic: VEHICLE FIRE -,2016-02-06 16:05:34,LOWER POTTSGROVE,RT422 BYP & S SANATOGA RD UNDERPASS,1
40.1118752,-75.2850076,GERMANTOWN PIKE & PLYMOUTH RD; PLYMOUTH; 2017-08-16 @ 16:16:34;,19462,Traffic: VEHICLE ACCIDENT -,2017-08-16 16:16:34,PLYMOUTH,GERMANTOWN PIKE & PLYMOUTH RD,1
40.1063781,-75.2134522,BETHLEHEM PIKE & WEISS AVE; SPRINGFIELD; 2016-02-23 @ 11:44:38-Station:STA6;,19031,Fire: FIRE ALARM,2016-02-23 11:44:38,SPRINGFIELD,BETHLEHEM PIKE & WEISS AVE,1
40.2706617,-75.3201468,CLEMENS RD & FAIRGROUNDS RD; HATFIELD TOWNSHIP; 2019-07-17 @ 20:33:27;,19440,Traffic: VEHICLE ACCIDENT -,2019-07-17 20:33:27,HATFIELD TOWNSHIP,CLEMENS RD & FAIRGROUNDS RD,1
40.2149774,-75.4997122,RIDGE PIKE & N TOWNSHIP LINE RD; LIMERICK; 2016-10-15 @ 16:11:15;,19468,Traffic: VEHICLE ACCIDENT -,2016-10-15 16:11:15,LIMERICK,RIDGE PIKE & N TOWNSHIP LINE RD,1
40.0064521,-75.2881931,E LANCASTER AVE & ARGYLE RD; LOWER MERION; 2016-11-14 @ 13:20:50;,19003,Traffic: VEHICLE ACCIDENT -,2016-11-14 13:20:50,LOWER MERION,E LANCASTER AVE & ARGYLE RD,1
40.1087979,-75.1849625,MARKS RD & EDANN RD;  SPRINGFIELD; Station 311; 2016-04-16 @ 16:16:31;,19075,EMS: HEAD INJURY,2016-04-16 16:16:31,SPRINGFIELD,MARKS RD & EDANN RD,1
40.0907527,-75.1531588,RICES MILL RD;  CHELTENHAM; Station 358A; 2018-12-17 @ 07:34:48;,,EMS: VEHICLE ACCIDENT,2018-12-17 07:34:48,CHELTENHAM,RICES MILL RD,1
40.1463007,-75.0600812,HUNTINGDON PIKE & CALVIN RD;  LOWER MORELAND; Station 355; 2018-10-26 @ 15:41:42;,19006,EMS: SYNCOPAL EPISODE,2018-10-26 15:41:42,LOWER MORELAND,HUNTINGDON PIKE & CALVIN RD,1
40.2514920,-75.6033497,RT422 BYP & S PLEASANTVIEW RD OVERPASS; LOWER POTTSGROVE; 2016-06-07 @ 13:33:02;,,Traffic: VEHICLE ACCIDENT -,2016-06-07 13:33:02,LOWER POTTSGROVE,RT422 BYP & S PLEASANTVIEW RD OVERPASS,1
40.0117673,-75.2946732,MONTGOMERY AVE & WOODSIDE RD;  LOWER MERION; Station 313; 2016-03-01 @ 09:30:26;,19041,EMS: ALTERED MENTAL STATUS,2016-03-01 09:30:26,LOWER MERION,MONTGOMERY AVE & WOODSIDE RD,1
40.2424052,-75.6482861,CHERRY ST & S CHARLOTTE ST; POTTSTOWN; 2018-01-18 @ 13:07:39-Station:STA69;,19464,Fire: GAS-ODOR/LEAK,2018-01-18 13:07:39,POTTSTOWN,CHERRY ST & S CHARLOTTE ST,1
40.1367829,-75.3830653,MIAMI RD & W MAIN ST; WEST NORRITON; 2017-07-19 @ 18:52:58-Station:STA46;,19403,Fire: ELECTRICAL FIRE OUTSIDE,2017-07-19 18:52:58,WEST NORRITON,MIAMI RD & W MAIN ST,1
40.0418467,-75.3327841,W MONTGOMERY AVE & SPRING MILL RD; LOWER MERION; 2017-11-15 @ 18:26:41;,19085,Traffic: ROAD OBSTRUCTION -,2017-11-15 18:26:41,LOWER MERION,W MONTGOMERY AVE & SPRING MILL RD,1
40.1752122,-75.3665166,FIELDCREST WAY & VALLEY FORGE RD;  WORCESTER; Station 322; 2017-01-18 @ 20:15:11;,19403,EMS: DIZZINESS,2017-01-18 20:15:11,WORCESTER,FIELDCREST WAY & VALLEY FORGE RD,1
40.1196045,-75.2849004,GERMANTOWN PIKE & ATRIUM WAY; PLYMOUTH; 2018-03-02 @ 14:41:44-Station:STA44;,19462,Fire: RESCUE - ELEVATOR,2018-03-02 14:41:44,PLYMOUTH,GERMANTOWN PIKE & ATRIUM WAY,1
40.1004330,-75.3853682,GENERAL ARMSTRONG RD & GENERAL KNOX RD;  UPPER MERION; Station 356; 2019-11-14 @ 19:31:31;,19406,EMS: RESPIRATORY EMERGENCY,2019-11-14 19:31:31,UPPER MERION,GENERAL ARMSTRONG RD & GENERAL KNOX RD,1
40.1160765,-75.3436490,SWEDE ST & E AIRY ST; NORRISTOWN; 2017-11-21 @ 07:41:31;,19401,Traffic: VEHICLE ACCIDENT -,2017-11-21 07:41:31,NORRISTOWN,SWEDE ST & E AIRY ST,1
40.1294478,-75.3120097,NEW HOPE ST & SAW MILL CT;  EAST NORRITON; Station 308; 2019-12-18 @ 03:24:51;,19401,EMS: FALL VICTIM,2019-12-18 03:24:51,EAST NORRITON,NEW HOPE ST & SAW MILL CT,1
40.2101703,-75.2174953,LOWER STATE RD & SQUIRE DR;  HORSHAM; Station 352; 2018-06-18 @ 08:27:54;,19002,EMS: SUBJECT IN PAIN,2018-06-18 08:27:54,HORSHAM,LOWER STATE RD & SQUIRE DR,1
40.1521886,-75.4805116,BLACK ROCK RD; UPPER PROVIDENCE; 2018-05-17 @ 14:59:17-Station:STA99;,,Fire: VEHICLE FIRE,2018-05-17 14:59:17,UPPER PROVIDENCE,BLACK ROCK RD,1
39.9940374,-75.2417959,CITY AVE;  LOWER MERION; Station 313; 2017-10-01 @ 22:28:49;,,EMS: VEHICLE ACCIDENT,2017-10-01 22:28:49,LOWER MERION,CITY AVE,1
40.1213879,-75.0726703,WELSH RD & TERWOOD DR; LOWER MORELAND; 2020-04-13 @ 05:31:18;,19006,Traffic: VEHICLE ACCIDENT -,2020-04-13 05:31:18,LOWER MORELAND,WELSH RD & TERWOOD DR,1
40.1614701,-75.1301588,MARYLAND RD & COMMERCE AVE; UPPER MORELAND; 2018-06-19 @ 11:18:50-Station:STA10;,19090,Fire: FIRE ALARM,2018-06-19 11:18:50,UPPER MORELAND,MARYLAND RD & COMMERCE AVE,1
40.0701830,-75.0986950,E CHURCH RD & E TOWNSHIP LINE RD; CHELTENHAM; 2016-11-02 @ 20:49:32;,19027,Traffic: VEHICLE ACCIDENT -,2016-11-02 20:49:32,CHELTENHAM,E CHURCH RD & E TOWNSHIP LINE RD,1
40.1461804,-75.1690698,LIMEKILN PIKE & GOLDEN DR; UPPER DUBLIN; 2016-06-07 @ 12:45:05;,19025,Traffic: VEHICLE ACCIDENT -,2016-06-07 12:45:05,UPPER DUBLIN,LIMEKILN PIKE & GOLDEN DR,1
40.2048367,-75.2228211,WELSH RD & LOWER STATE RD; HORSHAM; 2019-12-09 @ 09:49:59;,19002,Traffic: VEHICLE ACCIDENT -,2019-12-09 09:49:59,HORSHAM,WELSH RD & LOWER STATE RD,1
40.0951710,-75.4146990,1ST AVE & FREEDOM DR;  UPPER MERION; Station 317; 2016-12-04 @ 04:14:56;,19406,EMS: SUBJECT IN PAIN,2016-12-04 04:14:56,UPPER MERION,1ST AVE & FREEDOM DR,1
40.0855923,-75.3912204,GULPH RD & KIRK AVE;  UPPER MERION; Station 317; 2017-02-28 @ 16:46:31;,19406,EMS: RESPIRATORY EMERGENCY,2017-02-28 16:46:31,UPPER MERION,GULPH RD & KIRK AVE,1
40.4245196,-75.5263773,GRAVEL PIKE & ZIEGLER RD;  UPPER HANOVER; Station 369; 2018-01-09 @ 01:54:04;,18070,EMS: HEAD INJURY,2018-01-09 01:54:04,UPPER HANOVER,GRAVEL PIKE & ZIEGLER RD,1
40.2288994,-75.2624611,E MAIN ST & NORTH WALES RD; LANSDALE; 2016-03-08 @ 18:24:11;,19454,Traffic: VEHICLE ACCIDENT -,2016-03-08 18:24:11,LANSDALE,E MAIN ST & NORTH WALES RD,1
40.0885715,-75.4084794,N GULPH RD & GODDARD BLVD; UPPER MERION; 2018-12-23 @ 10:54:51;,19406,Traffic: VEHICLE ACCIDENT -,2018-12-23 10:54:51,UPPER MERION,N GULPH RD & GODDARD BLVD,1
40.2515230,-75.3295570,OLD FORDE WAY & DEAD END;  TOWAMENCIN; Station 345B; 2020-01-22 @ 13:44:19;,,EMS: FALL VICTIM,2020-01-22 13:44:19,TOWAMENCIN,OLD FORDE WAY & DEAD END,1
40.0796106,-75.3907199,TANNERY DR & KERRWOOD DR;  UPPER MERION; Station 356; 2019-09-27 @ 22:03:33;,19087,EMS: CARDIAC EMERGENCY,2019-09-27 22:03:33,UPPER MERION,TANNERY DR & KERRWOOD DR,1
40.1291253,-75.1389062,JOHNSTON AVE & FERNWOOD AVE;  ABINGTON; Station 381; 2017-04-13 @ 15:51:02;,19001,EMS: ALLERGIC REACTION,2017-04-13 15:51:02,ABINGTON,JOHNSTON AVE & FERNWOOD AVE,1
40.1685378,-75.4982005,BLACK ROCK RD & S TRAPPE RD;  UPPER PROVIDENCE; Station 325; 2019-03-27 @ 11:09:58;,19468,EMS: UNCONSCIOUS SUBJECT,2019-03-27 11:09:58,UPPER PROVIDENCE,BLACK ROCK RD & S TRAPPE RD,1
40.1330371,-75.4084631,SHANNONDELL DR & SHANNONDELL BLVD;  LOWER PROVIDENCE; Station 322A; 2019-11-13 @ 21:36:41;,19403,EMS: MEDICAL ALERT ALARM,2019-11-13 21:36:41,LOWER PROVIDENCE,SHANNONDELL DR & SHANNONDELL BLVD,1
40.1520870,-75.1310179,BARTRAM RD & DOGWOOD DR;  UPPER MORELAND; Station 381; 2018-11-26 @ 20:20:18;,19090,EMS: DIZZINESS,2018-11-26 20:20:18,UPPER MORELAND,BARTRAM RD & DOGWOOD DR,1
40.1147623,-75.1923977,LORRAINE AVE & ORELAND MILL RD;  SPRINGFIELD; Station 311; 2018-05-14 @ 19:16:52;,19075,EMS: SUBJECT IN PAIN,2018-05-14 19:16:52,SPRINGFIELD,LORRAINE AVE & ORELAND MILL RD,1
40.2497608,-75.3484526,SUMNEYTOWN PIKE & FORTY FOOT RD;  TOWAMENCIN; Station 345B; 2020-01-03 @ 17:38:39;,19438,EMS: NAUSEA/VOMITING,2020-01-03 17:38:39,TOWAMENCIN,SUMNEYTOWN PIKE & FORTY FOOT RD,1
40.1212102,-75.3977081,GENERAL ARMISTEAD AVE & GENERAL ARNOLD AVE;  WEST NORRITON; Station 308B; 2017-03-06 @ 13:27:52;,19403,EMS: CARDIAC EMERGENCY,2017-03-06 13:27:52,WEST NORRITON,GENERAL ARMISTEAD AVE & GENERAL ARNOLD AVE,1
40.3355256,-75.3258253,E CHURCH AVE & EMLEN WAY; TELFORD; 2017-06-04 @ 19:49:32;,18969,Traffic: DISABLED VEHICLE -,2017-06-04 19:49:32,TELFORD,E CHURCH AVE & EMLEN WAY,1
40.0174335,-75.3194864,PENNSYLVANIA AVE & WAYSIDE RD; LOWER MERION; 2017-05-04 @ 13:39:49;,19010,Traffic: ROAD OBSTRUCTION -,2017-05-04 13:39:49,LOWER MERION,PENNSYLVANIA AVE & WAYSIDE RD,1
40.0547077,-75.1248715,OAK LANE RD & CHELTENHAM AVE; CHELTENHAM; 2016-03-08 @ 09:24:55;,19027,Traffic: VEHICLE ACCIDENT -,2016-03-08 09:24:55,CHELTENHAM,OAK LANE RD & CHELTENHAM AVE,1
40.0722596,-75.1501093,JOHN RUSSELL CIR & WILLIAMS WAY; CHELTENHAM; 2016-07-17 @ 17:49:28;,19027,Traffic: VEHICLE ACCIDENT -,2016-07-17 17:49:28,CHELTENHAM,JOHN RUSSELL CIR & WILLIAMS WAY,1
40.2961048,-75.3854929,KINGSCOTE DR & STRATFORD CIR;  FRANCONIA; Station 344; 2016-10-23 @ 03:49:57;,19438,EMS: ABDOMINAL PAINS,2016-10-23 03:49:57,FRANCONIA,KINGSCOTE DR & STRATFORD CIR,1
40.1330371,-75.4084631,SHANNONDELL DR & SHANNONDELL BLVD;  LOWER PROVIDENCE; Station 322A; 2020-02-06 @ 07:39:14;,19403,EMS: RESPIRATORY EMERGENCY,2020-02-06 07:39:14,LOWER PROVIDENCE,SHANNONDELL DR & SHANNONDELL BLVD,1
40.1297810,-75.3297054,LOCUST ST & W LOGAN ST; NORRISTOWN; 2019-10-02 @ 06:56:18-Station:STA27;,19401,Fire: FIRE ALARM,2019-10-02 06:56:18,NORRISTOWN,LOCUST ST & W LOGAN ST,1
40.0848436,-75.0935116,HUNTINGDON PIKE & SHADY LN;  ABINGTON; Station 382; 2016-11-05 @ 17:27:29;,19046,EMS: SEIZURES,2016-11-05 17:27:29,ABINGTON,HUNTINGDON PIKE & SHADY LN,1
40.2433430,-75.6286631,QUEEN ST & S KEIM ST;  POTTSTOWN; Station 329; 2019-05-02 @ 20:53:23;,19464,EMS: OVERDOSE,2019-05-02 20:53:23,POTTSTOWN,QUEEN ST & S KEIM ST,1
40.0972222,-75.3761952,SCHUYLKILL EXPY & S GULPH RD UNDERPASS; UPPER MERION; 2019-07-07 @ 06:15:34;,,Traffic: DISABLED VEHICLE -,2019-07-07 06:15:34,UPPER MERION,SCHUYLKILL EXPY & S GULPH RD UNDERPASS,1
40.1698840,-75.1432920,DRESHER RD & WITMER RD; HORSHAM; 2018-12-02 @ 09:35:08-Station:STA15;,19044,Fire: FIRE ALARM,2018-12-02 09:35:08,HORSHAM,DRESHER RD & WITMER RD,1
40.0926859,-75.1371067,WEST AVE & GREENWOOD AVE;  JENKINTOWN; Station 382; 2016-11-10 @ 19:12:52;,19046,EMS: FALL VICTIM,2016-11-10 19:12:52,JENKINTOWN,WEST AVE & GREENWOOD AVE,1
40.1291910,-75.3288290,LOGAN ST & POWELL ST;  NORRISTOWN; Station 308A; 2015-12-12 @ 19:57:19;,19401,EMS: SUBJECT IN PAIN,2015-12-12 19:57:19,NORRISTOWN,LOGAN ST & POWELL ST,1
40.0342278,-75.2587786,HOLLOW RD & HAGYS FORD RD; LOWER MERION; 2018-01-04 @ 08:46:52;,19072,Traffic: DISABLED VEHICLE -,2018-01-04 08:46:52,LOWER MERION,HOLLOW RD & HAGYS FORD RD,1
40.3165100,-75.6108025,MARTIN AVE & MENSCH LN; DOUGLASS; 2018-01-26 @ 04:23:27;,19525,Traffic: DISABLED VEHICLE -,2018-01-26 04:23:27,DOUGLASS,MARTIN AVE & MENSCH LN,1
40.0077446,-75.2995764,COBBLESTONE DR & W SPRING AVE;  LOWER MERION; Station 313; 2018-05-10 @ 12:19:52;,19003,EMS: FEVER,2018-05-10 12:19:52,LOWER MERION,COBBLESTONE DR & W SPRING AVE,1
40.2903299,-75.3675755,MAPLEWOOD DR & SCHOOLHOUSE RD;  FRANCONIA; Station 344; 2016-09-11 @ 08:32:25;,19438,EMS: CARDIAC EMERGENCY,2016-09-11 08:32:25,FRANCONIA,MAPLEWOOD DR & SCHOOLHOUSE RD,1
40.3044750,-75.4914826,FOXFIELD CIR & BUCK RD;  UPPER FREDERICK; Station 344A; 2017-09-01 @ 15:42:32;,18074,EMS: HEMORRHAGING,2017-09-01 15:42:32,UPPER FREDERICK,FOXFIELD CIR & BUCK RD,1
40.0835519,-75.2877580,HILLCREST AVE & WELLS ST;  WHITEMARSH; Station 318; 2018-08-11 @ 00:09:37;,19428,EMS: CARDIAC EMERGENCY,2018-08-11 00:09:37,WHITEMARSH,HILLCREST AVE & WELLS ST,1
40.1817238,-75.1560982,COLONIAL DR & DEAD END;  HORSHAM; Station 352; 2019-08-29 @ 10:39:23;,19044,EMS: ABDOMINAL PAINS,2019-08-29 10:39:23,HORSHAM,COLONIAL DR & DEAD END,1
40.2290075,-75.3878525,RT422 BYP & KEIM ST OVERPASS;  CHESTER COUNTY; Station 3A84; 2015-12-18 @ 17:46:11;,,EMS: VEHICLE ACCIDENT,2015-12-18 17:46:11,CHESTER COUNTY,RT422 BYP & KEIM ST OVERPASS,1
40.0078330,-75.2908160,LANCASTER AVE & STATION AVE; LOWER MERION; 2017-03-24 @ 00:11:09;,19003,Traffic: VEHICLE ACCIDENT -,2017-03-24 00:11:09,LOWER MERION,LANCASTER AVE & STATION AVE,1
40.1554538,-75.2139267,LINDENWOLD TER & BETHLEHEM PIKE;  UPPER DUBLIN; Station 351; 2017-02-22 @ 19:50:46;,19002,EMS: UNKNOWN MEDICAL EMERGENCY,2017-02-22 19:50:46,UPPER DUBLIN,LINDENWOLD TER & BETHLEHEM PIKE,1
40.2523057,-75.2854261,W 8TH ST;  LANSDALE; Station 345; 2016-02-24 @ 22:10:43;,19446,EMS: UNKNOWN MEDICAL EMERGENCY,2016-02-24 22:10:43,LANSDALE,W 8TH ST,1
40.0622681,-75.3053777,CONSHOHOCKEN STATE RD & WESLEYS RUN; LOWER MERION; 2018-03-21 @ 14:36:13;,19035,Traffic: DISABLED VEHICLE -,2018-03-21 14:36:13,LOWER MERION,CONSHOHOCKEN STATE RD & WESLEYS RUN,1
40.2750408,-75.4764550,GRAVEL PIKE & OLD GRAVEL PIKE;  LOWER FREDERICK; Station 308C; 2018-12-26 @ 11:54:54;,19473,EMS: FALL VICTIM,2018-12-26 11:54:54,LOWER FREDERICK,GRAVEL PIKE & OLD GRAVEL PIKE,1
40.2566279,-75.2612699,LINE ST & COWPATH RD;  HATFIELD TOWNSHIP; Station 345; 2017-02-15 @ 20:07:58;,19446,EMS: SYNCOPAL EPISODE,2017-02-15 20:07:58,HATFIELD TOWNSHIP,LINE ST & COWPATH RD,1
40.1022557,-75.2028008,HAWS LN & FRASER RD;  SPRINGFIELD; Station 351A; 2020-04-06 @ 02:53:17;,19038,EMS: FEVER,2020-04-06 02:53:17,SPRINGFIELD,HAWS LN & FRASER RD,1
40.0249667,-75.2829046,DERRING LN & DEAD END; LOWER MERION; 2016-09-13 @ 08:38:23-Station:STA23;,,Fire: FIRE ALARM,2016-09-13 08:38:23,LOWER MERION,DERRING LN & DEAD END,1
40.2585050,-75.2652330,BROAD ST & COWPATH RD;  HATFIELD TOWNSHIP; Station 345; 2016-08-29 @ 15:23:48;,19446,EMS: SYNCOPAL EPISODE,2016-08-29 15:23:48,HATFIELD TOWNSHIP,BROAD ST & COWPATH RD,1
40.2421595,-75.3038112,PIONEER RD & NASH AVE;  TOWAMENCIN; Station 345B; 2020-01-08 @ 21:23:12;,19446,EMS: UNKNOWN MEDICAL EMERGENCY,2020-01-08 21:23:12,TOWAMENCIN,PIONEER RD & NASH AVE,1
40.1668468,-75.1762313,FORT WASHINGTON AVE & EDISON DR;  UPPER DUBLIN; Station 351; 2017-04-15 @ 08:14:28;,19002,EMS: ABDOMINAL PAINS,2017-04-15 08:14:28,UPPER DUBLIN,FORT WASHINGTON AVE & EDISON DR,1
40.1847975,-75.2868790,TWIN SILO DR & MORRIS RD;  WHITPAIN; Station 385; 2018-04-04 @ 11:28:57;,19422,EMS: SUBJECT IN PAIN,2018-04-04 11:28:57,WHITPAIN,TWIN SILO DR & MORRIS RD,1
40.2354952,-75.3082920,VALLEY FORGE RD & MCNAIR DR;  TOWAMENCIN; Station 345B; 2019-09-16 @ 10:20:08;,19446,EMS: SEIZURES,2019-09-16 10:20:08,TOWAMENCIN,VALLEY FORGE RD & MCNAIR DR,1
40.1164472,-75.3489018,W MAIN ST & MARKLEY ST; NORRISTOWN; 2019-01-19 @ 17:59:34;,19401,Traffic: VEHICLE ACCIDENT -,2019-01-19 17:59:34,NORRISTOWN,W MAIN ST & MARKLEY ST,1
40.1687911,-75.4571168,RIVERS EDGE DR & WATER FALL CIR; LOWER PROVIDENCE; 2019-08-02 @ 13:02:09-Station:STA53;,19426,Fire: S/B AT HELICOPTER LANDING,2019-08-02 13:02:09,LOWER PROVIDENCE,RIVERS EDGE DR & WATER FALL CIR,1
40.2071742,-75.5075842,S TOWNSHIP LINE RD & LINFIELD TRAPPE RD; UPPER PROVIDENCE; 2016-07-03 @ 14:31:13;,19468,Traffic: DISABLED VEHICLE -,2016-07-03 14:31:13,UPPER PROVIDENCE,S TOWNSHIP LINE RD & LINFIELD TRAPPE RD,1
40.1822099,-75.2902939,BIRKDALE DR & GOLFVIEW DR; WHITPAIN; 2019-12-08 @ 16:45:34-Station:STA33;,19422,Fire: FIRE INVESTIGATION,2019-12-08 16:45:34,WHITPAIN,BIRKDALE DR & GOLFVIEW DR,1
40.0819517,-75.0907994,PARK AVE & HUNTINGDON PIKE;  ROCKLEDGE; Station 382; 2018-09-29 @ 12:25:26;,19046,EMS: SYNCOPAL EPISODE,2018-09-29 12:25:26,ROCKLEDGE,PARK AVE & HUNTINGDON PIKE,1
40.2694794,-75.3311661,DERSTINE RD & KIMBERLY WAY; HATFIELD TOWNSHIP; 2019-03-04 @ 01:50:58-Station:STA17;,19440,Fire: FIRE SPECIAL SERVICE,2019-03-04 01:50:58,HATFIELD TOWNSHIP,DERSTINE RD & KIMBERLY WAY,1
40.1633929,-75.1110720,S YORK RD & S WARMINSTER RD; UPPER MORELAND; 2016-12-20 @ 09:12:53;,19040,Traffic: VEHICLE ACCIDENT -,2016-12-20 09:12:53,UPPER MORELAND,S YORK RD & S WARMINSTER RD,1
40.0249667,-75.2829046,WELSH TER & DEAD END;  LOWER MERION; Station 313; 2016-03-07 @ 10:44:48;,,EMS: GENERAL WEAKNESS,2016-03-07 10:44:48,LOWER MERION,WELSH TER & DEAD END,1
40.1074248,-75.2359756,BARTRAM CT & CREEKSIDE DR;  WHITEMARSH; Station 318; 2018-12-24 @ 17:00:52;,19031,EMS: SYNCOPAL EPISODE,2018-12-24 17:00:52,WHITEMARSH,BARTRAM CT & CREEKSIDE DR,1
40.1205449,-75.3335690,WOOD ST & ARCH ST;  NORRISTOWN; Station 308A; 2017-09-03 @ 14:28:18;,19401,EMS: MATERNITY,2017-09-03 14:28:18,NORRISTOWN,WOOD ST & ARCH ST,1
40.1339977,-75.4494634,EGYPT RD & BLACK ROCK RD; UPPER PROVIDENCE; 2016-12-23 @ 19:46:41;,19426,Traffic: VEHICLE ACCIDENT -,2016-12-23 19:46:41,UPPER PROVIDENCE,EGYPT RD & BLACK ROCK RD,1
40.1490762,-75.1346705,KIMBALL AVE & NORTH HILLS AVE; ABINGTON; 2017-02-18 @ 09:31:11;,19090,Traffic: VEHICLE ACCIDENT -,2017-02-18 09:31:11,ABINGTON,KIMBALL AVE & NORTH HILLS AVE,1
40.0661709,-75.1272596,MOUNTAIN AVE & UNION AVE;  CHELTENHAM; Station 358; 2018-05-08 @ 01:01:29;,19027,EMS: FALL VICTIM,2018-05-08 01:01:29,CHELTENHAM,MOUNTAIN AVE & UNION AVE,1
40.2417950,-75.5200251,METKA RD & ZIEGLER RD; LIMERICK; 2016-09-30 @ 12:13:20-Station:STA54;,19468,Fire: VEHICLE ACCIDENT,2016-09-30 12:13:20,LIMERICK,METKA RD & ZIEGLER RD,1
40.0812601,-75.1370254,LIMEKILN PIKE & RT309 EXPY SB;  CHELTENHAM; Station 358A; 2019-09-01 @ 18:50:35;,,EMS: FALL VICTIM,2019-09-01 18:50:35,CHELTENHAM,LIMEKILN PIKE & RT309 EXPY SB,1
40.2445192,-75.5867253,HIGH ST & ALLISON DR; LOWER POTTSGROVE; 2016-12-29 @ 13:19:11-Station:STA58;,19464,Fire: CARDIAC ARREST,2016-12-29 13:19:11,LOWER POTTSGROVE,HIGH ST & ALLISON DR,1
40.0951072,-75.1257010,YORK RD & GREENWOOD AVE;  JENKINTOWN; Station 382; 2018-05-28 @ 19:46:22;,19046,EMS: BUILDING FIRE,2018-05-28 19:46:22,JENKINTOWN,YORK RD & GREENWOOD AVE,1
40.1566208,-75.4113257,EAGLEVILLE RD & SUNDERLAND DR;  LOWER PROVIDENCE; Station 322; 2020-01-08 @ 07:45:47;,19403,EMS: CARDIAC EMERGENCY,2020-01-08 07:45:47,LOWER PROVIDENCE,EAGLEVILLE RD & SUNDERLAND DR,1
40.1700020,-75.2406971,CULPEPPER DR & STAFFORD DR; LOWER GWYNEDD; 2018-12-10 @ 16:46:51-Station:STA7;,19422,Fire: APPLIANCE FIRE,2018-12-10 16:46:51,LOWER GWYNEDD,CULPEPPER DR & STAFFORD DR,1
40.3853220,-75.4884301,RT29 WEST  ; UPPER HANOVER; 2018-11-28 @ 11:35:16;,,Traffic: ROAD OBSTRUCTION -,2018-11-28 11:35:16,UPPER HANOVER,RT29 WEST,1
40.1596629,-75.4082221,RIDGE PIKE & EAGLEVILLE RD;  LOWER PROVIDENCE; Station 322; 2018-03-09 @ 08:25:11;,19403,EMS: VEHICLE ACCIDENT,2018-03-09 08:25:11,LOWER PROVIDENCE,RIDGE PIKE & EAGLEVILLE RD,1
40.4029519,-75.5074269,STATE ST & 3RD ST; EAST GREENVILLE; 2020-07-20 @ 19:56:50;,18041,Traffic: ROAD OBSTRUCTION -,2020-07-20 19:56:50,EAST GREENVILLE,STATE ST & 3RD ST,1
40.2779192,-75.6281794,MAUGERS MILL RD & SCHWENK RD;  UPPER POTTSGROVE; Station 329B; 2018-10-16 @ 17:49:03;,19464,EMS: UNRESPONSIVE SUBJECT,2018-10-16 17:49:03,UPPER POTTSGROVE,MAUGERS MILL RD & SCHWENK RD,1
40.0717603,-75.1540507,WASHINGTON LN & CHELTENHAM AVE; CHELTENHAM; 2016-10-21 @ 14:44:42;,19095,Traffic: DISABLED VEHICLE -,2016-10-21 14:44:42,CHELTENHAM,WASHINGTON LN & CHELTENHAM AVE,1
40.1200832,-75.3411193,SWEDE ST & E JACOBY ST;  NORRISTOWN; Station 308A; 2017-05-20 @ 19:46:17;,19401,EMS: SUBJECT IN PAIN,2017-05-20 19:46:17,NORRISTOWN,SWEDE ST & E JACOBY ST,1
40.1546984,-75.1392426,COMPUTER AVE & WELSH RD; UPPER MORELAND; 2018-12-17 @ 12:26:35;,19090,Traffic: VEHICLE ACCIDENT -,2018-12-17 12:26:35,UPPER MORELAND,COMPUTER AVE & WELSH RD,1
40.1227798,-75.2672413,MELISSA WAY & SPARANGO LN;  PLYMOUTH; Station 308; 2020-02-10 @ 16:20:56;,19462,EMS: ASSAULT VICTIM,2020-02-10 16:20:56,PLYMOUTH,MELISSA WAY & SPARANGO LN,1
40.1222042,-75.1545181,SPEAR AVE & CRICKET AVE; ABINGTON; 2018-03-01 @ 22:11:21-Station:STA400;,19038,Fire: FIRE ALARM,2018-03-01 22:11:21,ABINGTON,SPEAR AVE & CRICKET AVE,1
40.0972222,-75.3761952,SCHUYLKILL EXPY & RR OVERPASS; UPPER MERION; 2019-10-31 @ 14:10:00;,,Traffic: VEHICLE ACCIDENT -,2019-10-31 14:10:00,UPPER MERION,SCHUYLKILL EXPY & RR OVERPASS,1
40.2466476,-75.6417829,WASHINGTON ST & CHESTNUT ST;  POTTSTOWN; Station 329; 2019-08-24 @ 06:02:25;,19464,EMS: ABDOMINAL PAINS,2019-08-24 06:02:25,POTTSTOWN,WASHINGTON ST & CHESTNUT ST,1
40.2228820,-75.3987889,LAKESIDE DR & DEAD END;  SKIPPACK; Station 336; 2018-02-19 @ 03:33:30;,,EMS: RESPIRATORY EMERGENCY,2018-02-19 03:33:30,SKIPPACK,LAKESIDE DR & DEAD END,1
40.2402185,-75.2882607,YORK AVE & GREEN ST;  LANSDALE; Station 345B; 2016-03-21 @ 12:33:22;,19446,EMS: SUBJECT IN PAIN,2016-03-21 12:33:22,LANSDALE,YORK AVE & GREEN ST,1
40.1117737,-75.3369314,E MAIN ST & WALNUT ST; NORRISTOWN; 2018-01-05 @ 05:29:19;,19401,Traffic: HAZARDOUS ROAD CONDITIONS -,2018-01-05 05:29:19,NORRISTOWN,E MAIN ST & WALNUT ST,1
40.1847975,-75.2868790,TWIN SILO DR & MORRIS RD;  WHITPAIN; Station 385; 2018-11-12 @ 14:12:28;,19422,EMS: RESPIRATORY EMERGENCY,2018-11-12 14:12:28,WHITPAIN,TWIN SILO DR & MORRIS RD,1
40.1370627,-75.3950604,S TROOPER RD & ROGERS RD; WEST NORRITON; 2018-01-12 @ 15:15:55;,19403,Traffic: VEHICLE ACCIDENT -,2018-01-12 15:15:55,WEST NORRITON,S TROOPER RD & ROGERS RD,1
40.0251810,-75.3257130,LANCASTER AVE & MONTROSE AVE;  LOWER MERION; Station 313; 2017-08-14 @ 16:56:47;,19010,EMS: CARDIAC EMERGENCY,2017-08-14 16:56:47,LOWER MERION,LANCASTER AVE & MONTROSE AVE,1
40.1182934,-75.2827088,HICKORY RD & FOUNTAIN RD;  PLYMOUTH; Station 308; 2017-07-05 @ 14:15:01;,19462,EMS: VEHICLE ACCIDENT,2017-07-05 14:15:01,PLYMOUTH,HICKORY RD & FOUNTAIN RD,1
40.2063920,-75.1398510,EASTON RD & W COUNTY LINE RD; HORSHAM; 2018-08-24 @ 13:51:43;,19040,Traffic: VEHICLE ACCIDENT -,2018-08-24 13:51:43,HORSHAM,EASTON RD & W COUNTY LINE RD,1
40.1190244,-75.1906437,ORLEMANN AVE & WALNUT AVE;  SPRINGFIELD; Station 311; 2017-09-01 @ 15:14:00;,19075,EMS: CARDIAC ARREST,2017-09-01 15:14:00,SPRINGFIELD,ORLEMANN AVE & WALNUT AVE,1
40.1537598,-75.2238390,MAIN ST & W BUTLER AVE; AMBLER; 2019-09-05 @ 09:25:36;,19002,Traffic: ROAD OBSTRUCTION -,2019-09-05 09:25:36,AMBLER,MAIN ST & W BUTLER AVE,1
40.0806227,-75.1265450,OLD YORK RD & GREEN BRIAR RD;  CHELTENHAM; Station 358; 2020-05-22 @ 02:10:24;,19027,EMS: SUBJECT IN PAIN,2020-05-22 02:10:24,CHELTENHAM,OLD YORK RD & GREEN BRIAR RD,1
40.2285991,-75.2963342,BROAD ST & ALLENTOWN RD; UPPER GWYNEDD; 2016-09-29 @ 17:07:10-Station:STA80;,19446,Fire: FIRE ALARM,2016-09-29 17:07:10,UPPER GWYNEDD,BROAD ST & ALLENTOWN RD,1
40.1452068,-75.1913795,BARTON DR & CORY DR; UPPER DUBLIN; 2019-03-20 @ 17:06:27;,19034,Traffic: DISABLED VEHICLE -,2019-03-20 17:06:27,UPPER DUBLIN,BARTON DR & CORY DR,1
40.2321348,-75.5255249,W RIDGE PIKE; LIMERICK; 2017-12-04 @ 14:54:47-Station:STA54;,19468,Fire: FIRE POLICE NEEDED,2017-12-04 14:54:47,LIMERICK,W RIDGE PIKE,1
40.1349170,-75.1151010,OLD YORK RD & OLD WELSH RD; ABINGTON; 2017-03-03 @ 06:39:31;,19001,Traffic: VEHICLE ACCIDENT -,2017-03-03 06:39:31,ABINGTON,OLD YORK RD & OLD WELSH RD,1
40.1540846,-75.2230002,BUTLER AVE & S SPRING GARDEN ST; AMBLER; 2019-10-04 @ 08:27:22-Station:STA7;,19002,Fire: FIRE ALARM,2019-10-04 08:27:22,AMBLER,BUTLER AVE & S SPRING GARDEN ST,1
40.0931406,-75.3677644,DEKALB PIKE & TOWN CENTER RD;  UPPER MERION; Station 317; 2017-01-05 @ 08:03:42;,19406,EMS: SYNCOPAL EPISODE,2017-01-05 08:03:42,UPPER MERION,DEKALB PIKE & TOWN CENTER RD,1
40.0783060,-75.1198080,CADWALADER AVE & MARVIN RD;  CHELTENHAM; Station 358; 2017-03-11 @ 19:15:22;,19027,EMS: RESPIRATORY EMERGENCY,2017-03-11 19:15:22,CHELTENHAM,CADWALADER AVE & MARVIN RD,1
40.1228913,-75.0641492,HUNTINGDON PIKE & WYNKOOP AVE; LOWER MORELAND; 2016-11-15 @ 07:02:05;,19006,Traffic: VEHICLE ACCIDENT -,2016-11-15 07:02:05,LOWER MORELAND,HUNTINGDON PIKE & WYNKOOP AVE,1
40.1405049,-75.3108737,GERMANTOWN PIKE & HANNAH AVE;  EAST NORRITON; Station 308; 2018-10-06 @ 20:37:15;,19401,EMS: FALL VICTIM,2018-10-06 20:37:15,EAST NORRITON,GERMANTOWN PIKE & HANNAH AVE,1
40.1293311,-75.3080788,BELVOIR RD & VALLEY RD;  PLYMOUTH; Station 308; 2020-05-01 @ 23:00:27;,19462,EMS: ABDOMINAL PAINS,2020-05-01 23:00:27,PLYMOUTH,BELVOIR RD & VALLEY RD,1
40.2201982,-75.3268073,HUNTER HILL DR & ARCHER LN;  TOWAMENCIN; Station 345B; 2018-09-03 @ 17:55:46;,19446,EMS: HEAD INJURY,2018-09-03 17:55:46,TOWAMENCIN,HUNTER HILL DR & ARCHER LN,1
40.1411232,-75.1389418,BANNER RD & FITZWATERTOWN RD;  ABINGTON; Station 381; 2017-09-30 @ 15:12:46;,19090,EMS: RESPIRATORY EMERGENCY,2017-09-30 15:12:46,ABINGTON,BANNER RD & FITZWATERTOWN RD,1
40.1033767,-75.4124499,VALLEY FORGE CIR & OLD VALLEY FORGE RD;  UPPER MERION; Station 317; 2016-10-28 @ 17:07:26;,19406,EMS: UNCONSCIOUS SUBJECT,2016-10-28 17:07:26,UPPER MERION,VALLEY FORGE CIR & OLD VALLEY FORGE RD,1
40.3635901,-75.5643580,GREEN HILL RD & STONE RD; DOUGLASS; 2019-11-04 @ 13:19:58;,19504,Traffic: VEHICLE ACCIDENT -,2019-11-04 13:19:58,DOUGLASS,GREEN HILL RD & STONE RD,1
40.2495317,-75.6720055,CUSTER CT & W BUTTONWOOD ST;  POTTSTOWN; Station 329; 2020-05-04 @ 14:43:21;,19464,EMS: SYNCOPAL EPISODE,2020-05-04 14:43:21,POTTSTOWN,CUSTER CT & W BUTTONWOOD ST,1
40.1032223,-75.3651111,VALLEY FORGE RD & FAIRVIEW RD;  UPPER MERION; Station 317; 2018-01-25 @ 20:58:03;,19406,EMS: OVERDOSE,2018-01-25 20:58:03,UPPER MERION,VALLEY FORGE RD & FAIRVIEW RD,1
40.1639698,-75.0588357,COUNTY LINE RD & JAMES WAY; LOWER MORELAND; 2020-07-13 @ 09:07:08;,19006,Traffic: VEHICLE ACCIDENT -,2020-07-13 09:07:08,LOWER MORELAND,COUNTY LINE RD & JAMES WAY,1
40.0774952,-75.3620325,S GULPH RD;  UPPER MERION; Station 317; 2018-03-06 @ 21:24:47;,19406,EMS: VEHICLE ACCIDENT,2018-03-06 21:24:47,UPPER MERION,S GULPH RD,1
40.0024480,-75.2733130,WYNNEWOOD RD & PENN RD; LOWER MERION; 2019-07-17 @ 14:45:54;,19096,Traffic: VEHICLE ACCIDENT -,2019-07-17 14:45:54,LOWER MERION,WYNNEWOOD RD & PENN RD,1
40.1925127,-75.4751898,W 3RD AVE;  TRAPPE; Station 324; 2019-05-29 @ 17:50:17;,19426,EMS: VEHICLE ACCIDENT,2019-05-29 17:50:17,TRAPPE,W 3RD AVE,1
40.2290075,-75.3878525,CHESTNUT HILL RD & HARMONYVILLE RD;  CHESTER COUNTY; Station 3A84; 2019-12-26 @ 20:03:16;,,EMS: SYNCOPAL EPISODE,2019-12-26 20:03:16,CHESTER COUNTY,CHESTNUT HILL RD & HARMONYVILLE RD,1
40.3602480,-75.4751353,CAMPBELL RD & BUCK RD;  MARLBOROUGH; Station 344A; 2016-11-01 @ 01:25:11;,18054,EMS: GENERAL WEAKNESS,2016-11-01 01:25:11,MARLBOROUGH,CAMPBELL RD & BUCK RD,1
40.0962587,-75.3576986,SAULIN BLVD & E DEKALB PIKE; UPPER MERION; 2019-04-19 @ 17:38:13;,19406,Traffic: VEHICLE ACCIDENT -,2019-04-19 17:38:13,UPPER MERION,SAULIN BLVD & E DEKALB PIKE,1
40.1117978,-75.3436082,SCHUYLKILL AVE & DEKALB ST;  NORRISTOWN; Station 308A; 2020-07-28 @ 06:09:32;,19401,EMS: UNCONSCIOUS SUBJECT,2020-07-28 06:09:32,NORRISTOWN,SCHUYLKILL AVE & DEKALB ST,1
40.1360200,-75.3546060,BEECH DR & SPRUCE ST;  WEST NORRITON; Station 308B; 2020-04-16 @ 11:27:54;,19403,EMS: FRACTURE,2020-04-16 11:27:54,WEST NORRITON,BEECH DR & SPRUCE ST,1
40.1411537,-75.2113805,ELLIGER AVE & LOCUST RD; UPPER DUBLIN; 2016-11-14 @ 10:04:56-Station:STA88;,19034,Fire: FIRE ALARM,2016-11-14 10:04:56,UPPER DUBLIN,ELLIGER AVE & LOCUST RD,1
40.1397628,-75.3863985,MAIN ST & LAWN AVE; WEST NORRITON; 2018-06-14 @ 10:33:50-Station:STA46;,19403,Fire: FIRE ALARM,2018-06-14 10:33:50,WEST NORRITON,MAIN ST & LAWN AVE,1
40.0889580,-75.4083470,GODDARD BLVD & N GULPH RD; UPPER MERION; 2016-12-05 @ 12:47:29-Station:STA47;,19406,Fire: FIRE ALARM,2016-12-05 12:47:29,UPPER MERION,GODDARD BLVD & N GULPH RD,1
40.2130859,-75.3550371,WENTZ CHURCH RD & BARLEY LN;  WORCESTER; Station 336; 2019-07-07 @ 23:48:54;,19446,EMS: CARDIAC EMERGENCY,2019-07-07 23:48:54,WORCESTER,WENTZ CHURCH RD & BARLEY LN,1
40.1295380,-75.3246363,E JOHNSON HWY & DEKALB PIKE; NORRISTOWN; 2018-06-19 @ 09:04:12;,19401,Traffic: VEHICLE ACCIDENT -,2018-06-19 09:04:12,NORRISTOWN,E JOHNSON HWY & DEKALB PIKE,1
40.1163189,-75.2656171,RAMP SUSQUEHANNA RD TO RT309 SB & RAMP RT309 SB TO BUTLER PIKE; UPPER MORELAND; 2020-05-15 @ 12:01:02;,,Traffic: ROAD OBSTRUCTION -,2020-05-15 12:01:02,UPPER MORELAND,RAMP SUSQUEHANNA RD TO RT309 SB & RAMP RT309 SB TO BUTLER PIKE,1
40.1198979,-75.1310919,EDGE HILL RD & SUSQUEHANNA RD; ABINGTON; 2018-03-28 @ 15:31:16;,19001,Traffic: VEHICLE ACCIDENT -,2018-03-28 15:31:16,ABINGTON,EDGE HILL RD & SUSQUEHANNA RD,1
40.3941297,-75.5012100,POTTSTOWN AVE & WASHINGTON ST; PENNSBURG; 2017-01-08 @ 06:09:07-Station:STA65;,18073,Fire: FIRE ALARM,2017-01-08 06:09:07,PENNSBURG,POTTSTOWN AVE & WASHINGTON ST,1
40.0012678,-75.2263827,E CITY AVE & CONSHOHOCKEN STATE RD; LOWER MERION; 2017-02-28 @ 08:35:31;,19004,Traffic: VEHICLE ACCIDENT -,2017-02-28 08:35:31,LOWER MERION,E CITY AVE & CONSHOHOCKEN STATE RD,1
40.1203947,-75.0665624,HUNTINGDON PIKE & DUELL ST; LOWER MORELAND; 2020-02-02 @ 01:57:35;,19006,Traffic: DISABLED VEHICLE -,2020-02-02 01:57:35,LOWER MORELAND,HUNTINGDON PIKE & DUELL ST,1
40.2356127,-75.2251278,RT202 PKWY & HORSHAM RD; MONTGOMERY; 2017-01-30 @ 12:13:15;,,Traffic: VEHICLE ACCIDENT -,2017-01-30 12:13:15,MONTGOMERY,RT202 PKWY & HORSHAM RD,1
40.1875387,-75.5363220,MAIN ST; LIMERICK; 2018-05-20 @ 14:26:25-Station:STA51;,19468,Fire: FIRE POLICE NEEDED,2018-05-20 14:26:25,LIMERICK,MAIN ST,1
40.0112563,-75.2598772,MONTGOMERY AVE & PRICE AVE;  NARBERTH; Station 313; 2017-11-17 @ 16:29:32;,19072,EMS: CARDIAC EMERGENCY,2017-11-17 16:29:32,NARBERTH,MONTGOMERY AVE & PRICE AVE,1
40.1178050,-75.1365530,EASTON RD & EDGE HILL RD;  ABINGTON; Station 383; 2020-02-26 @ 18:52:22;,19038,EMS: OVERDOSE,2020-02-26 18:52:22,ABINGTON,EASTON RD & EDGE HILL RD,1
40.1360200,-75.3546060,BEECH DR & SPRUCE ST;  WEST NORRITON; Station 308B; 2016-12-26 @ 17:59:06;,19403,EMS: CARDIAC EMERGENCY,2016-12-26 17:59:06,WEST NORRITON,BEECH DR & SPRUCE ST,1
40.1792254,-75.1805718,WELSH RD & NORRISTOWN RD; UPPER DUBLIN; 2017-09-06 @ 20:49:22;,19044,Traffic: VEHICLE ACCIDENT -,2017-09-06 20:49:22,UPPER DUBLIN,WELSH RD & NORRISTOWN RD,1
40.2872105,-75.3751062,SPRUCE LN & SPRUCE CIR;  FRANCONIA; Station 344; 2018-04-13 @ 02:47:58;,19438,EMS: CVA/STROKE,2018-04-13 02:47:58,FRANCONIA,SPRUCE LN & SPRUCE CIR,1
40.2605355,-75.3666079,MAIN ST & GODSHALL DR;  LOWER SALFORD; Station 344; 2016-07-11 @ 23:53:05;,19438,EMS: CARDIAC EMERGENCY,2016-07-11 23:53:05,LOWER SALFORD,MAIN ST & GODSHALL DR,1
40.0810064,-75.3145421,OLD ELM ST & FULTON ST;  PLYMOUTH; Station 308A; 2016-02-04 @ 08:45:14;,19428,EMS: MEDICAL ALERT ALARM,2016-02-04 08:45:14,PLYMOUTH,OLD ELM ST & FULTON ST,1
40.0589448,-75.3395848,MATSONS FORD RD & S GULPH RD; LOWER MERION; 2019-12-12 @ 16:39:59;,19085,Traffic: VEHICLE ACCIDENT -,2019-12-12 16:39:59,LOWER MERION,MATSONS FORD RD & S GULPH RD,1
40.0935101,-75.3307533,RIVER RD & MCCOYS LN; UPPER MERION; 2019-03-29 @ 19:23:02;,19406,Traffic: VEHICLE ACCIDENT -,2019-03-29 19:23:02,UPPER MERION,RIVER RD & MCCOYS LN,1
40.1363164,-75.1140289,OLD YORK RD & BERRELL AVE; ABINGTON; 2020-05-06 @ 20:39:21-Station:STA100;,19001,Fire: FIRE ALARM,2020-05-06 20:39:21,ABINGTON,OLD YORK RD & BERRELL AVE,1
40.0812601,-75.1370254,LIMEKILN PIKE & RT309 EXPY SB;  CHELTENHAM; Station 358A; 2017-03-18 @ 04:43:45;,,EMS: GENERAL WEAKNESS,2017-03-18 04:43:45,CHELTENHAM,LIMEKILN PIKE & RT309 EXPY SB,1
40.0694765,-75.1500146,CHELTENHAM AVE & N 20TH ST; PHILA COUNTY; 2017-06-01 @ 09:42:02;,19027,Traffic: DISABLED VEHICLE -,2017-06-01 09:42:02,PHILA COUNTY,CHELTENHAM AVE & N 20TH ST,1
40.1271397,-75.4296662,LARK LN & SPARROW RD;  LOWER PROVIDENCE; Station 322A; 2018-10-18 @ 15:49:02;,19403,EMS: RESPIRATORY EMERGENCY,2018-10-18 15:49:02,LOWER PROVIDENCE,LARK LN & SPARROW RD,1
40.0763870,-75.1518110,THORNBERRY RD & WISTAR DR;  CHELTENHAM; Station 358A; 2020-07-18 @ 19:27:46;,19095,EMS: SUBJECT IN PAIN,2020-07-18 19:27:46,CHELTENHAM,THORNBERRY RD & WISTAR DR,1
40.2685653,-75.6244597,CHARLOTTE ST & ORLANDO RD;  LOWER POTTSGROVE; Station 329B; 2020-01-16 @ 14:00:50;,19464,EMS: FRACTURE,2020-01-16 14:00:50,LOWER POTTSGROVE,CHARLOTTE ST & ORLANDO RD,1
40.3203106,-75.3201887,S MAIN ST & E SUMMIT AVE; TELFORD; 2016-02-29 @ 16:44:57;,18969,Traffic: VEHICLE ACCIDENT -,2016-02-29 16:44:57,TELFORD,S MAIN ST & E SUMMIT AVE,1
40.2756328,-75.3921037,OAK DR & MAPLE AVE;  LOWER SALFORD; Station 344; 2015-12-24 @ 12:18:32;,19438,EMS: SYNCOPAL EPISODE,2015-12-24 12:18:32,LOWER SALFORD,OAK DR & MAPLE AVE,1
40.3856126,-75.4886097,MAIN ST; MARLBOROUGH; 2017-08-11 @ 12:30:15-Station:STA42;,,Fire: VEHICLE ACCIDENT,2017-08-11 12:30:15,MARLBOROUGH,MAIN ST,1
40.0621460,-75.1367330,OLD YORK RD & CHELTENHAM AVE; CHELTENHAM; 2019-02-27 @ 11:46:46;,19027,Traffic: VEHICLE ACCIDENT -,2019-02-27 11:46:46,CHELTENHAM,OLD YORK RD & CHELTENHAM AVE,1
40.0960353,-75.4000406,AMERICAN AVE & 1ST AVE;  UPPER MERION; Station 317; 2017-04-05 @ 15:38:54;,19406,EMS: ANIMAL BITE,2017-04-05 15:38:54,UPPER MERION,AMERICAN AVE & 1ST AVE,1
40.2553394,-75.6480620,YORK ST & E 8TH ST;  POTTSTOWN; Station 329; 2020-01-10 @ 21:19:20;,19464,EMS: CARDIAC EMERGENCY,2020-01-10 21:19:20,POTTSTOWN,YORK ST & E 8TH ST,1
40.1209496,-75.3494023,GEORGE ST;  NORRISTOWN; Station 308A; 2019-09-20 @ 23:25:15;,19401,EMS: LACERATIONS,2019-09-20 23:25:15,NORRISTOWN,GEORGE ST,1
40.2946971,-75.5956482,KLEMAN RD & STACIE DR; NEW HANOVER; 2016-02-24 @ 21:16:56;,19525,Traffic: HAZARDOUS ROAD CONDITIONS -,2016-02-24 21:16:56,NEW HANOVER,KLEMAN RD & STACIE DR,1
40.1204561,-75.3359703,GREEN ST & E SPRUCE ST;  NORRISTOWN; Station 308A; 2018-05-22 @ 09:40:57;,19401,EMS: HEMORRHAGING,2018-05-22 09:40:57,NORRISTOWN,GREEN ST & E SPRUCE ST,1
40.2479133,-75.2651893,MANOR DR & WENTWORTH DR; MONTGOMERY; 2018-02-15 @ 18:51:06-Station:STA18;,19446,Fire: FIRE ALARM,2018-02-15 18:51:06,MONTGOMERY,MANOR DR & WENTWORTH DR,1
40.0788880,-75.3551040,HENDERSON RD & SHOEMAKER RD;  UPPER MERION; Station 317; 2017-12-18 @ 07:01:14;,19406,EMS: ABDOMINAL PAINS,2017-12-18 07:01:14,UPPER MERION,HENDERSON RD & SHOEMAKER RD,1
40.0249667,-75.2829046,SCHUYLKILL EXPY & WAVERLY RD UNDERPASS; LOWER MERION; 2017-05-06 @ 06:01:09;,,Traffic: VEHICLE ACCIDENT -,2017-05-06 06:01:09,LOWER MERION,SCHUYLKILL EXPY & WAVERLY RD UNDERPASS,1
40.2605317,-75.3995089,ALUMNI AVE & MUNICIPAL DR; LOWER SALFORD; 2016-05-03 @ 01:54:38-Station:STA89;,,Fire: FIRE ALARM,2016-05-03 01:54:38,LOWER SALFORD,ALUMNI AVE & MUNICIPAL DR,1
40.2221963,-75.4068754,MENSCH RD & CARRIAGE DR;  SKIPPACK; Station 336; 2019-07-25 @ 11:00:17;,19473,EMS: ALLERGIC REACTION,2019-07-25 11:00:17,SKIPPACK,MENSCH RD & CARRIAGE DR,1
40.2513703,-75.4657098,PERKIOMEN AVE & 3RD ST;  SCHWENKSVILLE; Station 331; 2016-02-04 @ 18:55:25;,19473,EMS: CARDIAC EMERGENCY,2016-02-04 18:55:25,SCHWENKSVILLE,PERKIOMEN AVE & 3RD ST,1
40.1522357,-75.3486116,GERMANTOWN PIKE & WHITEHALL RD; EAST NORRITON; 2017-12-15 @ 10:43:54;,19403,Traffic: VEHICLE ACCIDENT -,2017-12-15 10:43:54,EAST NORRITON,GERMANTOWN PIKE & WHITEHALL RD,1
40.1803086,-75.4519490,2ND AVE & STINE DR;  COLLEGEVILLE; Station 324; 2018-07-02 @ 18:06:13;,19426,EMS: ALTERED MENTAL STATUS,2018-07-02 18:06:13,COLLEGEVILLE,2ND AVE & STINE DR,1
40.2678072,-75.2947206,DOGWOOD LN & SCHWAB RD; HATFIELD TOWNSHIP; 2020-07-09 @ 17:30:09;,19440,Traffic: VEHICLE ACCIDENT -,2020-07-09 17:30:09,HATFIELD TOWNSHIP,DOGWOOD LN & SCHWAB RD,1
40.1082238,-75.1441419,JENKINTOWN RD & BRIARWOOD RD; ABINGTON; 2019-06-07 @ 08:00:59;,19038,Traffic: VEHICLE ACCIDENT -,2019-06-07 08:00:59,ABINGTON,JENKINTOWN RD & BRIARWOOD RD,1
40.0946197,-75.3628559,HENDERSON RD & W DEKALB PIKE; UPPER MERION; 2019-03-16 @ 16:56:28;,19406,Traffic: VEHICLE ACCIDENT -,2019-03-16 16:56:28,UPPER MERION,HENDERSON RD & W DEKALB PIKE,1
40.0972222,-75.3761952,SCHUYLKILL EXPY & TRINITY LN UNDERPASS; UPPER MERION; 2019-07-21 @ 13:48:33;,,Traffic: VEHICLE ACCIDENT -,2019-07-21 13:48:33,UPPER MERION,SCHUYLKILL EXPY & TRINITY LN UNDERPASS,1
40.1049918,-75.3448569,MILL ST & BIRCH ALY; BRIDGEPORT; 2019-12-22 @ 02:47:01-Station:STA31;,19405,Fire: FIRE ALARM,2019-12-22 02:47:01,BRIDGEPORT,MILL ST & BIRCH ALY,1
40.1465615,-75.1745292,SOUTHWIND WAY & CANDLEBROOK DR;  UPPER DUBLIN; Station 351; 2017-02-27 @ 13:04:30;,19025,EMS: HEAD INJURY,2017-02-27 13:04:30,UPPER DUBLIN,SOUTHWIND WAY & CANDLEBROOK DR,1
40.2494951,-75.6635208,RT100 SB & W KING ST; POTTSTOWN; 2019-09-30 @ 18:37:24;,19464,Traffic: ROAD OBSTRUCTION -,2019-09-30 18:37:24,POTTSTOWN,RT100 SB & W KING ST,1
40.4062489,-75.4724699,GERYVILLE PIKE & E BUCK RD;  UPPER HANOVER; Station 369; 2018-09-07 @ 11:48:27;,18073,EMS: SEIZURES,2018-09-07 11:48:27,UPPER HANOVER,GERYVILLE PIKE & E BUCK RD,1
40.2122959,-75.5445674,RAMP RT422 EB TO N LEWIS RD & N LEWIS RD; LIMERICK; 2017-12-13 @ 23:09:43;,19468,Traffic: DISABLED VEHICLE -,2017-12-13 23:09:43,LIMERICK,RAMP RT422 EB TO N LEWIS RD & N LEWIS RD,1
40.2498804,-75.6480997,PENN ST & GROWS ALY;  POTTSTOWN; Station 329; 2017-10-10 @ 15:13:16;,19464,EMS: RESPIRATORY EMERGENCY,2017-10-10 15:13:16,POTTSTOWN,PENN ST & GROWS ALY,1
40.1562106,-75.1220043,EASTON RD; UPPER MORELAND; 2016-09-30 @ 05:19:46-Station:STA10;,,Fire: ELECTRICAL FIRE OUTSIDE,2016-09-30 05:19:46,UPPER MORELAND,EASTON RD,1
40.1130379,-75.3405103,MAIN ST & MILL ST;  NORRISTOWN; Station 308A; 2016-07-01 @ 13:21:43;,19401,EMS: RESPIRATORY EMERGENCY,2016-07-01 13:21:43,NORRISTOWN,MAIN ST & MILL ST,1
40.2224824,-75.3039846,SUMNEYTOWN PIKE;  UPPER GWYNEDD; Station 345B; 2018-05-11 @ 07:00:35;,,EMS: VEHICLE ACCIDENT,2018-05-11 07:00:35,UPPER GWYNEDD,SUMNEYTOWN PIKE,1
40.1574454,-75.2745855,SKIPPACK PIKE & SCHOOL RD; WHITPAIN; 2019-08-27 @ 08:34:09;,19422,Traffic: VEHICLE ACCIDENT -,2019-08-27 08:34:09,WHITPAIN,SKIPPACK PIKE & SCHOOL RD,1
40.1472239,-75.3271471,W GERMANTOWN PIKE & STANBRIDGE ST; EAST NORRITON; 2017-02-06 @ 18:07:51;,19401,Traffic: DISABLED VEHICLE -,2017-02-06 18:07:51,EAST NORRITON,W GERMANTOWN PIKE & STANBRIDGE ST,1
40.1195583,-75.3470376,CORSON ST & W BLACKBERRY ALY; NORRISTOWN; 2016-06-09 @ 06:45:38-Station:STA27;,19401,Fire: FIRE ALARM,2016-06-09 06:45:38,NORRISTOWN,CORSON ST & W BLACKBERRY ALY,1
40.0838052,-75.1918463,ABINGTON AVE & TRAYMORE AVE;  SPRINGFIELD; Station 311; 2018-05-30 @ 14:43:31;,19038,EMS: FALL VICTIM,2018-05-30 14:43:31,SPRINGFIELD,ABINGTON AVE & TRAYMORE AVE,1
40.0767309,-75.2715007,BARREN HILL RD & SCARLET OAK DR; WHITEMARSH; 2018-10-22 @ 15:42:07;,19428,Traffic: ROAD OBSTRUCTION -,2018-10-22 15:42:07,WHITEMARSH,BARREN HILL RD & SCARLET OAK DR,1
40.1022274,-75.3915443,VALLEY FORGE RD & GENERAL STEUBEN RD;  UPPER MERION; Station 317; 2016-07-21 @ 22:46:28;,19406,EMS: UNCONSCIOUS SUBJECT,2016-07-21 22:46:28,UPPER MERION,VALLEY FORGE RD & GENERAL STEUBEN RD,1
40.2390752,-75.5276672,SWAMP PIKE & VILLAGE WAY;  LIMERICK; Station 324A; 2017-01-06 @ 13:32:43;,19468,EMS: VEHICLE ACCIDENT,2017-01-06 13:32:43,LIMERICK,SWAMP PIKE & VILLAGE WAY,1
40.2304548,-75.6339815,WORTH BLVD & TYSON ST;  CHESTER COUNTY; Station 3A84; 2020-06-28 @ 02:05:10;,19465,EMS: SUBJECT IN PAIN,2020-06-28 02:05:10,CHESTER COUNTY,WORTH BLVD & TYSON ST,1
40.2237777,-75.2353993,WITCHWOOD DR & STUMP RD; MONTGOMERY; 2017-03-19 @ 10:38:48;,18936,Traffic: VEHICLE ACCIDENT -,2017-03-19 10:38:48,MONTGOMERY,WITCHWOOD DR & STUMP RD,1
40.1350514,-75.3562044,UPPER FARM RD & BEECH DR;  WEST NORRITON; Station 308B; 2016-06-16 @ 21:39:38;,19403,EMS: UNCONSCIOUS SUBJECT,2016-06-16 21:39:38,WEST NORRITON,UPPER FARM RD & BEECH DR,1
40.1786998,-75.2051086,TENNIS AVE & NORRISTOWN RD; LOWER GWYNEDD; 2019-09-11 @ 10:44:24;,19002,Traffic: VEHICLE ACCIDENT -,2019-09-11 10:44:24,LOWER GWYNEDD,TENNIS AVE & NORRISTOWN RD,1
40.2560369,-75.5927008,BUCHERT RD & LAUREL WAY;  LOWER POTTSGROVE; Station 329B; 2019-02-04 @ 17:31:40;,19464,EMS: LACERATIONS,2019-02-04 17:31:40,LOWER POTTSGROVE,BUCHERT RD & LAUREL WAY,1
40.0972222,-75.3761952,PENNSYLVANIA TPKE & S HENDERSON RD UNDERPASS; UPPER MERION; 2016-04-02 @ 19:24:50-Station:STA47;,,Fire: TRASH/DUMPSTER FIRE,2016-04-02 19:24:50,UPPER MERION,PENNSYLVANIA TPKE & S HENDERSON RD UNDERPASS,1
40.1341512,-75.1200890,PROSPECT AVE & RUBICAM AVE;  ABINGTON; Station 381; 2017-06-11 @ 15:31:19;,19090,EMS: ALTERED MENTAL STATUS,2017-06-11 15:31:19,ABINGTON,PROSPECT AVE & RUBICAM AVE,1
40.2711494,-75.6134790,CHARLOTTE ST & WHITE PINE LN; LOWER POTTSGROVE; 2017-05-23 @ 22:53:30;,19464,Traffic: VEHICLE ACCIDENT -,2017-05-23 22:53:30,LOWER POTTSGROVE,CHARLOTTE ST & WHITE PINE LN,1
40.2267799,-75.2588110,WELSH RD & SANDYS LN; UPPER GWYNEDD; 2019-05-06 @ 15:43:30;,19454,Traffic: VEHICLE ACCIDENT -,2019-05-06 15:43:30,UPPER GWYNEDD,WELSH RD & SANDYS LN,1
40.1516869,-75.1343541,WELSH RD & KIMBALL AVE; UPPER MORELAND; 2017-01-05 @ 14:50:34;,19090,Traffic: VEHICLE ACCIDENT -,2017-01-05 14:50:34,UPPER MORELAND,WELSH RD & KIMBALL AVE,1
40.0125672,-75.3019694,HAVERFORD STATION RD & RR UNDERPASS; LOWER MERION; 2017-06-05 @ 16:32:25;,19041,Traffic: VEHICLE ACCIDENT -,2017-06-05 16:32:25,LOWER MERION,HAVERFORD STATION RD & RR UNDERPASS,1
40.1501003,-75.3974394,RIDGE PIKE & SUNNYSIDE AVE; LOWER PROVIDENCE; 2016-10-07 @ 08:49:17;,19403,Traffic: ROAD OBSTRUCTION -,2016-10-07 08:49:17,LOWER PROVIDENCE,RIDGE PIKE & SUNNYSIDE AVE,1
40.1911850,-75.1181500,QUINCE DR & OAK HILL DR;  HORSHAM; Station 352; 2019-09-18 @ 18:45:29;,19040,EMS: SUBJECT IN PAIN,2019-09-18 18:45:29,HORSHAM,QUINCE DR & OAK HILL DR,1
39.9898980,-75.2584300,LANCASTER AVE & LANKENAU DR; LOWER MERION; 2017-04-21 @ 16:32:12;,19096,Traffic: VEHICLE ACCIDENT -,2017-04-21 16:32:12,LOWER MERION,LANCASTER AVE & LANKENAU DR,1
40.1406088,-75.0305020,BLAKE RD & ANDREW RD;  LOWER MORELAND; Station 355; 2017-12-31 @ 11:54:29;,19006,EMS: FALL VICTIM,2017-12-31 11:54:29,LOWER MORELAND,BLAKE RD & ANDREW RD,1
40.2556094,-75.2651167,BROOKSIDE DR & MEADOW LN;  HATFIELD TOWNSHIP; Station 345; 2018-06-09 @ 21:08:21;,19446,EMS: CARDIAC ARREST,2018-06-09 21:08:21,HATFIELD TOWNSHIP,BROOKSIDE DR & MEADOW LN,1
40.1027154,-75.3088198,RIDGE PIKE & INDUSTRIAL WAY; PLYMOUTH; 2019-05-20 @ 15:17:48;,19428,Traffic: VEHICLE ACCIDENT -,2019-05-20 15:17:48,PLYMOUTH,RIDGE PIKE & INDUSTRIAL WAY,1
40.1650477,-75.0750475,PIONEER RD & SHOEMAKER RD;  UPPER MORELAND; Station 384; 2019-05-24 @ 00:06:32;,19040,EMS: SUBJECT IN PAIN,2019-05-24 00:06:32,UPPER MORELAND,PIONEER RD & SHOEMAKER RD,1
40.1489915,-75.2605160,SKIPPACK PIKE & WALTON RD; WHITPAIN; 2017-10-02 @ 12:07:40;,19422,Traffic: VEHICLE ACCIDENT -,2017-10-02 12:07:40,WHITPAIN,SKIPPACK PIKE & WALTON RD,1
40.1000430,-75.2074190,HAWS LN & CHESTNUT LN; SPRINGFIELD; 2020-01-28 @ 19:42:28-Station:STA6;,19031,Fire: GAS-ODOR/LEAK,2020-01-28 19:42:28,SPRINGFIELD,HAWS LN & CHESTNUT LN,1
40.1231771,-75.3337165,DEKALB ST & E FORNANCE ST; NORRISTOWN; 2016-02-25 @ 09:10:33;,19401,Traffic: VEHICLE ACCIDENT -,2016-02-25 09:10:33,NORRISTOWN,DEKALB ST & E FORNANCE ST,1
40.1406021,-75.5100229,TOWPATH; UPPER PROVIDENCE; 2016-07-10 @ 21:00:40-Station:STA99;,19453,Fire: FIRE INVESTIGATION,2016-07-10 21:00:40,UPPER PROVIDENCE,TOWPATH,1
40.2237857,-75.5141188,RIDGE PIKE & SUNNY BROOK RD; LIMERICK; 2016-02-15 @ 12:28:57-Station:STA54;,19468,Fire: TRANSFERRED CALL,2016-02-15 12:28:57,LIMERICK,RIDGE PIKE & SUNNY BROOK RD,1
40.1272732,-75.1308160,EASTON RD & BROOKDALE AVE; ABINGTON; 2019-07-21 @ 15:42:51;,19001,Traffic: VEHICLE ACCIDENT -,2019-07-21 15:42:51,ABINGTON,EASTON RD & BROOKDALE AVE,1
40.0917167,-75.3722775,PINECREST DR & W DEKALB PIKE;  UPPER MERION; Station 356; 2020-06-10 @ 21:04:31;,19406,EMS: FALL VICTIM,2020-06-10 21:04:31,UPPER MERION,PINECREST DR & W DEKALB PIKE,1
40.1740656,-75.2704954,CATHCART RD & MORRIS RD; WHITPAIN; 2016-07-10 @ 15:52:19;,19422,Traffic: VEHICLE ACCIDENT -,2016-07-10 15:52:19,WHITPAIN,CATHCART RD & MORRIS RD,1
40.1526476,-75.5206568,VISTA DR & UPLAND WAY; UPPER PROVIDENCE; 2019-10-24 @ 14:14:36-Station:STA98;,19460,Fire: FIRE ALARM,2019-10-24 14:14:36,UPPER PROVIDENCE,VISTA DR & UPLAND WAY,1
40.2487028,-75.4781579,CEMETERY RD & SMITH RD; PERKIOMEN; 2019-12-13 @ 23:56:01;,19473,Traffic: VEHICLE FIRE -,2019-12-13 23:56:01,PERKIOMEN,CEMETERY RD & SMITH RD,1
40.0737016,-75.1416763,MATHER WAY & PENROSE AVE; CHELTENHAM; 2019-06-07 @ 10:47:28;,19027,Traffic: VEHICLE ACCIDENT -,2019-06-07 10:47:28,CHELTENHAM,MATHER WAY & PENROSE AVE,1
40.1240795,-75.1195107,TRI COUNTY  ; ABINGTON; 2019-08-28 @ 12:25:03;,,Traffic: DISABLED VEHICLE -,2019-08-28 12:25:03,ABINGTON,TRI COUNTY,1
40.1966293,-75.4710530,MAIN ST & W 3RD AVE; TRAPPE; 2016-09-25 @ 14:09:27-Station:STA77;,19426,Fire: FIRE INVESTIGATION,2016-09-25 14:09:27,TRAPPE,MAIN ST & W 3RD AVE,1
40.1335723,-75.4515182,CRESSON BLVD & EGYPT RD;  UPPER PROVIDENCE; Station 322A; 2018-05-09 @ 12:41:45;,19426,EMS: SYNCOPAL EPISODE,2018-05-09 12:41:45,UPPER PROVIDENCE,CRESSON BLVD & EGYPT RD,1
40.1422617,-75.3898091,S TROOPER RD & RIDGE PIKE; LOWER PROVIDENCE; 2016-11-15 @ 17:35:16;,19403,Traffic: DISABLED VEHICLE -,2016-11-15 17:35:16,LOWER PROVIDENCE,S TROOPER RD & RIDGE PIKE,1
40.2776519,-75.6466533,HEATHER PL & N STATE ST; UPPER POTTSGROVE; 2017-08-19 @ 13:00:59;,19464,Traffic: VEHICLE ACCIDENT -,2017-08-19 13:00:59,UPPER POTTSGROVE,HEATHER PL & N STATE ST,1
40.1041852,-75.4399451,VALLEY CREEK RD & VALLEY FORGE PARK RD; UPPER MERION; 2020-03-02 @ 13:40:16;,,Traffic: VEHICLE ACCIDENT -,2020-03-02 13:40:16,UPPER MERION,VALLEY CREEK RD & VALLEY FORGE PARK RD,1
40.0735396,-75.2432901,RIDGE PIKE & NORTHWESTERN AVE;  SPRINGFIELD; Station 318; 2019-06-10 @ 07:14:57;,19128,EMS: HEMORRHAGING,2019-06-10 07:14:57,SPRINGFIELD,RIDGE PIKE & NORTHWESTERN AVE,1
40.1861046,-75.1737107,STERLING DR & DOWNEY DR; HORSHAM; 2019-11-13 @ 19:44:11-Station:STA15;,19044,Fire: FIRE INVESTIGATION,2019-11-13 19:44:11,HORSHAM,STERLING DR & DOWNEY DR,1
40.1693759,-75.4269376,RIDGE PIKE & FERN AVE; LOWER PROVIDENCE; 2017-08-25 @ 17:42:54;,19426,Traffic: DISABLED VEHICLE -,2017-08-25 17:42:54,LOWER PROVIDENCE,RIDGE PIKE & FERN AVE,1
40.3305544,-75.6238893,MONTGOMERY AVE & E 6TH ST;  DOUGLASS; Station 332; 2016-10-21 @ 17:44:38;,19512,EMS: FALL VICTIM,2016-10-21 17:44:38,DOUGLASS,MONTGOMERY AVE & E 6TH ST,1
40.1192546,-75.2362381,RT309 EXPY & E VALLEY GREEN RD OVERPASS; WHITEMARSH; 2018-07-25 @ 12:52:38;,,Traffic: VEHICLE ACCIDENT -,2018-07-25 12:52:38,WHITEMARSH,RT309 EXPY & E VALLEY GREEN RD OVERPASS,1
40.1274502,-75.3618445,MARSHALL ST & N MONTGOMERY AVE;  WEST NORRITON; Station 308B; 2020-04-13 @ 05:24:37;,19403,EMS: RESPIRATORY EMERGENCY,2020-04-13 05:24:37,WEST NORRITON,MARSHALL ST & N MONTGOMERY AVE,1
40.0818855,-75.1792165,IVY HILL RD & MICHENER AVE;  SPRINGFIELD; Station 311; 2017-06-09 @ 12:29:04;,19038,EMS: LACERATIONS,2017-06-09 12:29:04,SPRINGFIELD,IVY HILL RD & MICHENER AVE,1
40.2309343,-75.5221245,LIGHTCAP RD & SANATOGA SPRINGS DR; LIMERICK; 2018-06-22 @ 03:06:51;,19468,Traffic: VEHICLE ACCIDENT -,2018-06-22 03:06:51,LIMERICK,LIGHTCAP RD & SANATOGA SPRINGS DR,1
40.1793752,-75.2362381,RT309 EXPY & MCKEAN RD UNDERPASS; LOWER GWYNEDD; 2016-07-11 @ 20:18:00;,,Traffic: DISABLED VEHICLE -,2016-07-11 20:18:00,LOWER GWYNEDD,RT309 EXPY & MCKEAN RD UNDERPASS,1
40.1282808,-75.4317197,EGYPT RD & S PARK AVE; LOWER PROVIDENCE; 2020-01-14 @ 05:14:03;,19403,Traffic: DISABLED VEHICLE -,2020-01-14 05:14:03,LOWER PROVIDENCE,EGYPT RD & S PARK AVE,1
40.1550603,-75.1022513,DAVISVILLE RD & PENNYPACK RD;  UPPER MORELAND; Station 381; 2017-09-03 @ 01:30:12;,19040,EMS: DIZZINESS,2017-09-03 01:30:12,UPPER MORELAND,DAVISVILLE RD & PENNYPACK RD,1
40.1650477,-75.0750475,SHOEMAKER RD & PIONEER RD;  UPPER MORELAND; Station 384; 2018-04-11 @ 16:30:30;,19040,EMS: SYNCOPAL EPISODE,2018-04-11 16:30:30,UPPER MORELAND,SHOEMAKER RD & PIONEER RD,1
40.2446363,-75.6421825,HIGH ST & S WASHINGTON ST; POTTSTOWN; 2019-01-22 @ 18:09:40-Station:STA69;,19464,Fire: FIRE ALARM,2019-01-22 18:09:40,POTTSTOWN,HIGH ST & S WASHINGTON ST,1
40.1421174,-75.1687746,SUSQUEHANNA RD & VIRGINIA DR; UPPER DUBLIN; 2016-09-13 @ 00:23:52;,19025,Traffic: DISABLED VEHICLE -,2016-09-13 00:23:52,UPPER DUBLIN,SUSQUEHANNA RD & VIRGINIA DR,1
40.0418467,-75.3327841,W MONTGOMERY AVE & SPRING MILL RD; LOWER MERION; 2018-03-07 @ 14:55:00;,19085,Traffic: ROAD OBSTRUCTION -,2018-03-07 14:55:00,LOWER MERION,W MONTGOMERY AVE & SPRING MILL RD,1
40.0948775,-75.2907961,RIDGE PIKE & HARMON RD;  PLYMOUTH; Station 308; 2020-01-11 @ 18:13:21;,19428,EMS: FALL VICTIM,2020-01-11 18:13:21,PLYMOUTH,RIDGE PIKE & HARMON RD,1
40.1421174,-75.1687746,SUSQUEHANNA RD & VIRGINIA DR; UPPER DUBLIN; 2016-04-01 @ 15:31:57;,19025,Traffic: DISABLED VEHICLE -,2016-04-01 15:31:57,UPPER DUBLIN,SUSQUEHANNA RD & VIRGINIA DR,1
40.0843516,-75.1367297,SERPENTINE LN & PARDEE LN;  CHELTENHAM; Station 358; 2019-11-23 @ 11:52:36;,19095,EMS: GENERAL WEAKNESS,2019-11-23 11:52:36,CHELTENHAM,SERPENTINE LN & PARDEE LN,1
40.1007511,-75.4204355,W VALLEY FORGE RD & N GULPH RD; UPPER MERION; 2016-08-23 @ 11:03:49;,19406,Traffic: DISABLED VEHICLE -,2016-08-23 11:03:49,UPPER MERION,W VALLEY FORGE RD & N GULPH RD,1
40.1498641,-75.3646526,EAGLE DR & BURNSIDE AVE;  WEST NORRITON; Station 308B; 2017-05-20 @ 13:37:15;,19403,EMS: RESPIRATORY EMERGENCY,2017-05-20 13:37:15,WEST NORRITON,EAGLE DR & BURNSIDE AVE,1
40.0045557,-75.2843574,LANCASTER AVE & CHATHAM RD; LOWER MERION; 2020-02-22 @ 15:34:16;,19003,Traffic: VEHICLE ACCIDENT -,2020-02-22 15:34:16,LOWER MERION,LANCASTER AVE & CHATHAM RD,1
40.2687197,-75.2553794,BETHLEHEM PIKE & WALNUT ST; HATFIELD TOWNSHIP; 2018-02-03 @ 15:00:46;,18915,Traffic: VEHICLE ACCIDENT -,2018-02-03 15:00:46,HATFIELD TOWNSHIP,BETHLEHEM PIKE & WALNUT ST,1
40.2064372,-75.3490463,WILLOW WAY & MEADOWOOD DR;  WORCESTER; Station 336; 2017-10-27 @ 16:50:22;,19446,EMS: FALL VICTIM,2017-10-27 16:50:22,WORCESTER,WILLOW WAY & MEADOWOOD DR,1
40.1628041,-75.0978484,YORK RD & TURNPIKE OVERPASS; UPPER MORELAND; 2016-03-14 @ 17:24:21;,19040,Traffic: VEHICLE ACCIDENT -,2016-03-14 17:24:21,UPPER MORELAND,YORK RD & TURNPIKE OVERPASS,1
40.1112368,-75.3255466,REGATTA CIR & KELLY DR; NORRISTOWN; 2017-06-23 @ 19:03:01-Station:STA27;,19401,Fire: FIRE ALARM,2017-06-23 19:03:01,NORRISTOWN,REGATTA CIR & KELLY DR,1
40.2740376,-75.3339564,THORNDALE DR & ALLENTOWN RD; TOWAMENCIN; 2019-02-28 @ 18:58:58;,19440,Traffic: VEHICLE ACCIDENT -,2019-02-28 18:58:58,TOWAMENCIN,THORNDALE DR & ALLENTOWN RD,1
40.2179240,-75.5439264,RT422  & N LEWIS RD UNDERPASS; LIMERICK; 2017-06-08 @ 18:44:30-Station:STA54;,19468,Fire: VEHICLE FIRE,2017-06-08 18:44:30,LIMERICK,RT422  & N LEWIS RD UNDERPASS,1
40.2359059,-75.2197328,BETHLEHEM PIKE & FOX MEADOW DR; MONTGOMERY; 2019-06-01 @ 13:37:55-Station:STA18;,19454,Fire: FIRE INVESTIGATION,2019-06-01 13:37:55,MONTGOMERY,BETHLEHEM PIKE & FOX MEADOW DR,1
40.1218989,-75.2886415,GERMANTOWN PIKE & WALTON RD;  PLYMOUTH; Station 308; 2016-07-14 @ 09:34:15;,19462,EMS: FALL VICTIM,2016-07-14 09:34:15,PLYMOUTH,GERMANTOWN PIKE & WALTON RD,1
40.2550252,-75.3717513,FAIRWAY DR & CARRIAGE HOUSE LN;  LOWER SALFORD; Station 344; 2016-12-27 @ 13:18:31;,19438,EMS: SEIZURES,2016-12-27 13:18:31,LOWER SALFORD,FAIRWAY DR & CARRIAGE HOUSE LN,1
40.2571388,-75.4220745,CROSS RD & BERGEYS MILL RD;  LOWER SALFORD; Station 344; 2017-07-15 @ 13:36:14;,19473,EMS: SYNCOPAL EPISODE,2017-07-15 13:36:14,LOWER SALFORD,CROSS RD & BERGEYS MILL RD,1
40.1330371,-75.4084631,SHANNONDELL DR & SHANNONDELL BLVD;  LOWER PROVIDENCE; Station 322A; 2018-08-30 @ 09:39:12;,19403,EMS: MEDICAL ALERT ALARM,2018-08-30 09:39:12,LOWER PROVIDENCE,SHANNONDELL DR & SHANNONDELL BLVD,1
40.1041852,-75.4399451,VALLEY CREEK RD & VALLEY FORGE PARK RD; UPPER MERION; 2019-08-09 @ 18:27:01;,,Traffic: ROAD OBSTRUCTION -,2019-08-09 18:27:01,UPPER MERION,VALLEY CREEK RD & VALLEY FORGE PARK RD,1
40.1204759,-75.3587005,BUTTONWOOD ST & RICH ALY;  NORRISTOWN; Station 308A; 2016-08-13 @ 12:45:07;,19401,EMS: SEIZURES,2016-08-13 12:45:07,NORRISTOWN,BUTTONWOOD ST & RICH ALY,1
40.3972235,-75.5039611,WASHINGTON ST & W 3RD ST; PENNSBURG; 2019-07-11 @ 17:54:01;,18073,Traffic: HAZARDOUS ROAD CONDITIONS -,2019-07-11 17:54:01,PENNSBURG,WASHINGTON ST & W 3RD ST,1
40.1379912,-75.1203081,EASTON RD & DAVISVILLE RD; ABINGTON; 2018-03-29 @ 11:28:06;,19090,Traffic: DISABLED VEHICLE -,2018-03-29 11:28:06,ABINGTON,EASTON RD & DAVISVILLE RD,1
40.2675485,-75.3297037,KIMBERLY WAY & KATHERINE WAY;  TOWAMENCIN; Station 345B; 2018-05-29 @ 01:22:14;,19440,EMS: RESPIRATORY EMERGENCY,2018-05-29 01:22:14,TOWAMENCIN,KIMBERLY WAY & KATHERINE WAY,1
40.2178281,-75.4534591,GRAVEL PIKE & TRAPPE RD; PERKIOMEN; 2017-12-10 @ 10:47:08-Station:STA66;,19426,Fire: RESCUE - WATER,2017-12-10 10:47:08,PERKIOMEN,GRAVEL PIKE & TRAPPE RD,1
40.1490024,-75.0520314,WARFIELD LN & TWIN SILO LN;  LOWER MORELAND; Station 355; 2018-10-15 @ 18:32:03;,19006,EMS: FALL VICTIM,2018-10-15 18:32:03,LOWER MORELAND,WARFIELD LN & TWIN SILO LN,1
40.1573106,-75.2859078,ANGUS CIR & DEAD END;  WHITPAIN; Station 385; 2019-11-08 @ 19:56:47;,19422,EMS: SYNCOPAL EPISODE,2019-11-08 19:56:47,WHITPAIN,ANGUS CIR & DEAD END,1
40.2268412,-75.2391561,KNAPP RD & WITCHWOOD DR;  MONTGOMERY; Station 345A; 2017-12-18 @ 14:17:45;,19454,EMS: HEAD INJURY,2017-12-18 14:17:45,MONTGOMERY,KNAPP RD & WITCHWOOD DR,1
40.1082672,-75.3062326,ALAN WOOD RD & T BLVD;  PLYMOUTH; Station 308; 2017-02-02 @ 08:54:58;,,EMS: INDUSTRIAL ACCIDENT,2017-02-02 08:54:58,PLYMOUTH,ALAN WOOD RD & T BLVD,1
40.2833028,-75.2987190,DIAMOND ST & UNION ST;  HATFIELD TOWNSHIP; Station 345; 2018-03-22 @ 15:44:52;,19440,EMS: RESPIRATORY EMERGENCY,2018-03-22 15:44:52,HATFIELD TOWNSHIP,DIAMOND ST & UNION ST,1
40.3573079,-75.3536782,RIDGE RD & GOLDMINE RD; BUCKS COUNTY; 2018-05-21 @ 07:20:55-Station:STA72;,18960,Fire: VEHICLE ACCIDENT,2018-05-21 07:20:55,BUCKS COUNTY,RIDGE RD & GOLDMINE RD,1
40.1830721,-75.5397806,WALNUT ST & S 3RD AVE;  ROYERSFORD; Station 325; 2018-11-15 @ 11:18:34;,19468,EMS: CARDIAC ARREST,2018-11-15 11:18:34,ROYERSFORD,WALNUT ST & S 3RD AVE,1
40.2316017,-75.2186547,HORSHAM RD & PHEASANT RUN;  MONTGOMERY; Station 345A; 2017-07-01 @ 17:45:05;,18936,EMS: HEAD INJURY,2017-07-01 17:45:05,MONTGOMERY,HORSHAM RD & PHEASANT RUN,1
40.1045439,-75.2810750,GERMANTOWN PIKE & SIERRA RD; PLYMOUTH; 2020-06-04 @ 01:06:26;,19462,Traffic: DISABLED VEHICLE -,2020-06-04 01:06:26,PLYMOUTH,GERMANTOWN PIKE & SIERRA RD,1
40.2469315,-75.6439204,CHESTNUT ST & N FRANKLIN ST;  POTTSTOWN; Station 329; 2016-05-19 @ 17:47:41;,19464,EMS: FALL VICTIM,2016-05-19 17:47:41,POTTSTOWN,CHESTNUT ST & N FRANKLIN ST,1
40.2806101,-75.2924128,MAPLE AVE & CHESTNUT ST; HATFIELD TOWNSHIP; 2016-01-28 @ 07:51:18;,19440,Traffic: VEHICLE ACCIDENT -,2016-01-28 07:51:18,HATFIELD TOWNSHIP,MAPLE AVE & CHESTNUT ST,1
40.1245477,-75.3487262,HAWS AVE & W ELM ST;  NORRISTOWN; Station 308A; 2016-12-30 @ 00:48:10;,19401,EMS: DIABETIC EMERGENCY,2016-12-30 00:48:10,NORRISTOWN,HAWS AVE & W ELM ST,1
40.2567735,-75.2254278,CANTERBURY LN & TWINING RD;  MONTGOMERY; Station 345A; 2016-10-21 @ 00:40:49;,19446,EMS: OVERDOSE,2016-10-21 00:40:49,MONTGOMERY,CANTERBURY LN & TWINING RD,1
40.1246946,-75.3645164,W MAIN ST;  NORRISTOWN; Station 308A; 2017-10-18 @ 09:29:46;,,EMS: VEHICLE ACCIDENT,2017-10-18 09:29:46,NORRISTOWN,W MAIN ST,1
40.0241096,-75.3220416,N WARNER AVE;  LOWER MERION; Station 313; 2016-11-24 @ 02:11:42;,19010,EMS: UNKNOWN MEDICAL EMERGENCY,2016-11-24 02:11:42,LOWER MERION,N WARNER AVE,1
40.3237660,-75.6176666,PHILADELPHIA AVE & BARTMAN AVE;  DOUGLASS; Station 332; 2016-03-09 @ 16:53:04;,19525,EMS: ABDOMINAL PAINS,2016-03-09 16:53:04,DOUGLASS,PHILADELPHIA AVE & BARTMAN AVE,1
40.1200191,-75.3478166,ASTOR ST & W BLACKBERRY ALY;  NORRISTOWN; Station 308A; 2018-08-25 @ 18:27:40;,19401,EMS: SHOOTING,2018-08-25 18:27:40,NORRISTOWN,ASTOR ST & W BLACKBERRY ALY,1
40.0249667,-75.2829046,ANTON RD & DEAD END; LOWER MERION; 2016-10-16 @ 09:08:12-Station:STA25;,,Fire: CARBON MONOXIDE DETECTOR,2016-10-16 09:08:12,LOWER MERION,ANTON RD & DEAD END,1
40.2573032,-75.5680788,PRUSS HILL RD & PROSPECT HILL LN;  LOWER POTTSGROVE; Station 329B; 2019-04-07 @ 08:38:16;,19464,EMS: SEIZURES,2019-04-07 08:38:16,LOWER POTTSGROVE,PRUSS HILL RD & PROSPECT HILL LN,1
40.1142390,-75.3385080,AIRY ST & ARCH ST;  NORRISTOWN; Station 308A; 2020-02-11 @ 16:30:50;,19401,EMS: VEHICLE ACCIDENT,2020-02-11 16:30:50,NORRISTOWN,AIRY ST & ARCH ST,1
40.1131038,-75.2923672,PLYMOUTH RD & EAGLE DR; PLYMOUTH; 2020-01-18 @ 10:47:46;,19462,Traffic: VEHICLE ACCIDENT -,2020-01-18 10:47:46,PLYMOUTH,PLYMOUTH RD & EAGLE DR,1
40.1089740,-75.2138303,BETHLEHEM PIKE & SPRINGFIELD AVE; SPRINGFIELD; 2017-02-07 @ 11:24:40;,19031,Traffic: VEHICLE ACCIDENT -,2017-02-07 11:24:40,SPRINGFIELD,BETHLEHEM PIKE & SPRINGFIELD AVE,1
40.1410551,-75.3261815,SWEDE RD & EVERGREEN AVE;  EAST NORRITON; Station 308; 2016-10-13 @ 03:39:06;,19401,EMS: FALL VICTIM,2016-10-13 03:39:06,EAST NORRITON,SWEDE RD & EVERGREEN AVE,1
40.2309343,-75.5221245,LIGHTCAP RD & SANATOGA SPRINGS DR; LIMERICK; 2019-08-03 @ 18:39:11;,19468,Traffic: VEHICLE ACCIDENT -,2019-08-03 18:39:11,LIMERICK,LIGHTCAP RD & SANATOGA SPRINGS DR,1
40.0116310,-75.2561844,WOODBINE AVE & SCHILLER AVE; LOWER MERION; 2018-04-03 @ 20:07:09-Station:STA26;,19072,Fire: FIRE ALARM,2018-04-03 20:07:09,LOWER MERION,WOODBINE AVE & SCHILLER AVE,1
40.0737451,-75.1494003,LUCRETIA MOTT WAY & N JOHN RUSSELL CIR;  CHELTENHAM; Station 358; 2019-07-19 @ 14:19:00;,19027,EMS: BACK PAINS/INJURY,2019-07-19 14:19:00,CHELTENHAM,LUCRETIA MOTT WAY & N JOHN RUSSELL CIR,1
40.1213666,-75.3398809,POWELL ST & SPRING ALY; NORRISTOWN; 2019-01-31 @ 10:48:12-Station:STA27;,19401,Fire: BUILDING FIRE,2019-01-31 10:48:12,NORRISTOWN,POWELL ST & SPRING ALY,1
40.3096342,-75.3157512,LINCOLN AVE & WOOD ALY;  TELFORD; Station 339; 2017-01-04 @ 06:24:21;,18964,EMS: FALL VICTIM,2017-01-04 06:24:21,TELFORD,LINCOLN AVE & WOOD ALY,1
40.2327270,-75.5272978,RIDGE PIKE & N LEWIS RD; LIMERICK; 2020-01-09 @ 12:51:34;,19468,Traffic: VEHICLE ACCIDENT -,2020-01-09 12:51:34,LIMERICK,RIDGE PIKE & N LEWIS RD,1
40.3968236,-75.4977402,DOTTS ST & W 5TH ST;  PENNSBURG; Station 369; 2016-12-14 @ 11:34:19;,18073,EMS: RESPIRATORY EMERGENCY,2016-12-14 11:34:19,PENNSBURG,DOTTS ST & W 5TH ST,1
40.1369729,-75.4727228,CIDER MILL RD & EGYPT RD; UPPER PROVIDENCE; 2019-02-01 @ 11:40:28-Station:STA99;,,Fire: FIRE ALARM,2019-02-01 11:40:28,UPPER PROVIDENCE,CIDER MILL RD & EGYPT RD,1
40.1402619,-75.1309893,COOLIDGE AVE & ELLIOTT AVE;  ABINGTON; Station 381; 2016-04-10 @ 17:18:41;,19090,EMS: SYNCOPAL EPISODE,2016-04-10 17:18:41,ABINGTON,COOLIDGE AVE & ELLIOTT AVE,1
40.2390213,-75.5406897,RIDGE PIKE & LAKESIDE DR;  LIMERICK; Station 324A; 2016-12-04 @ 11:41:11;,19468,EMS: CARDIAC EMERGENCY,2016-12-04 11:41:11,LIMERICK,RIDGE PIKE & LAKESIDE DR,1
40.2577317,-75.3370036,DOCK DR & WOODS DR;  TOWAMENCIN; Station 345B; 2018-10-13 @ 11:50:46;,19446,EMS: CARDIAC EMERGENCY,2018-10-13 11:50:46,TOWAMENCIN,DOCK DR & WOODS DR,1
40.0698321,-75.3162951,RAMP I476 SB TO I76  & BLUEROUTE SB; WEST CONSHOHOCKEN; 2017-12-30 @ 11:46:47;,,Traffic: ROAD OBSTRUCTION -,2017-12-30 11:46:47,WEST CONSHOHOCKEN,RAMP I476 SB TO I76  & BLUEROUTE SB,1
40.2453741,-75.6496302,RT100 SB;  POTTSTOWN; Station 329; 2019-08-17 @ 17:33:03;,,EMS: VEHICLE ACCIDENT,2019-08-17 17:33:03,POTTSTOWN,RT100 SB,1
40.3777458,-75.4827125,6TH ST & BITTING ALY;  RED HILL; Station 369; 2016-03-21 @ 06:39:16;,18076,EMS: FALL VICTIM,2016-03-21 06:39:16,RED HILL,6TH ST & BITTING ALY,1
40.1305414,-75.3179101,OLD ARCH RD & BIRCHWOOD DR;  EAST NORRITON; Station 308; 2017-12-19 @ 14:47:23;,19401,EMS: ALTERED MENTAL STATUS,2017-12-19 14:47:23,EAST NORRITON,OLD ARCH RD & BIRCHWOOD DR,1
40.3812265,-75.4841800,E 8TH ST; RED HILL; 2018-09-10 @ 15:38:09-Station:STA71;,18076,Fire: DEBRIS/FLUIDS ON HIGHWAY,2018-09-10 15:38:09,RED HILL,E 8TH ST,1
40.1329880,-75.2581110,NORRISTOWN RD & COPPER BEECH DR; WHITPAIN; 2019-04-15 @ 16:48:29;,19422,Traffic: ROAD OBSTRUCTION -,2019-04-15 16:48:29,WHITPAIN,NORRISTOWN RD & COPPER BEECH DR,1
40.1742757,-75.1068388,BYBERRY AVE & RR CROSSING;  HATBORO; Station 384; 2018-12-23 @ 16:02:54;,,EMS: LACERATIONS,2018-12-23 16:02:54,HATBORO,BYBERRY AVE & RR CROSSING,1
40.0825471,-75.2744384,HOLLY CT & CRABAPPLE DR; WHITEMARSH; 2019-01-04 @ 08:11:23-Station:STA45;,19444,Fire: GAS-ODOR/LEAK,2019-01-04 08:11:23,WHITEMARSH,HOLLY CT & CRABAPPLE DR,1
40.0046941,-75.2422773,OLD LANCASTER RD & SYCAMORE AVE; LOWER MERION; 2018-02-09 @ 13:40:10;,19004,Traffic: VEHICLE ACCIDENT -,2018-02-09 13:40:10,LOWER MERION,OLD LANCASTER RD & SYCAMORE AVE,1
40.2324472,-75.6403540,SCHUYLKILL RD & MAURER RD; CHESTER COUNTY; 2016-12-13 @ 20:50:49;,19465,Traffic: HAZARDOUS ROAD CONDITIONS -,2016-12-13 20:50:49,CHESTER COUNTY,SCHUYLKILL RD & MAURER RD,1
40.2593028,-75.6341534,PROSPECT ST;  POTTSTOWN; Station 329B; 2018-04-24 @ 07:17:19;,19464,EMS: VEHICLE ACCIDENT,2018-04-24 07:17:19,POTTSTOWN,PROSPECT ST,1
40.2486743,-75.5640512,MASTERS DR & PUTTER LN; LIMERICK; 2018-11-01 @ 14:31:42-Station:STA54;,19464,Fire: FIRE SPECIAL SERVICE,2018-11-01 14:31:42,LIMERICK,MASTERS DR & PUTTER LN,1
40.2643542,-75.5446758,HOUCK RD;  LIMERICK; Station 324A; 2017-04-01 @ 16:24:32;,19473,EMS: VEHICLE ACCIDENT,2017-04-01 16:24:32,LIMERICK,HOUCK RD,1
40.1354703,-75.3966887,TROOPER RD & MILL RD; LOWER PROVIDENCE; 2017-01-25 @ 13:33:52;,19403,Traffic: VEHICLE ACCIDENT -,2017-01-25 13:33:52,LOWER PROVIDENCE,TROOPER RD & MILL RD,1
40.0949358,-75.3617596,DEKALB PIKE & IVY LN;  UPPER MERION; Station 317; 2018-10-10 @ 13:40:37;,19406,EMS: FALL VICTIM,2018-10-10 13:40:37,UPPER MERION,DEKALB PIKE & IVY LN,1
40.0403127,-75.3393974,SPRING MILL RD & COUNTY LINE RD; LOWER MERION; 2019-12-14 @ 13:58:26;,19085,Traffic: VEHICLE ACCIDENT -,2019-12-14 13:58:26,LOWER MERION,SPRING MILL RD & COUNTY LINE RD,1
40.1163132,-75.3279105,TREMONT AVE & E BASIN ST; NORRISTOWN; 2019-02-01 @ 03:30:48;,19401,Traffic: DISABLED VEHICLE -,2019-02-01 03:30:48,NORRISTOWN,TREMONT AVE & E BASIN ST,1
40.1090362,-75.1647251,LIMEKILN PIKE & MT CARMEL AVE; ABINGTON; 2018-12-11 @ 07:15:56;,19038,Traffic: VEHICLE ACCIDENT -,2018-12-11 07:15:56,ABINGTON,LIMEKILN PIKE & MT CARMEL AVE,1
40.0872851,-75.4560111,YELLOW SPRINGS RD & VALLEY CREEK RD;  CHESTER COUNTY; Station EMS; 2017-12-03 @ 12:52:51;,19087,EMS: ANIMAL BITE,2017-12-03 12:52:51,CHESTER COUNTY,YELLOW SPRINGS RD & VALLEY CREEK RD,1
40.0783571,-75.3004587,HARRY ST;  CONSHOHOCKEN; Station 313A; 2018-05-24 @ 21:03:50;,19428,EMS: SEIZURES,2018-05-24 21:03:50,CONSHOHOCKEN,HARRY ST,1
40.1532684,-75.1895576,PENNSYLVANIA TPKE & SUSQUEHANNA RD UNDERPASS; UPPER DUBLIN; 2016-11-02 @ 15:00:14-Station:STA88;,,Fire: VEHICLE FIRE,2016-11-02 15:00:14,UPPER DUBLIN,PENNSYLVANIA TPKE & SUSQUEHANNA RD UNDERPASS,1
40.2598356,-75.6408240,HANOVER ST & WILSON ST;  POTTSTOWN; Station 329B; 2018-09-05 @ 10:30:59;,19464,EMS: CARDIAC ARREST,2018-09-05 10:30:59,POTTSTOWN,HANOVER ST & WILSON ST,1
40.1685378,-75.4982005,BLACK ROCK RD & S TRAPPE RD;  UPPER PROVIDENCE; Station 325; 2017-02-16 @ 08:44:11;,19468,EMS: RESPIRATORY EMERGENCY,2017-02-16 08:44:11,UPPER PROVIDENCE,BLACK ROCK RD & S TRAPPE RD,1
40.2192466,-75.2400489,WILLOWOOD CT & GWYNEDD LEA DR; MONTGOMERY; 2018-05-05 @ 17:36:55-Station:STA18;,19454,Fire: FIRE INVESTIGATION,2018-05-05 17:36:55,MONTGOMERY,WILLOWOOD CT & GWYNEDD LEA DR,1
40.1784422,-75.1285061,MYRTLE AVE & SAW MILL LN;  HORSHAM; Station 352; 2017-04-08 @ 07:55:35;,,EMS: FALL VICTIM,2017-04-08 07:55:35,HORSHAM,MYRTLE AVE & SAW MILL LN,1
40.1999657,-75.5246655,BUCKWALTER RD & JOSHUA DR;  LIMERICK; Station 325; 2018-09-25 @ 18:28:17;,19468,EMS: CARDIAC EMERGENCY,2018-09-25 18:28:17,LIMERICK,BUCKWALTER RD & JOSHUA DR,1
40.0859196,-75.0880295,SHADY LN & N CENTRAL AVE; ROCKLEDGE; 2019-08-19 @ 01:50:46;,19046,Traffic: DISABLED VEHICLE -,2019-08-19 01:50:46,ROCKLEDGE,SHADY LN & N CENTRAL AVE,1
40.2210177,-75.4133489,BRIDGE RD & WENDY WAY; SKIPPACK; 2018-11-16 @ 21:13:01;,19473,Traffic: VEHICLE ACCIDENT -,2018-11-16 21:13:01,SKIPPACK,BRIDGE RD & WENDY WAY,1
40.1730737,-75.2215122,VISTA RD & MERRILL RD; LOWER GWYNEDD; 2018-02-04 @ 11:04:55-Station:STA7;,19002,Fire: FIRE ALARM,2018-02-04 11:04:55,LOWER GWYNEDD,VISTA RD & MERRILL RD,1
39.9954440,-75.2679640,LANCASTER AVE & REMINGTON RD; LOWER MERION; 2016-05-12 @ 15:16:05;,19096,Traffic: DISABLED VEHICLE -,2016-05-12 15:16:05,LOWER MERION,LANCASTER AVE & REMINGTON RD,1
40.2449296,-75.5970443,N PLEASANT VIEW RD & E HIGH ST; LOWER POTTSGROVE; 2019-11-26 @ 18:50:19;,19464,Traffic: DISABLED VEHICLE -,2019-11-26 18:50:19,LOWER POTTSGROVE,N PLEASANT VIEW RD & E HIGH ST,1
40.2438337,-75.2821391,4TH ST & CHURCH ALY;  LANSDALE; Station 345; 2019-08-18 @ 01:10:44;,19446,EMS: SEIZURES,2019-08-18 01:10:44,LANSDALE,4TH ST & CHURCH ALY,1
40.0972222,-75.3761952,SCHUYLKILL EXPY & TRINITY LN UNDERPASS; UPPER MERION; 2016-09-30 @ 13:18:02;,,Traffic: DISABLED VEHICLE -,2016-09-30 13:18:02,UPPER MERION,SCHUYLKILL EXPY & TRINITY LN UNDERPASS,1
40.0648978,-75.1171687,NEW SECOND ST;  CHELTENHAM; Station 358; 2019-05-08 @ 21:28:21;,,EMS: VEHICLE ACCIDENT,2019-05-08 21:28:21,CHELTENHAM,NEW SECOND ST,1
40.2394356,-75.2362381,HORSHAM RD & DOYLESTOWN PIKE; MONTGOMERY; 2019-11-29 @ 21:58:16;,,Traffic: DISABLED VEHICLE -,2019-11-29 21:58:16,MONTGOMERY,HORSHAM RD & DOYLESTOWN PIKE,1
40.2063200,-75.4874520,MAIN ST & GREENWOOD AVE;  UPPER PROVIDENCE; Station 324; 2017-05-30 @ 15:43:44;,19468,EMS: CARDIAC EMERGENCY,2017-05-30 15:43:44,UPPER PROVIDENCE,MAIN ST & GREENWOOD AVE,1
40.2482782,-75.6548651,CHESTNUT ST & MANATAWNY ST;  POTTSTOWN; Station 329; 2018-02-13 @ 15:44:39;,19464,EMS: SUBJECT IN PAIN,2018-02-13 15:44:39,POTTSTOWN,CHESTNUT ST & MANATAWNY ST,1
40.2470749,-75.3054358,ALLENTOWN RD & WOODLAWN DR;  TOWAMENCIN; Station 345B; 2018-12-12 @ 11:50:06;,19446,EMS: CARDIAC EMERGENCY,2018-12-12 11:50:06,TOWAMENCIN,ALLENTOWN RD & WOODLAWN DR,1
40.0788880,-75.3551040,HENDERSON RD & SHOEMAKER RD;  UPPER MERION; Station 356; 2019-06-11 @ 13:02:02;,19406,EMS: SUBJECT IN PAIN,2019-06-11 13:02:02,UPPER MERION,HENDERSON RD & SHOEMAKER RD,1
40.1448042,-75.3120511,HAINES RD & STUART DR;  EAST NORRITON; Station 308; 2018-07-04 @ 19:51:15;,19401,EMS: HEAD INJURY,2018-07-04 19:51:15,EAST NORRITON,HAINES RD & STUART DR,1
40.2413204,-75.2428276,BETHLEHEM PIKE & NORTH WALES RD; MONTGOMERY; 2019-09-20 @ 10:59:35;,19454,Traffic: VEHICLE ACCIDENT -,2019-09-20 10:59:35,MONTGOMERY,BETHLEHEM PIKE & NORTH WALES RD,1
40.1074003,-75.1132060,RYDAL RD & THE FAIRWAY; ABINGTON; 2019-10-09 @ 08:35:14-Station:STA100;,19046,Fire: FIRE INVESTIGATION,2019-10-09 08:35:14,ABINGTON,RYDAL RD & THE FAIRWAY,1
40.2495423,-75.6689493,W HIGH ST & BERKS ST; POTTSTOWN; 2019-04-27 @ 15:08:35;,19464,Traffic: ROAD OBSTRUCTION -,2019-04-27 15:08:35,POTTSTOWN,W HIGH ST & BERKS ST,1
40.2515230,-75.3295570,NEWBURY WAY & DEAD END;  TOWAMENCIN; Station 345B; 2018-07-29 @ 01:16:31;,,EMS: MEDICAL ALERT ALARM,2018-07-29 01:16:31,TOWAMENCIN,NEWBURY WAY & DEAD END,1
40.0069740,-75.2890800,LANCASTER AVE & RITTENHOUSE PL;  LOWER MERION; Station 313; 2017-07-03 @ 21:13:10;,19003,EMS: DIABETIC EMERGENCY,2017-07-03 21:13:10,LOWER MERION,LANCASTER AVE & RITTENHOUSE PL,1
40.1533049,-75.2014598,LOCH ALSH AVE & SPARK DR;  UPPER DUBLIN; Station 351; 2018-08-08 @ 14:36:21;,19034,EMS: EMS SPECIAL SERVICE,2018-08-08 14:36:21,UPPER DUBLIN,LOCH ALSH AVE & SPARK DR,1
40.1813959,-75.1074963,MONUMENT AVE & N LINDEN AVE;  HATBORO; Station 384; 2017-09-04 @ 00:11:24;,19040,EMS: OVERDOSE,2017-09-04 00:11:24,HATBORO,MONUMENT AVE & N LINDEN AVE,1
40.1899626,-75.5355215,CHURCH ST & N 7TH AVE;  ROYERSFORD; Station 325; 2017-08-19 @ 10:56:48;,19468,EMS: DIABETIC EMERGENCY,2017-08-19 10:56:48,ROYERSFORD,CHURCH ST & N 7TH AVE,1
39.9866944,-75.2569627,CITY AVE & HOLLINGSWORTH RD;  LOWER MERION; Station 313; 2017-10-05 @ 14:15:15;,19151,EMS: MEDICAL ALERT ALARM,2017-10-05 14:15:15,LOWER MERION,CITY AVE & HOLLINGSWORTH RD,1
40.0972222,-75.3761952,SCHUYLKILL EXPY & CROTON RD UNDERPASS; UPPER MERION; 2017-01-26 @ 14:39:09;,,Traffic: ROAD OBSTRUCTION -,2017-01-26 14:39:09,UPPER MERION,SCHUYLKILL EXPY & CROTON RD UNDERPASS,1
40.2629833,-75.3193739,FORTY FOOT RD & WELSH RD; HATFIELD TOWNSHIP; 2016-04-08 @ 02:56:52-Station:STA17;,19446,Fire: VEHICLE ACCIDENT,2016-04-08 02:56:52,HATFIELD TOWNSHIP,FORTY FOOT RD & WELSH RD,1
40.0627596,-75.2930370,SPRING MILL RD & WOODMONT RD;  LOWER MERION; Station 313A; 2019-02-05 @ 14:04:32;,19035,EMS: FALL VICTIM,2019-02-05 14:04:32,LOWER MERION,SPRING MILL RD & WOODMONT RD,1
40.2544967,-75.3462478,GEHMAN RD & TRANSIT WAY;  TOWAMENCIN; Station 345B; 2016-11-30 @ 07:05:04;,19438,EMS: NAUSEA/VOMITING,2016-11-30 07:05:04,TOWAMENCIN,GEHMAN RD & TRANSIT WAY,1
40.1233749,-75.0950733,SHARPLESS RD & OLD MILL LN; ABINGTON; 2016-12-04 @ 18:17:31-Station:STA100;,19046,Fire: FIRE ALARM,2016-12-04 18:17:31,ABINGTON,SHARPLESS RD & OLD MILL LN,1
40.1505083,-75.2831100,UNION MEETING RD & HARVEST DR; WHITPAIN; 2016-09-12 @ 10:52:39;,19422,Traffic: VEHICLE ACCIDENT -,2016-09-12 10:52:39,WHITPAIN,UNION MEETING RD & HARVEST DR,1
40.1207169,-75.0748772,ST ALBERT CIR & WELSH RD; LOWER MORELAND; 2016-11-15 @ 08:21:36;,,Traffic: VEHICLE ACCIDENT -,2016-11-15 08:21:36,LOWER MORELAND,ST ALBERT CIR & WELSH RD,1
40.1830475,-75.2745492,TOWNSHIP LINE RD & DEKALB PIKE; LOWER GWYNEDD; 2016-10-21 @ 17:38:59;,19422,Traffic: DISABLED VEHICLE -,2016-10-21 17:38:59,LOWER GWYNEDD,TOWNSHIP LINE RD & DEKALB PIKE,1
40.2456734,-75.2796667,BROAD ST & E 6TH ST;  LANSDALE; Station 345; 2019-04-17 @ 21:12:43;,19446,EMS: CARDIAC EMERGENCY,2019-04-17 21:12:43,LANSDALE,BROAD ST & E 6TH ST,1
40.0896039,-75.1483371,BARKER RD & GREENWOOD AVE;  CHELTENHAM; Station 358A; 2019-02-24 @ 10:19:46;,19095,EMS: HEAD INJURY,2019-02-24 10:19:46,CHELTENHAM,BARKER RD & GREENWOOD AVE,1
40.1808225,-75.2704481,WOOD SPRING RD & TOWNSHIP LINE RD;  LOWER GWYNEDD; Station 351; 2016-01-05 @ 11:35:01;,19002,EMS: RESPIRATORY EMERGENCY,2016-01-05 11:35:01,LOWER GWYNEDD,WOOD SPRING RD & TOWNSHIP LINE RD,1
40.0812601,-75.1370254,WILLIAMS WAY & COMPOUND 14;  CHELTENHAM; Station 358; 2019-02-07 @ 22:20:47;,,EMS: ASSAULT VICTIM,2019-02-07 22:20:47,CHELTENHAM,WILLIAMS WAY & COMPOUND 14,1
40.2466476,-75.6417829,WASHINGTON ST & CHESTNUT ST;  POTTSTOWN; Station 329; 2016-04-03 @ 20:28:59;,19464,EMS: NAUSEA/VOMITING,2016-04-03 20:28:59,POTTSTOWN,WASHINGTON ST & CHESTNUT ST,1
39.9898980,-75.2584300,LANCASTER AVE & LANKENAU DR;  LOWER MERION; Station 313; 2019-05-04 @ 00:32:09;,19096,EMS: CARDIAC EMERGENCY,2019-05-04 00:32:09,LOWER MERION,LANCASTER AVE & LANKENAU DR,1
40.1647143,-75.0796416,WALLINGFORD CIR & FRONTIER RD;  UPPER MORELAND; Station 384; 2016-09-07 @ 05:57:49;,19040,EMS: FALL VICTIM,2016-09-07 05:57:49,UPPER MORELAND,WALLINGFORD CIR & FRONTIER RD,1
40.1178603,-75.3207657,NORTHVIEW BLVD & WALNUT LN; PLYMOUTH; 2020-05-23 @ 08:35:45-Station:STA43;,19401,Fire: FIRE ALARM,2020-05-23 08:35:45,PLYMOUTH,NORTHVIEW BLVD & WALNUT LN,1
40.2574974,-75.3533861,INDUSTRIAL BLVD & WAMBOLD RD;  TOWAMENCIN; Station 345B; 2020-07-15 @ 14:55:51;,19438,EMS: SEIZURES,2020-07-15 14:55:51,TOWAMENCIN,INDUSTRIAL BLVD & WAMBOLD RD,1
40.1497410,-75.1146690,YORK RD & LINCOLN AVE;  UPPER MORELAND; Station 381; 2018-12-31 @ 17:44:07;,19090,EMS: HEAD INJURY,2018-12-31 17:44:07,UPPER MORELAND,YORK RD & LINCOLN AVE,1
40.2432456,-75.6474237,SOUTH ST & PLUM ST;  POTTSTOWN; Station 329; 2019-10-13 @ 22:48:16;,19464,EMS: SUBJECT IN PAIN,2019-10-13 22:48:16,POTTSTOWN,SOUTH ST & PLUM ST,1
40.2161414,-75.3141803,PATTERSON DR & MIFFLIN DR;  UPPER GWYNEDD; Station 345B; 2019-01-11 @ 20:16:23;,19446,EMS: HEAD INJURY,2019-01-11 20:16:23,UPPER GWYNEDD,PATTERSON DR & MIFFLIN DR,1
40.2322511,-75.2680892,MAIN ST & OAKLAND AVE; LANSDALE; 2016-10-19 @ 14:26:22-Station:STA14;,19446,Fire: FIRE ALARM,2016-10-19 14:26:22,LANSDALE,MAIN ST & OAKLAND AVE,1
40.2890267,-75.3995896,MAIN ST & OLD SUMNEYTOWN PIKE;  LOWER SALFORD; Station 344; 2019-01-20 @ 07:30:37;,19438,EMS: FALL VICTIM,2019-01-20 07:30:37,LOWER SALFORD,MAIN ST & OLD SUMNEYTOWN PIKE,1
40.2463302,-75.6393343,CHESTNUT ST & N WARREN ST;  POTTSTOWN; Station 329; 2020-06-08 @ 19:30:56;,19464,EMS: SYNCOPAL EPISODE,2020-06-08 19:30:56,POTTSTOWN,CHESTNUT ST & N WARREN ST,1
40.2071742,-75.5075842,S TOWNSHIP LINE RD & LINFIELD TRAPPE RD; UPPER PROVIDENCE; 2017-08-10 @ 14:30:07;,19468,Traffic: DISABLED VEHICLE -,2017-08-10 14:30:07,UPPER PROVIDENCE,S TOWNSHIP LINE RD & LINFIELD TRAPPE RD,1
40.0754210,-75.2882600,HECTOR ST & LEE ST; WHITEMARSH; 2019-05-17 @ 12:29:12-Station:STA45;,19428,Fire: VEHICLE FIRE,2019-05-17 12:29:12,WHITEMARSH,HECTOR ST & LEE ST,1
40.2429418,-75.6510595,S HANOVER ST & INDUSTRIAL HWY; POTTSTOWN; 2018-05-01 @ 12:55:23;,19464,Traffic: ROAD OBSTRUCTION -,2018-05-01 12:55:23,POTTSTOWN,S HANOVER ST & INDUSTRIAL HWY,1
40.1257570,-75.4576510,STATION AVE & NORTH DR; UPPER PROVIDENCE; 2017-12-08 @ 15:23:57;,19460,Traffic: VEHICLE FIRE -,2017-12-08 15:23:57,UPPER PROVIDENCE,STATION AVE & NORTH DR,1
40.3119482,-75.3164014,E BROAD ST; SOUDERTON; 2018-12-14 @ 14:08:31-Station:STA74;,18964,Fire: VEHICLE ACCIDENT,2018-12-14 14:08:31,SOUDERTON,E BROAD ST,1
40.0727310,-75.1559688,CHELTENHAM AVE & 79TH AVE;  CHELTENHAM; Station 358A; 2020-01-04 @ 22:22:05;,19150,EMS: UNCONSCIOUS SUBJECT,2020-01-04 22:22:05,CHELTENHAM,CHELTENHAM AVE & 79TH AVE,1
40.2607838,-75.6294118,FRANKLIN ST & MINERAL ST; POTTSTOWN; 2016-06-30 @ 06:55:56-Station:STA69;,19464,Fire: CARBON MONOXIDE DETECTOR,2016-06-30 06:55:56,POTTSTOWN,FRANKLIN ST & MINERAL ST,1
40.2412063,-75.2810692,CHESTNUT ST & E 2ND ST;  LANSDALE; Station 345; 2016-04-13 @ 09:40:38;,19446,EMS: HEMORRHAGING,2016-04-13 09:40:38,LANSDALE,CHESTNUT ST & E 2ND ST,1
40.1330371,-75.4084631,SHANNONDELL DR & SHANNONDELL BLVD;  LOWER PROVIDENCE; Station 322A; 2017-01-15 @ 18:32:08;,19403,EMS: ABDOMINAL PAINS,2017-01-15 18:32:08,LOWER PROVIDENCE,SHANNONDELL DR & SHANNONDELL BLVD,1
40.2459704,-75.6528170,HIGH ST & S YORK ST;  POTTSTOWN; Station 329; 2019-01-12 @ 11:38:39;,19464,EMS: UNKNOWN MEDICAL EMERGENCY,2019-01-12 11:38:39,POTTSTOWN,HIGH ST & S YORK ST,1
40.3249920,-75.3281748,LUTHERAN HOME DR & DEAD END;  TELFORD; Station 339; 2017-09-02 @ 15:57:26;,,EMS: HEAD INJURY,2017-09-02 15:57:26,TELFORD,LUTHERAN HOME DR & DEAD END,1
40.2493611,-75.6400367,LINCOLN AVE & HALE ST;  POTTSTOWN; Station 329; 2016-02-11 @ 04:27:32;,19464,EMS: HEAD INJURY,2016-02-11 04:27:32,POTTSTOWN,LINCOLN AVE & HALE ST,1
40.1563852,-75.1124763,N YORK RD & LAKEVUE DR; UPPER MORELAND; 2019-06-01 @ 14:24:20;,19090,Traffic: ROAD OBSTRUCTION -,2019-06-01 14:24:20,UPPER MORELAND,N YORK RD & LAKEVUE DR,1
40.2149774,-75.4997122,RIDGE PIKE & N TOWNSHIP LINE RD; LIMERICK; 2019-03-16 @ 22:05:15;,19468,Traffic: DISABLED VEHICLE -,2019-03-16 22:05:15,LIMERICK,RIDGE PIKE & N TOWNSHIP LINE RD,1
40.1778315,-75.3401330,POTSHOP RD & BROADVIEW LN; WORCESTER; 2017-02-04 @ 19:40:54;,19403,Traffic: DISABLED VEHICLE -,2017-02-04 19:40:54,WORCESTER,POTSHOP RD & BROADVIEW LN,1
40.3377933,-75.5489713,LAYFIELD RD & LITTLE RD;  NEW HANOVER; Station 332; 2019-12-04 @ 02:55:06;,18074,EMS: CARDIAC EMERGENCY,2019-12-04 02:55:06,NEW HANOVER,LAYFIELD RD & LITTLE RD,1
40.2588195,-75.6574220,UPLAND ST & MANATAWNY ST;  POTTSTOWN; Station 329; 2020-03-25 @ 21:32:58;,19464,EMS: SUBJECT IN PAIN,2020-03-25 21:32:58,POTTSTOWN,UPLAND ST & MANATAWNY ST,1
40.0989357,-75.1258684,YORK RD & HILLSIDE AVE; JENKINTOWN; 2016-09-18 @ 13:36:09;,19046,Traffic: VEHICLE ACCIDENT -,2016-09-18 13:36:09,JENKINTOWN,YORK RD & HILLSIDE AVE,1
40.2439300,-75.6310360,HIGH ST & MONTGOMERY ST;  POTTSTOWN; Station 329; 2019-05-31 @ 10:25:09;,19464,EMS: CARDIAC EMERGENCY,2019-05-31 10:25:09,POTTSTOWN,HIGH ST & MONTGOMERY ST,1
40.1845530,-75.2867290,MORRIS RD & TWIN SILO DR; WHITPAIN; 2017-05-14 @ 10:45:53;,19422,Traffic: DISABLED VEHICLE -,2017-05-14 10:45:53,WHITPAIN,MORRIS RD & TWIN SILO DR,1
40.1022274,-75.3915443,VALLEY FORGE RD & GENERAL STEUBEN RD;  UPPER MERION; Station 317; 2019-01-29 @ 14:19:51;,19406,EMS: HEAD INJURY,2019-01-29 14:19:51,UPPER MERION,VALLEY FORGE RD & GENERAL STEUBEN RD,1
40.1231771,-75.3337165,DEKALB ST & E FORNANCE ST;  NORRISTOWN; Station 308A; 2018-11-26 @ 15:19:04;,19401,EMS: BACK PAINS/INJURY,2018-11-26 15:19:04,NORRISTOWN,DEKALB ST & E FORNANCE ST,1
40.2541003,-75.3388642,DOCK DR & DETWILER RD;  TOWAMENCIN; Station 345B; 2018-10-26 @ 03:59:15;,19446,EMS: SUBJECT IN PAIN,2018-10-26 03:59:15,TOWAMENCIN,DOCK DR & DETWILER RD,1
40.2449124,-75.6443631,HIGH ST & S FRANKLIN ST;  POTTSTOWN; Station 329; 2020-02-17 @ 16:42:17;,19464,EMS: RESPIRATORY EMERGENCY,2020-02-17 16:42:17,POTTSTOWN,HIGH ST & S FRANKLIN ST,1
40.0238641,-75.3142199,MORRIS AVE & YARROW ST; LOWER MERION; 2015-12-14 @ 11:43:55;,19010,Traffic: ROAD OBSTRUCTION -,2015-12-14 11:43:55,LOWER MERION,MORRIS AVE & YARROW ST,1
40.2215922,-75.5111464,RIDGE PIKE & MAIN DR;  LIMERICK; Station 324A; 2017-06-15 @ 13:38:02;,19468,EMS: OVERDOSE,2017-06-15 13:38:02,LIMERICK,RIDGE PIKE & MAIN DR,1
40.0731041,-75.1149437,FAIRVIEW RD & STOCKTON RD; CHELTENHAM; 2017-01-12 @ 19:54:14-Station:STA3;,19027,Fire: FIRE ALARM,2017-01-12 19:54:14,CHELTENHAM,FAIRVIEW RD & STOCKTON RD,1
40.2387314,-75.5784013,EVERGREEN RD;  LIMERICK; Station 324A; 2018-02-03 @ 14:10:45;,19464,EMS: VEHICLE ACCIDENT,2018-02-03 14:10:45,LIMERICK,EVERGREEN RD,1
40.2463302,-75.6393343,CHESTNUT ST & N WARREN ST;  POTTSTOWN; Station 329; 2020-03-29 @ 20:07:43;,19464,EMS: SUBJECT IN PAIN,2020-03-29 20:07:43,POTTSTOWN,CHESTNUT ST & N WARREN ST,1
40.2015012,-75.3470507,SKIPPACK PIKE & NE EXTENSION UNDERPASS; WEST NORRITON; 2019-05-26 @ 04:22:04;,,Traffic: VEHICLE ACCIDENT -,2019-05-26 04:22:04,WEST NORRITON,SKIPPACK PIKE & NE EXTENSION UNDERPASS,1
40.1615922,-75.5142684,BLACK ROCK RD & 2ND AVE; UPPER PROVIDENCE; 2019-02-14 @ 16:18:46;,19468,Traffic: VEHICLE ACCIDENT -,2019-02-14 16:18:46,UPPER PROVIDENCE,BLACK ROCK RD & 2ND AVE,1
40.0844525,-75.3019435,11TH AVE & WOOD ST; CONSHOHOCKEN; 2017-10-08 @ 11:25:00-Station:STA35;,19428,Fire: FIRE ALARM,2017-10-08 11:25:00,CONSHOHOCKEN,11TH AVE & WOOD ST,1
40.3142539,-75.6353784,SWINEHART RD & MILL ST;  DOUGLASS; Station 332; 2016-05-28 @ 19:29:04;,19512,EMS: MEDICAL ALERT ALARM,2016-05-28 19:29:04,DOUGLASS,SWINEHART RD & MILL ST,1
39.9846090,-75.2744510,HAVERFORD RD & MANOA RD; LOWER MERION; 2017-06-26 @ 07:31:10;,19096,Traffic: VEHICLE ACCIDENT -,2017-06-26 07:31:10,LOWER MERION,HAVERFORD RD & MANOA RD,1
40.2387237,-75.5785160,EVERGREEN RD & W LIGHTCAP RD;  LOWER POTTSGROVE; Station 329; 2019-08-12 @ 16:15:07;,19464,EMS: SUBJECT IN PAIN,2019-08-12 16:15:07,LOWER POTTSGROVE,EVERGREEN RD & W LIGHTCAP RD,1
40.3309982,-75.3304253,CHURCH AVE & AUTUMN LEA CIR;  TELFORD; Station 339; 2016-01-14 @ 16:07:13;,18969,EMS: FALL VICTIM,2016-01-14 16:07:13,TELFORD,CHURCH AVE & AUTUMN LEA CIR,1
40.0241857,-75.2843360,MILL CREEK RD & OLD GULPH RD; LOWER MERION; 2018-07-17 @ 18:13:26;,19035,Traffic: DISABLED VEHICLE -,2018-07-17 18:13:26,LOWER MERION,MILL CREEK RD & OLD GULPH RD,1
40.0797610,-75.2561115,CHERRYDALE DR & HARTS LN; WHITEMARSH; 2017-12-14 @ 18:50:56-Station:STA29;,19444,Fire: FIRE ALARM,2017-12-14 18:50:56,WHITEMARSH,CHERRYDALE DR & HARTS LN,1
40.1330371,-75.4084631,SHANNONDELL DR & SHANNONDELL BLVD;  LOWER PROVIDENCE; Station 322A; 2017-04-14 @ 18:11:02;,19403,EMS: CARDIAC EMERGENCY,2017-04-14 18:11:02,LOWER PROVIDENCE,SHANNONDELL DR & SHANNONDELL BLVD,1
40.1033767,-75.4124499,VALLEY FORGE CIR & OLD VALLEY FORGE RD;  UPPER MERION; Station 317; 2017-07-10 @ 18:37:48;,19406,EMS: HEMORRHAGING,2017-07-10 18:37:48,UPPER MERION,VALLEY FORGE CIR & OLD VALLEY FORGE RD,1
40.1392360,-75.0611871,HUNTINGDON PIKE;  LOWER MORELAND; Station 355; 2020-02-04 @ 15:36:08;,19006,EMS: CARDIAC EMERGENCY,2020-02-04 15:36:08,LOWER MORELAND,HUNTINGDON PIKE,1
40.1568468,-75.1019942,EASTON RD & RAMP RT611 SB TO I276; UPPER MORELAND; 2020-07-03 @ 19:40:02-Station:STA10;,,Fire: FIRE INVESTIGATION,2020-07-03 19:40:02,UPPER MORELAND,EASTON RD & RAMP RT611 SB TO I276,1
40.2877867,-75.5359516,FAGLEYSVILLE RD & KEYSER RD; UPPER FREDERICK; 2016-12-11 @ 02:55:15-Station:STA87;,18074,Fire: VEHICLE FIRE,2016-12-11 02:55:15,UPPER FREDERICK,FAGLEYSVILLE RD & KEYSER RD,1
40.2063200,-75.4874520,MAIN ST & GREENWOOD AVE; UPPER PROVIDENCE; 2018-04-23 @ 06:46:25;,19468,Traffic: VEHICLE FIRE -,2018-04-23 06:46:25,UPPER PROVIDENCE,MAIN ST & GREENWOOD AVE,1
40.1448042,-75.3120511,HAINES RD & STUART DR;  EAST NORRITON; Station 308; 2017-05-19 @ 11:56:37;,19401,EMS: FALL VICTIM,2017-05-19 11:56:37,EAST NORRITON,HAINES RD & STUART DR,1
40.1007482,-75.2151078,WISSAHICKON AVE & ROSE LN;  SPRINGFIELD; Station 311; 2017-01-05 @ 03:09:43;,19031,EMS: ABDOMINAL PAINS,2017-01-05 03:09:43,SPRINGFIELD,WISSAHICKON AVE & ROSE LN,1
40.0864020,-75.2355959,THOMAS RD & GERMANTOWN PIKE; SPRINGFIELD; 2015-12-25 @ 09:52:21;,19444,Traffic: VEHICLE ACCIDENT -,2015-12-25 09:52:21,SPRINGFIELD,THOMAS RD & GERMANTOWN PIKE,1
40.1177780,-75.3439840,PENN ST & CHERRY ST;  NORRISTOWN; Station 308A; 2020-03-12 @ 20:08:21;,19401,EMS: FEVER,2020-03-12 20:08:21,NORRISTOWN,PENN ST & CHERRY ST,1
40.0928867,-75.2994110,CLAY DR & COLWELL LN;  PLYMOUTH; Station 308; 2017-01-27 @ 09:13:48;,19428,EMS: HEMORRHAGING,2017-01-27 09:13:48,PLYMOUTH,CLAY DR & COLWELL LN,1
40.0723470,-75.3021410,ELM ST & POPLAR ST;  CONSHOHOCKEN; Station 313A; 2017-01-17 @ 04:42:44;,19428,EMS: BUILDING FIRE,2017-01-17 04:42:44,CONSHOHOCKEN,ELM ST & POPLAR ST,1
40.2252093,-75.1877490,CHESTNUT LN & LIMEKILN PIKE; HORSHAM; 2018-11-01 @ 08:23:11;,19002,Traffic: VEHICLE FIRE -,2018-11-01 08:23:11,HORSHAM,CHESTNUT LN & LIMEKILN PIKE,1
40.2585502,-75.5994220,BROOKWOOD DR & KEPLER RD;  LOWER POTTSGROVE; Station 329; 2016-07-08 @ 10:43:37;,19464,EMS: SEIZURES,2016-07-08 10:43:37,LOWER POTTSGROVE,BROOKWOOD DR & KEPLER RD,1
40.2421771,-75.5738991,RUPERT RD & EVERGREEN RD; LIMERICK; 2019-02-02 @ 19:42:37;,19464,Traffic: DISABLED VEHICLE -,2019-02-02 19:42:37,LIMERICK,RUPERT RD & EVERGREEN RD,1
40.3113000,-75.3539226,GODSHALL RD & HARLEYSVILLE PIKE; FRANCONIA; 2017-05-16 @ 23:15:38;,18964,Traffic: VEHICLE ACCIDENT -,2017-05-16 23:15:38,FRANCONIA,GODSHALL RD & HARLEYSVILLE PIKE,1
39.9972100,-75.2355480,CITY AVE & OLD LANCASTER RD; LOWER MERION; 2018-06-19 @ 13:05:56;,19066,Traffic: VEHICLE ACCIDENT -,2018-06-19 13:05:56,LOWER MERION,CITY AVE & OLD LANCASTER RD,1
40.1886660,-75.1007192,COUNTY LINE RD & MADISON AVE;  HATBORO; Station 384; 2017-06-21 @ 21:10:33;,18974,EMS: ABDOMINAL PAINS,2017-06-21 21:10:33,HATBORO,COUNTY LINE RD & MADISON AVE,1
40.2088169,-75.3592846,SKIPPACK PIKE & WENTZ CHURCH RD; WORCESTER; 2017-10-22 @ 10:56:07;,19446,Traffic: VEHICLE ACCIDENT -,2017-10-22 10:56:07,WORCESTER,SKIPPACK PIKE & WENTZ CHURCH RD,1
40.2290075,-75.3878525,NO LOCATION - NEIGHBORING COUNTY;  BUCKS COUNTY; Station EMS; 2020-05-14 @ 15:30:16;,,EMS: GENERAL WEAKNESS,2020-05-14 15:30:16,BUCKS COUNTY,NO LOCATION - NEIGHBORING COUNTY,1
40.1537535,-75.1216041,EASTON RD & LAWNTON RD;  UPPER MORELAND; Station 381; 2018-12-19 @ 22:18:45;,19090,EMS: SUBJECT IN PAIN,2018-12-19 22:18:45,UPPER MORELAND,EASTON RD & LAWNTON RD,1
40.2515230,-75.3295570,EXTENSION PENNSYLVANIA TPKE & BUSTARD RD OVERPASS; TOWAMENCIN; 2018-10-09 @ 18:16:21;,,Traffic: ROAD OBSTRUCTION -,2018-10-09 18:16:21,TOWAMENCIN,EXTENSION PENNSYLVANIA TPKE & BUSTARD RD OVERPASS,1
40.1685378,-75.4982005,BLACK ROCK RD & S TRAPPE RD;  UPPER PROVIDENCE; Station 325; 2016-05-08 @ 08:22:26;,19468,EMS: ALTERED MENTAL STATUS,2016-05-08 08:22:26,UPPER PROVIDENCE,BLACK ROCK RD & S TRAPPE RD,1
40.1537128,-75.2198790,GREENWOOD AVE & MATTISON AVE;  AMBLER; Station 351; 2016-07-20 @ 09:36:38;,19002,EMS: ALTERED MENTAL STATUS,2016-07-20 09:36:38,AMBLER,GREENWOOD AVE & MATTISON AVE,1
40.2199904,-75.1527559,W COUNTY LINE RD & KEITH VALLEY RD; HORSHAM; 2020-04-07 @ 17:06:22;,19044,Traffic: DISABLED VEHICLE -,2020-04-07 17:06:22,HORSHAM,W COUNTY LINE RD & KEITH VALLEY RD,1
40.0929049,-75.2617156,GERMANTOWN PIKE & JOSHUA RD; WHITEMARSH; 2017-07-20 @ 16:29:17;,19444,Traffic: VEHICLE ACCIDENT -,2017-07-20 16:29:17,WHITEMARSH,GERMANTOWN PIKE & JOSHUA RD,1
40.0875677,-75.4055591,GULPH RD & RAMP I76 EB TO N GULPH RD;  UPPER MERION; Station 317; 2018-08-28 @ 10:32:53;,,EMS: SUBJECT IN PAIN,2018-08-28 10:32:53,UPPER MERION,GULPH RD & RAMP I76 EB TO N GULPH RD,1
40.2320903,-75.4728222,BRIDGE ST & EXMOOR DR;  PERKIOMEN; Station 324; 2017-03-22 @ 12:05:54;,19426,EMS: UNKNOWN MEDICAL EMERGENCY,2017-03-22 12:05:54,PERKIOMEN,BRIDGE ST & EXMOOR DR,1
40.1330371,-75.4084631,SHANNONDELL DR & SHANNONDELL BLVD;  LOWER PROVIDENCE; Station 322A; 2016-10-17 @ 17:15:47;,19403,EMS: RESPIRATORY EMERGENCY,2016-10-17 17:15:47,LOWER PROVIDENCE,SHANNONDELL DR & SHANNONDELL BLVD,1
40.1161530,-75.3435130,AIRY ST & SWEDE ST;  NORRISTOWN; Station 308A; 2016-11-02 @ 17:18:03;,19401,EMS: DIZZINESS,2016-11-02 17:18:03,NORRISTOWN,AIRY ST & SWEDE ST,1
40.1547631,-75.3597793,W GERMANTOWN PIKE & BURNSIDE AVE; EAST NORRITON; 2018-12-10 @ 02:08:11;,19403,Traffic: VEHICLE ACCIDENT -,2018-12-10 02:08:11,EAST NORRITON,W GERMANTOWN PIKE & BURNSIDE AVE,1
40.1068386,-75.1238039,OLD YORK RD & HARTE RD;  ABINGTON; Station 382; 2018-01-23 @ 12:31:11;,19046,EMS: RESPIRATORY EMERGENCY,2018-01-23 12:31:11,ABINGTON,OLD YORK RD & HARTE RD,1
40.2450540,-75.3405363,SUMNEYTOWN PIKE & FRANKLIN ST;  TOWAMENCIN; Station 345B; 2017-03-01 @ 05:38:10;,19438,EMS: CARDIAC EMERGENCY,2017-03-01 05:38:10,TOWAMENCIN,SUMNEYTOWN PIKE & FRANKLIN ST,1
40.1323070,-75.3588272,NORTHRIDGE DR & BITTERSWEET CT;  WEST NORRITON; Station 308B; 2016-05-19 @ 14:35:51;,19403,EMS: HEAD INJURY,2016-05-19 14:35:51,WEST NORRITON,NORTHRIDGE DR & BITTERSWEET CT,1
40.2594148,-75.3246196,ALLENTOWN RD & FORTY FOOT RD; TOWAMENCIN; 2019-06-05 @ 13:29:23;,19446,Traffic: HAZARDOUS ROAD CONDITIONS -,2019-06-05 13:29:23,TOWAMENCIN,ALLENTOWN RD & FORTY FOOT RD,1
40.2348257,-75.2126238,LAUREL CT & LAUREL LN;  MONTGOMERY; Station 345A; 2018-05-14 @ 11:07:05;,19454,EMS: UNKNOWN MEDICAL EMERGENCY,2018-05-14 11:07:05,MONTGOMERY,LAUREL CT & LAUREL LN,1
40.3055477,-75.3464318,GODSHALL RD & DELP RD; FRANCONIA; 2020-01-28 @ 08:37:06;,18964,Traffic: DISABLED VEHICLE -,2020-01-28 08:37:06,FRANCONIA,GODSHALL RD & DELP RD,1
40.0928867,-75.2994110,CLAY DR & COLWELL LN;  PLYMOUTH; Station 308; 2018-11-18 @ 13:56:13;,19428,EMS: DIABETIC EMERGENCY,2018-11-18 13:56:13,PLYMOUTH,CLAY DR & COLWELL LN,1
40.2950354,-75.5815481,FAIRBROOK DR & LEIDY RD; NEW HANOVER; 2018-06-09 @ 16:59:40-Station:STA37;,19525,Fire: FIRE ALARM,2018-06-09 16:59:40,NEW HANOVER,FAIRBROOK DR & LEIDY RD,1
40.1330371,-75.4084631,SHANNONDELL DR & SHANNONDELL BLVD;  LOWER PROVIDENCE; Station 322A; 2018-02-07 @ 11:17:50;,19403,EMS: FALL VICTIM,2018-02-07 11:17:50,LOWER PROVIDENCE,SHANNONDELL DR & SHANNONDELL BLVD,1
40.0936150,-75.2837750,RIDGE PIKE & BUTLER PIKE;  WHITEMARSH; Station 318; 2019-05-06 @ 07:42:25;,19428,EMS: MEDICAL ALERT ALARM,2019-05-06 07:42:25,WHITEMARSH,RIDGE PIKE & BUTLER PIKE,1
40.0991910,-75.1579655,LISMORE AVE & WAVERLY RD;  CHELTENHAM; Station 358A; 2017-05-18 @ 17:14:46;,19038,EMS: SYNCOPAL EPISODE,2017-05-18 17:14:46,CHELTENHAM,LISMORE AVE & WAVERLY RD,1
40.2494951,-75.6635208,RT100 SB & W KING ST; POTTSTOWN; 2020-03-03 @ 14:36:52;,19464,Traffic: VEHICLE ACCIDENT -,2020-03-03 14:36:52,POTTSTOWN,RT100 SB & W KING ST,1
40.3222785,-75.3372499,4TH ST & W BROAD ST; FRANCONIA; 2016-09-25 @ 13:45:52-Station:STA75;,18969,Fire: WOODS/FIELD FIRE,2016-09-25 13:45:52,FRANCONIA,4TH ST & W BROAD ST,1
40.1179080,-75.1365614,EDGE HILL RD & EASTON RD; ABINGTON; 2016-11-12 @ 05:54:38;,19038,Traffic: DISABLED VEHICLE -,2016-11-12 05:54:38,ABINGTON,EDGE HILL RD & EASTON RD,1
40.2419012,-75.6327270,EDEN ST & SOUTH ST; POTTSTOWN; 2019-11-15 @ 14:36:06;,19464,Traffic: VEHICLE ACCIDENT -,2019-11-15 14:36:06,POTTSTOWN,EDEN ST & SOUTH ST,1
40.1085064,-75.1484742,SYLVANIA AVE & GENEVA AVE;  ABINGTON; Station 383; 2019-06-27 @ 05:57:09;,19038,EMS: FALL VICTIM,2019-06-27 05:57:09,ABINGTON,SYLVANIA AVE & GENEVA AVE,1
40.2567735,-75.2254278,TWINING RD & CANTERBURY LN;  MONTGOMERY; Station 345A; 2018-04-24 @ 02:26:06;,19446,EMS: CARDIAC EMERGENCY,2018-04-24 02:26:06,MONTGOMERY,TWINING RD & CANTERBURY LN,1
40.0912840,-75.3732040,DEKALB PIKE & BRANDYWINE LN;  UPPER MERION; Station 317; 2015-12-13 @ 17:01:27;,19406,EMS: SYNCOPAL EPISODE,2015-12-13 17:01:27,UPPER MERION,DEKALB PIKE & BRANDYWINE LN,1
40.3137392,-75.3482969,HARLEYSVILLE PIKE & TELFORD PIKE;  FRANCONIA; Station 339; 2017-03-10 @ 07:53:33;,18969,EMS: VEHICLE ACCIDENT,2017-03-10 07:53:33,FRANCONIA,HARLEYSVILLE PIKE & TELFORD PIKE,1
40.1966167,-75.3308963,CENTER POINT LN & OLD FARM LN; WORCESTER; 2018-01-01 @ 14:05:54-Station:STA83;,19446,Fire: FIRE INVESTIGATION,2018-01-01 14:05:54,WORCESTER,CENTER POINT LN & OLD FARM LN,1
40.2424438,-75.6448351,S FRANKLIN ST & RR UNDERPASS; POTTSTOWN; 2018-11-15 @ 17:35:49;,19464,Traffic: DISABLED VEHICLE -,2018-11-15 17:35:49,POTTSTOWN,S FRANKLIN ST & RR UNDERPASS,1
40.2162025,-75.6602865,NEIMAN RD & ROBERTA DR;  CHESTER COUNTY; Station 3A84; 2020-03-18 @ 12:54:27;,19465,EMS: MEDICAL ALERT ALARM,2020-03-18 12:54:27,CHESTER COUNTY,NEIMAN RD & ROBERTA DR,1
40.0951710,-75.4146990,1ST AVE & FREEDOM DR;  UPPER MERION; Station 317; 2019-05-06 @ 06:07:33;,19406,EMS: GENERAL WEAKNESS,2019-05-06 06:07:33,UPPER MERION,1ST AVE & FREEDOM DR,1
40.0068112,-75.2929334,CRICKET AVE & E ATHENS AVE;  LOWER MERION; Station 313; 2015-12-31 @ 11:09:40;,19003,EMS: CARDIAC EMERGENCY,2015-12-31 11:09:40,LOWER MERION,CRICKET AVE & E ATHENS AVE,1
40.2574974,-75.3533861,INDUSTRIAL BLVD & WAMBOLD RD;  TOWAMENCIN; Station 345B; 2019-01-13 @ 22:22:37;,19438,EMS: RESPIRATORY EMERGENCY,2019-01-13 22:22:37,TOWAMENCIN,INDUSTRIAL BLVD & WAMBOLD RD,1
40.1600540,-75.1233160,EASTON RD & WYANDOTTE RD; UPPER MORELAND; 2018-01-14 @ 11:18:21;,19090,Traffic: HAZARDOUS ROAD CONDITIONS -,2018-01-14 11:18:21,UPPER MORELAND,EASTON RD & WYANDOTTE RD,1
40.2095008,-75.4560353,OAK ST & RAHNS RD;  PERKIOMEN; Station 324; 2018-05-05 @ 19:21:50;,19426,EMS: ALTERED MENTAL STATUS,2018-05-05 19:21:50,PERKIOMEN,OAK ST & RAHNS RD,1
40.1276140,-75.4045820,TROOPER RD & BOULEVARD OF THE GENERALS; LOWER PROVIDENCE; 2019-11-02 @ 14:41:45-Station:STA53;,19403,Fire: ELECTRICAL FIRE OUTSIDE,2019-11-02 14:41:45,LOWER PROVIDENCE,TROOPER RD & BOULEVARD OF THE GENERALS,1
40.1685378,-75.4982005,BLACK ROCK RD & S TRAPPE RD;  UPPER PROVIDENCE; Station 325; 2018-02-28 @ 20:01:04;,19468,EMS: SUBJECT IN PAIN,2018-02-28 20:01:04,UPPER PROVIDENCE,BLACK ROCK RD & S TRAPPE RD,1
40.1655784,-75.4784461,TOWN CENTER  ; LOWER PROVIDENCE; 2019-05-27 @ 21:15:44;,19426,Traffic: DISABLED VEHICLE -,2019-05-27 21:15:44,LOWER PROVIDENCE,TOWN CENTER,1
40.2615133,-75.6409209,WILLOW ST & DIAMOND ST;  UPPER POTTSGROVE; Station 329B; 2019-04-22 @ 10:15:19;,19464,EMS: ABDOMINAL PAINS,2019-04-22 10:15:19,UPPER POTTSGROVE,WILLOW ST & DIAMOND ST,1
40.3278237,-75.6255904,PHILADELPHIA AVE & MONTGOMERY AVE; DOUGLASS; 2019-07-06 @ 10:55:54;,19512,Traffic: VEHICLE ACCIDENT -,2019-07-06 10:55:54,DOUGLASS,PHILADELPHIA AVE & MONTGOMERY AVE,1
40.2228820,-75.3987889,PRISON RD & PIGGERY RD;  SKIPPACK; Station 336; 2016-09-12 @ 08:44:05;,,EMS: CARDIAC EMERGENCY,2016-09-12 08:44:05,SKIPPACK,PRISON RD & PIGGERY RD,1
40.2976814,-75.6479437,FARMINGTON AVE & EVANS RD; UPPER POTTSGROVE; 2019-11-08 @ 06:43:48;,19464,Traffic: VEHICLE ACCIDENT -,2019-11-08 06:43:48,UPPER POTTSGROVE,FARMINGTON AVE & EVANS RD,1
40.1305414,-75.3179101,OLD ARCH RD & BIRCHWOOD DR;  EAST NORRITON; Station 308; 2020-01-21 @ 13:16:53;,19401,EMS: RESPIRATORY EMERGENCY,2020-01-21 13:16:53,EAST NORRITON,OLD ARCH RD & BIRCHWOOD DR,1
40.2984302,-75.2841346,BETHLEHEM PIKE & UNIONVILLE PIKE; BUCKS COUNTY; 2016-02-06 @ 14:26:01;,19440,Traffic: DISABLED VEHICLE -,2016-02-06 14:26:01,BUCKS COUNTY,BETHLEHEM PIKE & UNIONVILLE PIKE,1
40.1415234,-75.1121346,N YORK RD & CHURCH ST; UPPER MORELAND; 2019-07-09 @ 16:56:13;,19090,Traffic: VEHICLE ACCIDENT -,2019-07-09 16:56:13,UPPER MORELAND,N YORK RD & CHURCH ST,1
40.1632543,-75.1015376,RAMP RT611 TO I276  & RAMP RT611 TO I276 WB; UPPER MORELAND; 2018-06-23 @ 21:49:26;,,Traffic: VEHICLE ACCIDENT -,2018-06-23 21:49:26,UPPER MORELAND,RAMP RT611 TO I276  & RAMP RT611 TO I276 WB,1
40.1499295,-75.1201844,EASTON RD & CAMERON RD; UPPER MORELAND; 2019-10-04 @ 11:12:02;,19090,Traffic: ROAD OBSTRUCTION -,2019-10-04 11:12:02,UPPER MORELAND,EASTON RD & CAMERON RD,1
40.0701830,-75.0986950,TOWNSHIP LINE RD & E CHURCH RD; CHELTENHAM; 2018-11-25 @ 17:37:59;,19027,Traffic: VEHICLE ACCIDENT -,2018-11-25 17:37:59,CHELTENHAM,TOWNSHIP LINE RD & E CHURCH RD,1
40.2158292,-75.2408345,W WELSH RD & ROSE LN; LOWER GWYNEDD; 2017-02-22 @ 07:34:51;,19454,Traffic: VEHICLE ACCIDENT -,2017-02-22 07:34:51,LOWER GWYNEDD,W WELSH RD & ROSE LN,1
40.0999600,-75.1342131,WALNUT ST & RUNNYMEDE AVE; JENKINTOWN; 2019-05-08 @ 03:21:24;,19046,Traffic: DISABLED VEHICLE -,2019-05-08 03:21:24,JENKINTOWN,WALNUT ST & RUNNYMEDE AVE,1
40.0809133,-75.2026651,EVERGREEN AVE & STENTON AVE;  SPRINGFIELD; Station 311; 2017-11-13 @ 17:57:13;,19038,EMS: SYNCOPAL EPISODE,2017-11-13 17:57:13,SPRINGFIELD,EVERGREEN AVE & STENTON AVE,1
40.2235781,-75.2703244,SHANNON DR & WEXFORD DR;  UPPER GWYNEDD; Station 345; 2019-05-01 @ 18:23:21;,19454,EMS: FALL VICTIM,2019-05-01 18:23:21,UPPER GWYNEDD,SHANNON DR & WEXFORD DR,1
40.2544257,-75.5790074,SANATOGA RD & SNELL RD; LOWER POTTSGROVE; 2017-10-27 @ 13:07:05-Station:STA58;,19464,Fire: VEHICLE ACCIDENT,2017-10-27 13:07:05,LOWER POTTSGROVE,SANATOGA RD & SNELL RD,1
40.1229529,-75.1178358,ROCKWELL RD & HIGHLAND AVE;  ABINGTON; Station 381; 2018-09-09 @ 07:29:55;,19001,EMS: VEHICLE ACCIDENT,2018-09-09 07:29:55,ABINGTON,ROCKWELL RD & HIGHLAND AVE,1
40.0972222,-75.3761952,SCHUYLKILL EXPY & RAMP RT202 NB TO I76 EB; UPPER MERION; 2019-03-17 @ 00:20:50;,,Traffic: DISABLED VEHICLE -,2019-03-17 00:20:50,UPPER MERION,SCHUYLKILL EXPY & RAMP RT202 NB TO I76 EB,1
40.1670212,-75.2902532,DEKALB PIKE & SKIPPACK PIKE;  WHITPAIN; Station 385; 2018-12-14 @ 06:35:07;,19422,EMS: RESPIRATORY EMERGENCY,2018-12-14 06:35:07,WHITPAIN,DEKALB PIKE & SKIPPACK PIKE,1
40.1289550,-75.3768355,SCHUYLKILL AVE & BUTLER AVE;  WEST NORRITON; Station 308B; 2020-04-04 @ 22:32:40;,19403,EMS: ABDOMINAL PAINS,2020-04-04 22:32:40,WEST NORRITON,SCHUYLKILL AVE & BUTLER AVE,1
40.2488099,-75.6435193,BEECH ST & N FRANKLIN ST;  POTTSTOWN; Station 329; 2016-06-06 @ 01:18:42;,19464,EMS: RESPIRATORY EMERGENCY,2016-06-06 01:18:42,POTTSTOWN,BEECH ST & N FRANKLIN ST,1
40.1568468,-75.1019942,PENNSYLVANIA TPKE & WELSH RD OVERPASS; UPPER MORELAND; 2017-07-12 @ 22:16:35;,,Traffic: VEHICLE FIRE -,2017-07-12 22:16:35,UPPER MORELAND,PENNSYLVANIA TPKE & WELSH RD OVERPASS,1
40.0059534,-75.2443500,MONTGOMERY AVE & PARSONS AVE; LOWER MERION; 2016-08-24 @ 14:40:18;,19004,Traffic: VEHICLE ACCIDENT -,2016-08-24 14:40:18,LOWER MERION,MONTGOMERY AVE & PARSONS AVE,1
40.2442013,-75.5824030,HIGH ST & S PARK RD; LOWER POTTSGROVE; 2018-12-09 @ 15:54:30;,19464,Traffic: VEHICLE ACCIDENT -,2018-12-09 15:54:30,LOWER POTTSGROVE,HIGH ST & S PARK RD,1
40.2496876,-75.6714204,BUTTONWOOD ST & BOONE CT;  POTTSTOWN; Station 329; 2017-04-26 @ 14:40:16;,19464,EMS: HEMORRHAGING,2017-04-26 14:40:16,POTTSTOWN,BUTTONWOOD ST & BOONE CT,1
40.0919968,-75.4487458,INNER LINE DR & S INNER LINE DR; UPPER MERION; 2018-09-25 @ 15:21:13;,19460,Traffic: HAZARDOUS ROAD CONDITIONS -,2018-09-25 15:21:13,UPPER MERION,INNER LINE DR & S INNER LINE DR,1
40.1998265,-75.1202131,W COUNTY LINE RD & FOLLY RD; HORSHAM; 2019-05-11 @ 21:54:00;,19040,Traffic: VEHICLE ACCIDENT -,2019-05-11 21:54:00,HORSHAM,W COUNTY LINE RD & FOLLY RD,1
40.2048367,-75.2228211,WELSH RD & LOWER STATE RD; HORSHAM; 2019-07-24 @ 13:20:22;,19002,Traffic: VEHICLE ACCIDENT -,2019-07-24 13:20:22,HORSHAM,WELSH RD & LOWER STATE RD,1
40.0701839,-75.0985717,TOWNSHIP LINE RD & CHURCH RD;  ABINGTON; Station 382; 2016-03-07 @ 11:40:45;,19027,EMS: CVA/STROKE,2016-03-07 11:40:45,ABINGTON,TOWNSHIP LINE RD & CHURCH RD,1
40.1462625,-75.3985457,3RD ST & S MIDLAND AVE;  LOWER PROVIDENCE; Station 322; 2018-07-19 @ 11:25:29;,19403,EMS: CARDIAC EMERGENCY,2018-07-19 11:25:29,LOWER PROVIDENCE,3RD ST & S MIDLAND AVE,1
40.1041497,-75.3385306,BUSH ST & CHERRY ALY;  BRIDGEPORT; Station 356; 2019-07-01 @ 10:32:48;,19405,EMS: RESPIRATORY EMERGENCY,2019-07-01 10:32:48,BRIDGEPORT,BUSH ST & CHERRY ALY,1
40.2001276,-75.5415252,KING RD & MUIRFIELD DR; LIMERICK; 2016-07-28 @ 12:24:54;,19468,Traffic: VEHICLE ACCIDENT -,2016-07-28 12:24:54,LIMERICK,KING RD & MUIRFIELD DR,1
40.1367302,-75.3083504,GODSPEED CT & ELIZABETH DR;  EAST NORRITON; Station 308; 2017-02-05 @ 13:59:44;,19401,EMS: ALTERED MENTAL STATUS,2017-02-05 13:59:44,EAST NORRITON,GODSPEED CT & ELIZABETH DR,1
40.2787567,-75.3865006,MAIN ST & ALUMNI AVE; LOWER SALFORD; 2020-05-28 @ 05:49:09;,19438,Traffic: VEHICLE ACCIDENT -,2020-05-28 05:49:09,LOWER SALFORD,MAIN ST & ALUMNI AVE,1
40.1793752,-75.2362381,BANGOR LN & DEAD END;  LOWER GWYNEDD; Station 351; 2017-01-22 @ 09:18:12;,,EMS: UNKNOWN MEDICAL EMERGENCY,2017-01-22 09:18:12,LOWER GWYNEDD,BANGOR LN & DEAD END,1
40.1697252,-75.1236826,MAGNOLIA AVE & BROADWAY AVE;  UPPER MORELAND; Station 384; 2016-11-24 @ 19:27:59;,19040,EMS: OVERDOSE,2016-11-24 19:27:59,UPPER MORELAND,MAGNOLIA AVE & BROADWAY AVE,1
40.4030729,-75.4998641,MAIN ST & CHURCH ST;  EAST GREENVILLE; Station 369; 2017-05-08 @ 17:48:54;,18041,EMS: SUBJECT IN PAIN,2017-05-08 17:48:54,EAST GREENVILLE,MAIN ST & CHURCH ST,1
40.1387422,-75.1617167,GREEN VALLEY CIR & BROOKDALE CT;  UPPER DUBLIN; Station 383; 2020-02-01 @ 01:43:49;,19025,EMS: GENERAL WEAKNESS,2020-02-01 01:43:49,UPPER DUBLIN,GREEN VALLEY CIR & BROOKDALE CT,1
40.1182332,-75.1771994,TWINING RD & ORLANDO AVE; UPPER DUBLIN; 2017-04-01 @ 23:34:20-Station:STA88;,19075,Fire: PUMP DETAIL,2017-04-01 23:34:20,UPPER DUBLIN,TWINING RD & ORLANDO AVE,1
40.1154061,-75.2971234,PLYMOUTH RD;  PLYMOUTH; Station 308; 2018-04-09 @ 10:51:06;,19462,EMS: VEHICLE ACCIDENT,2018-04-09 10:51:06,PLYMOUTH,PLYMOUTH RD,1
40.1977430,-75.1160348,COUNTY LINE RD & MEETINGHOUSE RD;  HORSHAM; Station 352; 2019-12-22 @ 17:40:36;,19040,EMS: CVA/STROKE,2019-12-22 17:40:36,HORSHAM,COUNTY LINE RD & MEETINGHOUSE RD,1
40.1431817,-75.3308768,STANBRIDGE ST & DOGWOOD LN; EAST NORRITON; 2017-12-15 @ 18:21:03-Station:STA61;,19401,Fire: FIRE ALARM,2017-12-15 18:21:03,EAST NORRITON,STANBRIDGE ST & DOGWOOD LN,1
40.1647680,-75.1350460,BLAIR MILL RD & WITMER RD; HORSHAM; 2017-08-16 @ 20:30:15;,19044,Traffic: DISABLED VEHICLE -,2017-08-16 20:30:15,HORSHAM,BLAIR MILL RD & WITMER RD,1
40.1114350,-75.0759539,MEADOWBROOK DR & HUNTINGDON PIKE; ABINGTON; 2018-04-24 @ 19:06:22-Station:STA200;,19006,Fire: FIRE ALARM,2018-04-24 19:06:22,ABINGTON,MEADOWBROOK DR & HUNTINGDON PIKE,1
40.2212266,-75.2887369,SUMNEYTOWN PIKE & RR OVERPASS;  UPPER GWYNEDD; Station 345B; 2018-05-01 @ 16:47:40;,,EMS: LACERATIONS,2018-05-01 16:47:40,UPPER GWYNEDD,SUMNEYTOWN PIKE & RR OVERPASS,1
40.1132540,-75.3360430,E AIRY ST & WALNUT ST; NORRISTOWN; 2019-09-18 @ 13:17:19;,19401,Traffic: VEHICLE ACCIDENT -,2019-09-18 13:17:19,NORRISTOWN,E AIRY ST & WALNUT ST,1
40.1370469,-75.3171588,DEKALB PIKE & COLONIAL DR;  EAST NORRITON; Station 308; 2019-08-01 @ 19:15:35;,19401,EMS: SUBJECT IN PAIN,2019-08-01 19:15:35,EAST NORRITON,DEKALB PIKE & COLONIAL DR,1
40.1157115,-75.1794861,GARTH RD & BRUCE RD;  SPRINGFIELD; Station 311; 2017-02-24 @ 22:04:22;,19075,EMS: OVERDOSE,2017-02-24 22:04:22,SPRINGFIELD,GARTH RD & BRUCE RD,1
40.2453649,-75.2877417,2ND ST & N RICHARDSON AVE; LANSDALE; 2017-02-06 @ 10:43:11;,19446,Traffic: ROAD OBSTRUCTION -,2017-02-06 10:43:11,LANSDALE,2ND ST & N RICHARDSON AVE,1
40.1172310,-75.3531302,LAFAYETTE ST & MCKINLEY AVE;  NORRISTOWN; Station 308A; 2017-08-07 @ 09:02:44;,19401,EMS: BACK PAINS/INJURY,2017-08-07 09:02:44,NORRISTOWN,LAFAYETTE ST & MCKINLEY AVE,1
40.1572833,-75.2241057,RIDGE AVE & BELMONT AVE; AMBLER; 2016-07-25 @ 10:33:26-Station:STA7;,19002,Fire: ELECTRICAL FIRE OUTSIDE,2016-07-25 10:33:26,AMBLER,RIDGE AVE & BELMONT AVE,1
40.0028699,-75.2407232,OLD LANCASTER RD & SUMMIT LN; LOWER MERION; 2017-05-18 @ 11:40:52;,19004,Traffic: VEHICLE ACCIDENT -,2017-05-18 11:40:52,LOWER MERION,OLD LANCASTER RD & SUMMIT LN,1
40.0045557,-75.2843574,LANCASTER AVE & CHATHAM RD; LOWER MERION; 2019-12-03 @ 12:41:38;,19003,Traffic: VEHICLE ACCIDENT -,2019-12-03 12:41:38,LOWER MERION,LANCASTER AVE & CHATHAM RD,1
40.0918515,-75.1404146,FERNBROOK AVE & GREENWOOD AVE;  CHELTENHAM; Station 358A; 2017-11-30 @ 15:16:08;,19095,EMS: MEDICAL ALERT ALARM,2017-11-30 15:16:08,CHELTENHAM,FERNBROOK AVE & GREENWOOD AVE,1
40.1842742,-75.2276629,PENLLYN PIKE & N BETHLEHEM PIKE; LOWER GWYNEDD; 2017-05-17 @ 11:20:51;,19002,Traffic: VEHICLE ACCIDENT -,2017-05-17 11:20:51,LOWER GWYNEDD,PENLLYN PIKE & N BETHLEHEM PIKE,1
40.0989357,-75.1258684,YORK RD & HILLSIDE AVE;  JENKINTOWN; Station 382; 2018-12-10 @ 14:56:54;,19046,EMS: UNCONSCIOUS SUBJECT,2018-12-10 14:56:54,JENKINTOWN,YORK RD & HILLSIDE AVE,1
40.0774952,-75.3620325,S GULPH RD;  UPPER MERION; Station 356; 2019-06-13 @ 20:40:32;,19406,EMS: VEHICLE ACCIDENT,2019-06-13 20:40:32,UPPER MERION,S GULPH RD,1
40.1653934,-75.2829046,EXTENSION PENNSYLVANIA TPKE & JOLLY RD UNDERPASS;  WHITPAIN; Station 308; 2018-06-16 @ 22:35:36;,,EMS: VEHICLE ACCIDENT,2018-06-16 22:35:36,WHITPAIN,EXTENSION PENNSYLVANIA TPKE & JOLLY RD UNDERPASS,1
40.0855729,-75.1889229,SOUTHAMPTON AVE & WYNDMOOR DR; SPRINGFIELD; 2018-09-17 @ 08:44:11-Station:STA82;,19038,Fire: FIRE ALARM,2018-09-17 08:44:11,SPRINGFIELD,SOUTHAMPTON AVE & WYNDMOOR DR,1
40.2554950,-75.5035777,GAME FARM RD & HOCKLE RD; LIMERICK; 2017-12-10 @ 05:24:47;,19473,Traffic: VEHICLE ACCIDENT -,2017-12-10 05:24:47,LIMERICK,GAME FARM RD & HOCKLE RD,1
40.1431830,-75.1191500,PARK AVE & MORELAND RD; UPPER MORELAND; 2020-06-26 @ 18:28:24-Station:STA10;,19090,Fire: GAS-ODOR/LEAK,2020-06-26 18:28:24,UPPER MORELAND,PARK AVE & MORELAND RD,1
40.2144471,-75.2766322,E WALNUT ST;  NORTH WALES; Station 345B; 2017-09-07 @ 17:05:24;,19454,EMS: FIRE SPECIAL SERVICE,2017-09-07 17:05:24,NORTH WALES,E WALNUT ST,1
40.1589820,-75.1966542,SUSQUEHANNA RD & SPARK DR;  UPPER DUBLIN; Station 351; 2018-11-14 @ 23:49:53;,19002,EMS: CARDIAC EMERGENCY,2018-11-14 23:49:53,UPPER DUBLIN,SUSQUEHANNA RD & SPARK DR,1
40.1421174,-75.1687746,SUSQUEHANNA RD & VIRGINIA DR; UPPER DUBLIN; 2017-06-30 @ 19:59:59;,19025,Traffic: VEHICLE ACCIDENT -,2017-06-30 19:59:59,UPPER DUBLIN,SUSQUEHANNA RD & VIRGINIA DR,1
40.1209643,-75.3631667,HARTRANFT AVE & W WASHINGTON ST;  NORRISTOWN; Station 308A; 2018-12-21 @ 01:48:36;,19401,EMS: CARDIAC EMERGENCY,2018-12-21 01:48:36,NORRISTOWN,HARTRANFT AVE & W WASHINGTON ST,1
40.2442109,-75.6387427,HIGH ST & N ADAMS ST;  POTTSTOWN; Station 329; 2019-08-28 @ 13:48:48;,19464,EMS: OVERDOSE,2019-08-28 13:48:48,POTTSTOWN,HIGH ST & N ADAMS ST,1
40.1723141,-75.4927278,RT422  & RAMP RT422 EB TO RT29; UPPER PROVIDENCE; 2019-06-07 @ 00:14:29;,,Traffic: VEHICLE ACCIDENT -,2019-06-07 00:14:29,UPPER PROVIDENCE,RT422  & RAMP RT422 EB TO RT29,1
40.0900968,-75.1265843,OLD YORK RD & YORK RD; ABINGTON; 2016-03-04 @ 19:28:15-Station:STA200;,19046,Fire: FIRE ALARM,2016-03-04 19:28:15,ABINGTON,OLD YORK RD & YORK RD,1
40.1447236,-75.3832025,WAGON WHEEL RD & STABLE RD;  WEST NORRITON; Station 308B; 2019-06-25 @ 11:05:53;,19403,EMS: ALTERED MENTAL STATUS,2019-06-25 11:05:53,WEST NORRITON,WAGON WHEEL RD & STABLE RD,1
40.1166906,-75.3244025,NEW HOPE ST & E FORNANCE ST; NORRISTOWN; 2019-12-17 @ 19:57:48;,19401,Traffic: VEHICLE ACCIDENT -,2019-12-17 19:57:48,NORRISTOWN,NEW HOPE ST & E FORNANCE ST,1
40.2891591,-75.3110386,HOLIDAY AVE & MANSION AVE;  HATFIELD TOWNSHIP; Station 345; 2019-09-23 @ 10:56:06;,19440,EMS: HEMORRHAGING,2019-09-23 10:56:06,HATFIELD TOWNSHIP,HOLIDAY AVE & MANSION AVE,1
40.0524277,-75.1207935,CHELTENHAM AVE & WALNUT PARK DR;  CHELTENHAM; Station 358; 2018-11-06 @ 15:03:31;,19012,EMS: SUBJECT IN PAIN,2018-11-06 15:03:31,CHELTENHAM,CHELTENHAM AVE & WALNUT PARK DR,1
40.1215298,-75.3360600,DEKALB ST & E BASIN ST; NORRISTOWN; 2020-02-11 @ 08:13:14;,19401,Traffic: VEHICLE ACCIDENT -,2020-02-11 08:13:14,NORRISTOWN,DEKALB ST & E BASIN ST,1
40.1082672,-75.3062326,RIDGE PIKE & REGAL DR; PLYMOUTH; 2018-08-12 @ 08:32:42-Station:STA43;,,Fire: FIRE ALARM,2018-08-12 08:32:42,PLYMOUTH,RIDGE PIKE & REGAL DR,1
40.1038322,-75.0980728,GILBERT RD & MILL RD;  ABINGTON; Station 382; 2018-07-15 @ 15:29:10;,19046,EMS: NAUSEA/VOMITING,2018-07-15 15:29:10,ABINGTON,GILBERT RD & MILL RD,1
40.1488760,-75.1294150,MORELAND RD & FITZWATERTOWN RD; UPPER MORELAND; 2018-04-25 @ 08:49:29;,19090,Traffic: VEHICLE ACCIDENT -,2018-04-25 08:49:29,UPPER MORELAND,MORELAND RD & FITZWATERTOWN RD,1
40.1038678,-75.1297875,WANAMAKER RD & BAEDER RD;  ABINGTON; Station 382; 2017-10-19 @ 21:05:02;,19046,EMS: HEMORRHAGING,2017-10-19 21:05:02,ABINGTON,WANAMAKER RD & BAEDER RD,1
40.1116776,-75.0936056,VALLEY RD & OLD VALLEY RD; ABINGTON; 2019-10-02 @ 11:36:38;,19046,Traffic: HAZARDOUS ROAD CONDITIONS -,2019-10-02 11:36:38,ABINGTON,VALLEY RD & OLD VALLEY RD,1
40.2183626,-75.2910245,CHURCH RD & BECKER RD;  UPPER GWYNEDD; Station 345B; 2017-12-14 @ 02:21:17;,19454,EMS: RESPIRATORY EMERGENCY,2017-12-14 02:21:17,UPPER GWYNEDD,CHURCH RD & BECKER RD,1
40.1065280,-75.1478114,EASTON RD & KESWICK AVE; ABINGTON; 2016-06-16 @ 08:46:48;,19038,Traffic: VEHICLE ACCIDENT -,2016-06-16 08:46:48,ABINGTON,EASTON RD & KESWICK AVE,1
40.1330371,-75.4084631,SHANNONDELL DR & SHANNONDELL BLVD;  LOWER PROVIDENCE; Station 322A; 2017-09-06 @ 10:35:30;,19403,EMS: MEDICAL ALERT ALARM,2017-09-06 10:35:30,LOWER PROVIDENCE,SHANNONDELL DR & SHANNONDELL BLVD,1
40.1198979,-75.1310919,EDGE HILL RD & SUSQUEHANNA RD; ABINGTON; 2018-12-18 @ 13:15:03;,19001,Traffic: VEHICLE ACCIDENT -,2018-12-18 13:15:03,ABINGTON,EDGE HILL RD & SUSQUEHANNA RD,1
40.1164600,-75.3486850,MAIN ST & MARKLEY ST;  NORRISTOWN; Station 308A; 2019-07-22 @ 13:28:39;,19401,EMS: HEAT EXHAUSTION,2019-07-22 13:28:39,NORRISTOWN,MAIN ST & MARKLEY ST,1
40.1685378,-75.4982005,BLACK ROCK RD & S TRAPPE RD;  UPPER PROVIDENCE; Station 325; 2020-06-22 @ 11:56:34;,19468,EMS: RESPIRATORY EMERGENCY,2020-06-22 11:56:34,UPPER PROVIDENCE,BLACK ROCK RD & S TRAPPE RD,1
40.5392981,-75.4969969,GRO KELLY  ; LOWER MERION; 2017-12-15 @ 16:24:05;,18049,Traffic: VEHICLE ACCIDENT -,2017-12-15 16:24:05,LOWER MERION,GRO KELLY,1
40.2488883,-75.6818990,RT422 BYP & STOWE EXIT OVERPASS; WEST POTTSGROVE; 2017-08-03 @ 13:16:59;,,Traffic: DISABLED VEHICLE -,2017-08-03 13:16:59,WEST POTTSGROVE,RT422 BYP & STOWE EXIT OVERPASS,1
40.0727732,-75.3021234,POPLAR ST;  CONSHOHOCKEN; Station 313A; 2019-01-18 @ 10:10:39;,19428,EMS: LACERATIONS,2019-01-18 10:10:39,CONSHOHOCKEN,POPLAR ST,1
40.1305414,-75.3179101,OLD ARCH RD & BIRCHWOOD DR;  EAST NORRITON; Station 308; 2016-09-06 @ 22:36:44;,19401,EMS: ABDOMINAL PAINS,2016-09-06 22:36:44,EAST NORRITON,OLD ARCH RD & BIRCHWOOD DR,1
40.2456734,-75.2796667,BROAD ST & E 6TH ST;  LANSDALE; Station 345; 2016-08-11 @ 21:28:34;,19446,EMS: HEAD INJURY,2016-08-11 21:28:34,LANSDALE,BROAD ST & E 6TH ST,1
40.0949358,-75.3617596,DEKALB PIKE & IVY LN; UPPER MERION; 2017-06-08 @ 12:21:22;,19406,Traffic: VEHICLE ACCIDENT -,2017-06-08 12:21:22,UPPER MERION,DEKALB PIKE & IVY LN,1
40.1895310,-75.1033440,N YORK RD & E COUNTY LINE RD; HATBORO; 2016-07-04 @ 17:23:18;,19040,Traffic: VEHICLE ACCIDENT -,2016-07-04 17:23:18,HATBORO,N YORK RD & E COUNTY LINE RD,1
40.0899730,-75.1410849,FERNBROOK AVE & MAPLE AVE;  CHELTENHAM; Station 358A; 2019-08-19 @ 20:21:47;,19095,EMS: GENERAL WEAKNESS,2019-08-19 20:21:47,CHELTENHAM,FERNBROOK AVE & MAPLE AVE,1
40.2664704,-75.6414531,STONE HILL DR & FARMINGTON AVE; UPPER POTTSGROVE; 2016-01-05 @ 21:48:54-Station:STA79;,19464,Fire: APPLIANCE FIRE,2016-01-05 21:48:54,UPPER POTTSGROVE,STONE HILL DR & FARMINGTON AVE,1
40.2417007,-75.6428599,S WASHINGTON ST & CHERRY ST; POTTSTOWN; 2018-05-13 @ 06:11:35;,19464,Traffic: VEHICLE ACCIDENT -,2018-05-13 06:11:35,POTTSTOWN,S WASHINGTON ST & CHERRY ST,1
40.0984705,-75.2991933,BLUEROUTE SB & RAMP RIDGE PIKE EB TO I476 SB; PLYMOUTH; 2020-04-07 @ 18:02:23;,,Traffic: VEHICLE ACCIDENT -,2020-04-07 18:02:23,PLYMOUTH,BLUEROUTE SB & RAMP RIDGE PIKE EB TO I476 SB,1
40.2387237,-75.5785160,EVERGREEN RD & W LIGHTCAP RD;  LOWER POTTSGROVE; Station 329; 2019-04-18 @ 07:49:54;,19464,EMS: HEAD INJURY,2019-04-18 07:49:54,LOWER POTTSGROVE,EVERGREEN RD & W LIGHTCAP RD,1
40.1678922,-75.0807261,DAVISVILLE RD & EXTON RD; UPPER MORELAND; 2017-02-06 @ 22:23:08-Station:STA10;,19040,Fire: GAS-ODOR/LEAK,2017-02-06 22:23:08,UPPER MORELAND,DAVISVILLE RD & EXTON RD,1
40.0876167,-75.2619607,RIDGE PIKE & MULBERRY LN;  WHITEMARSH; Station 318; 2018-08-28 @ 09:20:45;,19444,EMS: LACERATIONS,2018-08-28 09:20:45,WHITEMARSH,RIDGE PIKE & MULBERRY LN,1
40.0432039,-75.2827029,WAVERLY RD & CONSHOHOCKEN STATE RD; LOWER MERION; 2019-11-19 @ 13:57:01-Station:STA24;,19035,Fire: VEHICLE ACCIDENT,2019-11-19 13:57:01,LOWER MERION,WAVERLY RD & CONSHOHOCKEN STATE RD,1
40.1017935,-75.1001231,SUSQUEHANNA RD & MILL RD; ABINGTON; 2020-06-09 @ 12:28:36;,19046,Traffic: ROAD OBSTRUCTION -,2020-06-09 12:28:36,ABINGTON,SUSQUEHANNA RD & MILL RD,1
40.1349001,-75.0618234,HUNTINGDON PIKE & CATHEDRAL RD; BRYN ATHYN; 2019-09-07 @ 09:06:03;,19006,Traffic: DISABLED VEHICLE -,2019-09-07 09:06:03,BRYN ATHYN,HUNTINGDON PIKE & CATHEDRAL RD,1
40.0972222,-75.3761952,RAMP RT202 NB TO I76  & RAMP RT422 EB TO I76 EB; UPPER MERION; 2017-08-26 @ 09:00:39;,,Traffic: VEHICLE ACCIDENT -,2017-08-26 09:00:39,UPPER MERION,RAMP RT202 NB TO I76  & RAMP RT422 EB TO I76 EB,1
40.2196355,-75.4949145,N TOWNSHIP LINE RD; UPPER PROVIDENCE; 2017-01-05 @ 15:51:55-Station:STA77;,,Fire: VEHICLE FIRE,2017-01-05 15:51:55,UPPER PROVIDENCE,N TOWNSHIP LINE RD,1
40.3355466,-75.4619290,MAIN ST & UPPER RIDGE RD; MARLBOROUGH; 2018-05-29 @ 17:40:54;,18054,Traffic: VEHICLE ACCIDENT -,2018-05-29 17:40:54,MARLBOROUGH,MAIN ST & UPPER RIDGE RD,1
40.3077958,-75.2998221,BETHLEHEM PIKE & COUNTY LINE RD; HATFIELD TOWNSHIP; 2016-08-02 @ 18:22:45;,18964,Traffic: DISABLED VEHICLE -,2016-08-02 18:22:45,HATFIELD TOWNSHIP,BETHLEHEM PIKE & COUNTY LINE RD,1
40.1180645,-75.3071013,BELVOIR RD;  PLYMOUTH; Station 308; 2018-11-18 @ 23:20:52;,,EMS: UNKNOWN MEDICAL EMERGENCY,2018-11-18 23:20:52,PLYMOUTH,BELVOIR RD,1
40.0854266,-75.2691652,JOSHUA RD & LANTERN LN; WHITEMARSH; 2018-11-06 @ 11:38:54;,19444,Traffic: DISABLED VEHICLE -,2018-11-06 11:38:54,WHITEMARSH,JOSHUA RD & LANTERN LN,1
40.2432578,-75.2865516,MAIN ST & SUSQUEHANNA AVE;  LANSDALE; Station 345B; 2016-01-15 @ 12:24:55;,19446,EMS: NAUSEA/VOMITING,2016-01-15 12:24:55,LANSDALE,MAIN ST & SUSQUEHANNA AVE,1
40.0859210,-75.3576228,S HENDERSON RD & E CHURCH RD; UPPER MERION; 2017-05-09 @ 06:58:33;,19406,Traffic: ROAD OBSTRUCTION -,2017-05-09 06:58:33,UPPER MERION,S HENDERSON RD & E CHURCH RD,1
40.1197501,-75.0822834,VALLEY RD & MANOR AVE;  LOWER MORELAND; Station 355; 2018-09-09 @ 18:19:15;,19046,EMS: RESPIRATORY EMERGENCY,2018-09-09 18:19:15,LOWER MORELAND,VALLEY RD & MANOR AVE,1
40.0746141,-75.3074766,1ST AVE & ROBINSON ALY; CONSHOHOCKEN; 2020-01-31 @ 08:15:32;,19428,Traffic: ROAD OBSTRUCTION -,2020-01-31 08:15:32,CONSHOHOCKEN,1ST AVE & ROBINSON ALY,1
40.1295515,-75.3785172,S TROOPER RD & RAMP RT422 WB TO RT363; WEST NORRITON; 2018-11-15 @ 16:19:21;,,Traffic: DISABLED VEHICLE -,2018-11-15 16:19:21,WEST NORRITON,S TROOPER RD & RAMP RT422 WB TO RT363,1
40.2595049,-75.7309434,BENJAMIN FRANKLIN HWY & MAPLEWOOD DR;  BERKS COUNTY; Station EMS; 2017-06-02 @ 14:37:00;,19518,EMS: CVA/STROKE,2017-06-02 14:37:00,BERKS COUNTY,BENJAMIN FRANKLIN HWY & MAPLEWOOD DR,1
40.2157491,-75.5454891,LEWIS RD & LINFIELD TRAPPE RD; LIMERICK; 2020-06-29 @ 15:17:09-Station:STA54;,19468,Fire: FIRE ALARM,2020-06-29 15:17:09,LIMERICK,LEWIS RD & LINFIELD TRAPPE RD,1
40.0972222,-75.3761952,RT202 SB & SCHUYLKILL EXPY UNDERPASS; UPPER MERION; 2016-09-23 @ 19:46:46;,,Traffic: DISABLED VEHICLE -,2016-09-23 19:46:46,UPPER MERION,RT202 SB & SCHUYLKILL EXPY UNDERPASS,1
40.1339977,-75.4494634,EGYPT RD & BLACK ROCK RD; UPPER PROVIDENCE; 2016-12-10 @ 21:25:00;,19426,Traffic: VEHICLE ACCIDENT -,2016-12-10 21:25:00,UPPER PROVIDENCE,EGYPT RD & BLACK ROCK RD,1
40.1007482,-75.2151078,WISSAHICKON AVE & ROSE LN;  SPRINGFIELD; Station 311; 2017-09-11 @ 00:54:43;,19031,EMS: HEAD INJURY,2017-09-11 00:54:43,SPRINGFIELD,WISSAHICKON AVE & ROSE LN,1
40.2502935,-75.6409989,JEFFERSON AVE & UNNAMED ALY;  POTTSTOWN; Station 329; 2019-08-20 @ 04:06:40;,19464,EMS: RESPIRATORY EMERGENCY,2019-08-20 04:06:40,POTTSTOWN,JEFFERSON AVE & UNNAMED ALY,1
40.1130613,-75.1192289,SUSQUEHANNA RD & HUNTINGDON RD;  ABINGTON; Station 381; 2020-03-09 @ 18:45:19;,19046,EMS: CVA/STROKE,2020-03-09 18:45:19,ABINGTON,SUSQUEHANNA RD & HUNTINGDON RD,1
40.3591976,-75.4427749,UPPER RIDGE RD & HIFFLETRAYER RD;  MARLBOROUGH; Station 344A; 2018-09-30 @ 05:04:50;,18073,EMS: DIABETIC EMERGENCY,2018-09-30 05:04:50,MARLBOROUGH,UPPER RIDGE RD & HIFFLETRAYER RD,1
40.1503559,-75.3412600,W GERMANTOWN PIKE;  EAST NORRITON; Station 308; 2015-12-11 @ 19:35:09;,,EMS: VEHICLE ACCIDENT,2015-12-11 19:35:09,EAST NORRITON,W GERMANTOWN PIKE,1
40.1379912,-75.1203081,DAVISVILLE RD & EASTON RD; ABINGTON; 2018-07-26 @ 17:39:18;,19090,Traffic: VEHICLE ACCIDENT -,2018-07-26 17:39:18,ABINGTON,DAVISVILLE RD & EASTON RD,1
40.2281549,-75.5330076,LEWIS RD & SAND TRAP DR;  LIMERICK; Station 324A; 2020-07-10 @ 11:59:06;,19468,EMS: DIABETIC EMERGENCY,2020-07-10 11:59:06,LIMERICK,LEWIS RD & SAND TRAP DR,1
40.0808431,-75.3593632,CLUBHOUSE RD;  UPPER MERION; Station 317; 2019-01-27 @ 03:30:06;,19406,EMS: FALL VICTIM,2019-01-27 03:30:06,UPPER MERION,CLUBHOUSE RD,1
40.2462010,-75.6551970,HIGH ST & MANATAWNY ST;  POTTSTOWN; Station 329; 2020-02-19 @ 07:47:36;,19464,EMS: ABDOMINAL PAINS,2020-02-19 07:47:36,POTTSTOWN,HIGH ST & MANATAWNY ST,1
40.2290075,-75.3878525,NO LOCATION - NEIGHBORING COUNTY;  ; Station 325; 2018-06-19 @ 11:06:46;,,EMS: VEHICLE ACCIDENT,2018-06-19 11:06:46,,NO LOCATION - NEIGHBORING COUNTY,1
40.1034387,-75.1598307,GLENSIDE AVE & RADCLIFFE RD; CHELTENHAM; 2017-09-25 @ 08:52:11;,19038,Traffic: VEHICLE ACCIDENT -,2017-09-25 08:52:11,CHELTENHAM,GLENSIDE AVE & RADCLIFFE RD,1
40.2002038,-75.5027731,HILLCREST CT & VALLEY VIEW DR; UPPER PROVIDENCE; 2019-10-10 @ 20:04:43-Station:STA77;,19468,Fire: CARDIAC ARREST,2019-10-10 20:04:43,UPPER PROVIDENCE,HILLCREST CT & VALLEY VIEW DR,1
40.0713860,-75.1337380,OLD YORK RD & ASHBOURNE RD; CHELTENHAM; 2020-07-21 @ 18:19:47-Station:STA5;,19027,Fire: WOODS/FIELD FIRE,2020-07-21 18:19:47,CHELTENHAM,OLD YORK RD & ASHBOURNE RD,1
40.2553473,-75.6719108,BERKS ST & GLASGOW ST; POTTSTOWN; 2019-01-01 @ 16:23:07;,19464,Traffic: DISABLED VEHICLE -,2019-01-01 16:23:07,POTTSTOWN,BERKS ST & GLASGOW ST,1
40.1784422,-75.1285061,BETHLEHEM PIKE & JUGHANDLE; HORSHAM; 2019-03-01 @ 08:22:55;,,Traffic: VEHICLE ACCIDENT -,2019-03-01 08:22:55,HORSHAM,BETHLEHEM PIKE & JUGHANDLE,1
40.0095664,-75.2427102,LEVERING MILL RD & PENARTH RD; LOWER MERION; 2020-04-09 @ 08:28:13;,19004,Traffic: VEHICLE ACCIDENT -,2020-04-09 08:28:13,LOWER MERION,LEVERING MILL RD & PENARTH RD,1
40.1265886,-75.3288466,E ROBERTS ST & DEKALB ST; NORRISTOWN; 2017-06-03 @ 14:28:09;,19401,Traffic: VEHICLE ACCIDENT -,2017-06-03 14:28:09,NORRISTOWN,E ROBERTS ST & DEKALB ST,1
40.1720819,-75.3992409,KRIEBEL MILL RD & GERMANTOWN PIKE;  WORCESTER; Station 322; 2016-09-13 @ 08:34:37;,19426,EMS: UNCONSCIOUS SUBJECT,2016-09-13 08:34:37,WORCESTER,KRIEBEL MILL RD & GERMANTOWN PIKE,1
40.0893283,-75.1317412,WASHINGTON LN & TOWNSHIP LINE RD; CHELTENHAM; 2018-11-23 @ 23:36:00-Station:STA1;,19095,Fire: FIRE INVESTIGATION,2018-11-23 23:36:00,CHELTENHAM,WASHINGTON LN & TOWNSHIP LINE RD,1
40.2895055,-75.2926659,UNIONVILLE PIKE & SCHOOL RD;  HATFIELD TOWNSHIP; Station 345; 2019-10-18 @ 13:15:28;,19440,EMS: SUBJECT IN PAIN,2019-10-18 13:15:28,HATFIELD TOWNSHIP,UNIONVILLE PIKE & SCHOOL RD,1
40.2681878,-75.6718662,MANATAWNY ST & GROSSTOWN RD;  WEST POTTSGROVE; Station 329; 2016-11-02 @ 18:54:32;,19464,EMS: ASSAULT VICTIM,2016-11-02 18:54:32,WEST POTTSGROVE,MANATAWNY ST & GROSSTOWN RD,1
40.2118999,-75.4948307,RIDGE PIKE & KLINE RD; UPPER PROVIDENCE; 2016-12-31 @ 14:56:51;,19468,Traffic: VEHICLE ACCIDENT -,2016-12-31 14:56:51,UPPER PROVIDENCE,RIDGE PIKE & KLINE RD,1
40.1466024,-75.2713236,PENLLYN BLUE BELL PIKE & HOOVER RD; WHITPAIN; 2017-02-13 @ 18:23:04;,19422,Traffic: VEHICLE ACCIDENT -,2017-02-13 18:23:04,WHITPAIN,PENLLYN BLUE BELL PIKE & HOOVER RD,1
40.2449124,-75.6443631,HIGH ST & S FRANKLIN ST;  POTTSTOWN; Station 329; 2017-04-22 @ 00:19:19;,19464,EMS: DIABETIC EMERGENCY,2017-04-22 00:19:19,POTTSTOWN,HIGH ST & S FRANKLIN ST,1
40.0104612,-75.2961465,W LANCASTER AVE & WOODSIDE RD; LOWER MERION; 2017-08-30 @ 18:32:04;,19003,Traffic: VEHICLE ACCIDENT -,2017-08-30 18:32:04,LOWER MERION,W LANCASTER AVE & WOODSIDE RD,1
40.1196045,-75.2849004,GERMANTOWN PIKE & ATRIUM WAY;  PLYMOUTH; Station 308; 2018-04-12 @ 12:25:41;,19462,EMS: UNKNOWN MEDICAL EMERGENCY,2018-04-12 12:25:41,PLYMOUTH,GERMANTOWN PIKE & ATRIUM WAY,1
40.0249667,-75.2829046,ROSEMONT AVE & DEAD END;  LOWER MERION; Station 313; 2016-03-19 @ 14:14:50;,,EMS: UNKNOWN MEDICAL EMERGENCY,2016-03-19 14:14:50,LOWER MERION,ROSEMONT AVE & DEAD END,1
40.1285150,-75.1603150,FITZWATERTOWN RD & NORTH HILLS AVE; UPPER DUBLIN; 2018-12-27 @ 17:20:19;,19038,Traffic: VEHICLE ACCIDENT -,2018-12-27 17:20:19,UPPER DUBLIN,FITZWATERTOWN RD & NORTH HILLS AVE,1
40.1764038,-75.2250294,BETHLEHEM PIKE & SPRINGWOOD LN; LOWER GWYNEDD; 2019-11-13 @ 13:01:00-Station:STA7;,19002,Fire: GAS-ODOR/LEAK,2019-11-13 13:01:00,LOWER GWYNEDD,BETHLEHEM PIKE & SPRINGWOOD LN,1
40.1330371,-75.4084631,SHANNONDELL DR & SHANNONDELL BLVD; LOWER PROVIDENCE; 2017-01-08 @ 09:48:43;,19403,Traffic: VEHICLE ACCIDENT -,2017-01-08 09:48:43,LOWER PROVIDENCE,SHANNONDELL DR & SHANNONDELL BLVD,1
40.3161470,-75.5870877,BIG RD & SHORT RD; NEW HANOVER; 2018-10-18 @ 20:45:26;,19525,Traffic: VEHICLE ACCIDENT -,2018-10-18 20:45:26,NEW HANOVER,BIG RD & SHORT RD,1
40.3888393,-75.4770026,ST PAULS CHURCH RD & FRYE RD; UPPER HANOVER; 2017-10-19 @ 05:55:32-Station:STA71;,18073,Fire: VEHICLE ACCIDENT,2017-10-19 05:55:32,UPPER HANOVER,ST PAULS CHURCH RD & FRYE RD,1
40.1021506,-75.2868382,YELLOWSTONE RD & QUEENS RD;  PLYMOUTH; Station 308; 2016-11-03 @ 21:51:37;,19462,EMS: FALL VICTIM,2016-11-03 21:51:37,PLYMOUTH,YELLOWSTONE RD & QUEENS RD,1
40.0765982,-75.2996818,6TH AVE & HALLOWELL ST;  CONSHOHOCKEN; Station 313A; 2018-03-25 @ 03:22:10;,19428,EMS: SUBJECT IN PAIN,2018-03-25 03:22:10,CONSHOHOCKEN,6TH AVE & HALLOWELL ST,1
40.1588655,-75.2142109,BETHLEHEM PIKE & HOMESTEAD LN; UPPER DUBLIN; 2019-01-02 @ 10:21:04;,19002,Traffic: VEHICLE ACCIDENT -,2019-01-02 10:21:04,UPPER DUBLIN,BETHLEHEM PIKE & HOMESTEAD LN,1
40.3249920,-75.3281748,LUTHERAN HOME DR & DEAD END;  TELFORD; Station 339; 2016-09-15 @ 09:16:33;,,EMS: NAUSEA/VOMITING,2016-09-15 09:16:33,TELFORD,LUTHERAN HOME DR & DEAD END,1
40.1209424,-75.0687719,WELSH RD & WALTON RD; LOWER MORELAND; 2020-03-07 @ 23:12:07-Station:STA8;,19006,Fire: ELEVATOR EMERGENCY,2020-03-07 23:12:07,LOWER MORELAND,WELSH RD & WALTON RD,1
40.0742571,-75.3096950,W ELM ST & MAPLE ST; CONSHOHOCKEN; 2017-08-22 @ 20:48:15;,19428,Traffic: DISABLED VEHICLE -,2017-08-22 20:48:15,CONSHOHOCKEN,W ELM ST & MAPLE ST,1
40.1573591,-75.0689141,DAYLILY WAY & SILVER BIRCH RD;  LOWER MORELAND; Station 355; 2020-02-20 @ 20:09:04;,19006,EMS: SYNCOPAL EPISODE,2020-02-20 20:09:04,LOWER MORELAND,DAYLILY WAY & SILVER BIRCH RD,1
40.1130613,-75.1192289,SUSQUEHANNA RD & HUNTINGDON RD;  ABINGTON; Station 381; 2019-10-07 @ 08:04:56;,19046,EMS: HEAD INJURY,2019-10-07 08:04:56,ABINGTON,SUSQUEHANNA RD & HUNTINGDON RD,1
40.1207146,-75.0571312,PHILMONT AVE & RED LION RD; LOWER MORELAND; 2019-07-22 @ 18:25:03;,19006,Traffic: VEHICLE ACCIDENT -,2019-07-22 18:25:03,LOWER MORELAND,PHILMONT AVE & RED LION RD,1
40.1058897,-75.0847407,HUNTINGDON PIKE & MOREDON RD;  ABINGTON; Station 382; 2017-01-03 @ 10:29:04;,19006,EMS: RESPIRATORY EMERGENCY,2017-01-03 10:29:04,ABINGTON,HUNTINGDON PIKE & MOREDON RD,1
40.1723141,-75.4927278,HOLLOW RD & RR OVERPASS;  UPPER PROVIDENCE; Station 3A85; 2018-03-27 @ 11:52:55;,,EMS: FALL VICTIM,2018-03-27 11:52:55,UPPER PROVIDENCE,HOLLOW RD & RR OVERPASS,1
40.2503019,-75.6516398,YORK ST & E 2ND ST;  POTTSTOWN; Station 329; 2017-04-20 @ 10:05:57;,19464,EMS: BACK PAINS/INJURY,2017-04-20 10:05:57,POTTSTOWN,YORK ST & E 2ND ST,1
40.1536730,-75.3330326,NORTH WALES RD & NORRITON DR; EAST NORRITON; 2020-04-04 @ 11:22:28;,19403,Traffic: DISABLED VEHICLE -,2020-04-04 11:22:28,EAST NORRITON,NORTH WALES RD & NORRITON DR,1
40.2197467,-75.6384348,MILLER RD & E CEDARVILLE RD;  CHESTER COUNTY; Station 3A84; 2017-05-21 @ 20:47:58;,19465,EMS: SYNCOPAL EPISODE,2017-05-21 20:47:58,CHESTER COUNTY,MILLER RD & E CEDARVILLE RD,1
40.1125640,-75.2710115,BUTLER PIKE & BROOKE LN; PLYMOUTH; 2016-11-23 @ 11:06:45;,19462,Traffic: VEHICLE ACCIDENT -,2016-11-23 11:06:45,PLYMOUTH,BUTLER PIKE & BROOKE LN,1
40.2319919,-75.5247242,RIDGE PIKE & SWAMP PIKE; LIMERICK; 2018-07-31 @ 16:39:46;,19468,Traffic: VEHICLE ACCIDENT -,2018-07-31 16:39:46,LIMERICK,RIDGE PIKE & SWAMP PIKE,1
40.1645846,-75.3673764,TROOPER RD & CIRAK AVE; EAST NORRITON; 2019-06-26 @ 19:34:50-Station:STA61;,19403,Fire: WOODS/FIELD FIRE,2019-06-26 19:34:50,EAST NORRITON,TROOPER RD & CIRAK AVE,1
40.1386010,-75.2067807,BODEN PL & MADISON AVE; UPPER DUBLIN; 2019-11-02 @ 17:25:50-Station:STA88;,19034,Fire: FIRE ALARM,2019-11-02 17:25:50,UPPER DUBLIN,BODEN PL & MADISON AVE,1
40.2459704,-75.6528170,YORK ST & HIGH ST; POTTSTOWN; 2020-01-09 @ 23:35:33-Station:STA69;,19464,Fire: FIRE ALARM,2020-01-09 23:35:33,POTTSTOWN,YORK ST & HIGH ST,1
40.2692865,-75.4342428,LARSON RD & DEAD END; UPPER SALFORD; 2019-10-18 @ 09:59:56-Station:STA78;,19473,Fire: CARDIAC ARREST,2019-10-18 09:59:56,UPPER SALFORD,LARSON RD & DEAD END,1
40.1268744,-75.3245380,ARCH ST & DARTMOUTH DR; NORRISTOWN; 2020-03-09 @ 10:14:37-Station:STA27;,19401,Fire: FIRE INVESTIGATION,2020-03-09 10:14:37,NORRISTOWN,ARCH ST & DARTMOUTH DR,1
40.0780181,-75.1185814,MARVIN RD & S STERLING RD; CHELTENHAM; 2016-01-01 @ 15:52:20-Station:STA3;,19027,Fire: APPLIANCE FIRE,2016-01-01 15:52:20,CHELTENHAM,MARVIN RD & S STERLING RD,1
40.2498201,-75.6809605,LEMON ST & JEFFERSON ST;  WEST POTTSGROVE; Station 329; 2016-02-16 @ 21:03:08;,19464,EMS: HEMORRHAGING,2016-02-16 21:03:08,WEST POTTSGROVE,LEMON ST & JEFFERSON ST,1
40.2453741,-75.6496302,FORESMAN DR & ARBOR ALY;  POTTSTOWN; Station 329; 2019-09-14 @ 09:09:14;,,EMS: FALL VICTIM,2019-09-14 09:09:14,POTTSTOWN,FORESMAN DR & ARBOR ALY,1
40.2501923,-75.2678678,MEDICAL CAMPUS DR & N LINE ST;  HATFIELD TOWNSHIP; Station 345; 2019-11-29 @ 16:59:31;,19446,EMS: HEAD INJURY,2019-11-29 16:59:31,HATFIELD TOWNSHIP,MEDICAL CAMPUS DR & N LINE ST,1
40.2453741,-75.6496302,SHOEMAKER RD & RT100 SB; POTTSTOWN; 2017-02-20 @ 15:15:01;,,Traffic: DISABLED VEHICLE -,2017-02-20 15:15:01,POTTSTOWN,SHOEMAKER RD & RT100 SB,1
40.0972222,-75.3761952,RAMP RT202 NB TO RT422  & RT422 WB; UPPER MERION; 2018-01-25 @ 04:11:50;,,Traffic: VEHICLE ACCIDENT -,2018-01-25 04:11:50,UPPER MERION,RAMP RT202 NB TO RT422  & RT422 WB,1
40.2420276,-75.2832578,2ND ST & N BROAD ST; LANSDALE; 2019-10-02 @ 17:15:22-Station:STA14;,19446,Fire: ELECTRICAL FIRE OUTSIDE,2019-10-02 17:15:22,LANSDALE,2ND ST & N BROAD ST,1
40.0110323,-75.2931520,MONTGOMERY AVE & VALLEY RD;  LOWER MERION; Station 313; 2017-07-04 @ 20:25:56;,19003,EMS: MEDICAL ALERT ALARM,2017-07-04 20:25:56,LOWER MERION,MONTGOMERY AVE & VALLEY RD,1
39.9825340,-75.2711108,HAVERFORD RD & DORSET LN; LOWER MERION; 2017-08-19 @ 09:02:51-Station:STA21;,19096,Fire: FIRE INVESTIGATION,2017-08-19 09:02:51,LOWER MERION,HAVERFORD RD & DORSET LN,1
40.0768800,-75.1102930,NEW SECOND ST & TOWNSHIP LINE RD; CHELTENHAM; 2019-04-25 @ 09:53:32;,19027,Traffic: VEHICLE ACCIDENT -,2019-04-25 09:53:32,CHELTENHAM,NEW SECOND ST & TOWNSHIP LINE RD,1
40.3820596,-75.4373195,UPPER RIDGE RD & E CAMPBELL RD; MARLBOROUGH; 2018-02-05 @ 05:30:34;,18073,Traffic: VEHICLE ACCIDENT -,2018-02-05 05:30:34,MARLBOROUGH,UPPER RIDGE RD & E CAMPBELL RD,1
40.1033767,-75.4124499,VALLEY FORGE CIR & OLD VALLEY FORGE RD;  UPPER MERION; Station 317; 2018-06-29 @ 06:37:07;,19406,EMS: DIABETIC EMERGENCY,2018-06-29 06:37:07,UPPER MERION,VALLEY FORGE CIR & OLD VALLEY FORGE RD,1
40.1330371,-75.4084631,SHANNONDELL DR & SHANNONDELL BLVD;  LOWER PROVIDENCE; Station 322A; 2016-03-16 @ 19:42:55;,19403,EMS: ALTERED MENTAL STATUS,2016-03-16 19:42:55,LOWER PROVIDENCE,SHANNONDELL DR & SHANNONDELL BLVD,1
40.1220852,-75.3810988,WOODSTREAM DR & WESTOVER CLUB DR; WEST NORRITON; 2018-09-02 @ 08:12:49-Station:STA46;,19403,Fire: FIRE INVESTIGATION,2018-09-02 08:12:49,WEST NORRITON,WOODSTREAM DR & WESTOVER CLUB DR,1
40.3974904,-75.4950467,PENN ST & E 5TH ST; PENNSBURG; 2015-12-25 @ 13:22:19-Station:STA65;,18073,Fire: FIRE ALARM,2015-12-25 13:22:19,PENNSBURG,PENN ST & E 5TH ST,1
40.0891042,-75.2854854,CEDAR GROVE RD & LINCOLN LN; WHITEMARSH; 2017-12-01 @ 07:24:10;,19428,Traffic: VEHICLE ACCIDENT -,2017-12-01 07:24:10,WHITEMARSH,CEDAR GROVE RD & LINCOLN LN,1
40.0832750,-75.3830780,GULPH RD & HAYLEY JACKSON WAY; UPPER MERION; 2018-01-04 @ 15:45:58;,19406,Traffic: VEHICLE ACCIDENT -,2018-01-04 15:45:58,UPPER MERION,GULPH RD & HAYLEY JACKSON WAY,1
40.0065424,-75.2832748,LLANFAIR RD & CHURCH RD; LOWER MERION; 2018-12-20 @ 06:09:39-Station:STA25;,19003,Fire: BUILDING FIRE,2018-12-20 06:09:39,LOWER MERION,LLANFAIR RD & CHURCH RD,1
40.0910397,-75.3013573,COLWELL LN & HILLCREST RD;  PLYMOUTH; Station 308; 2016-11-27 @ 09:15:57;,19428,EMS: GENERAL WEAKNESS,2016-11-27 09:15:57,PLYMOUTH,COLWELL LN & HILLCREST RD,1
40.0944073,-75.0694607,MOREDON RD & MOREDUN AVE;  ABINGTON; Station 382; 2019-09-14 @ 08:27:52;,19006,EMS: EMS SPECIAL SERVICE,2019-09-14 08:27:52,ABINGTON,MOREDON RD & MOREDUN AVE,1
40.0832460,-75.1276890,OLD YORK RD & MEETINGHOUSE RD;  CHELTENHAM; Station 358; 2018-07-09 @ 21:18:30;,19027,EMS: HEMORRHAGING,2018-07-09 21:18:30,CHELTENHAM,OLD YORK RD & MEETINGHOUSE RD,1
40.3148830,-75.3112328,E BROAD ST & N COUNTY LINE RD; SOUDERTON; 2019-04-02 @ 05:47:11;,18964,Traffic: VEHICLE ACCIDENT -,2019-04-02 05:47:11,SOUDERTON,E BROAD ST & N COUNTY LINE RD,1
40.1550603,-75.1022513,DAVISVILLE RD & PENNYPACK RD;  UPPER MORELAND; Station 381; 2018-07-09 @ 08:53:10;,19040,EMS: SYNCOPAL EPISODE,2018-07-09 08:53:10,UPPER MORELAND,DAVISVILLE RD & PENNYPACK RD,1
40.2228820,-75.3987889,PRISON RD & PIGGERY RD;  SKIPPACK; Station 336; 2017-10-30 @ 17:53:19;,,EMS: STABBING,2017-10-30 17:53:19,SKIPPACK,PRISON RD & PIGGERY RD,1
40.1836197,-75.2981218,FARMDALE CIR & FOXCROFT DR;  WHITPAIN; Station 385; 2019-04-24 @ 02:22:14;,19422,EMS: FALL VICTIM,2019-04-24 02:22:14,WHITPAIN,FARMDALE CIR & FOXCROFT DR,1
40.1243602,-75.3815526,BRANDON RD & S SCHUYLKILL AVE;  WEST NORRITON; Station 308B; 2018-02-15 @ 10:38:17;,19403,EMS: FALL VICTIM,2018-02-15 10:38:17,WEST NORRITON,BRANDON RD & S SCHUYLKILL AVE,1
40.3448160,-75.3623206,BARNDT RD & COWPATH RD;  SALFORD; Station 339; 2020-06-18 @ 00:15:57;,18969,EMS: HEMORRHAGING,2020-06-18 00:15:57,SALFORD,BARNDT RD & COWPATH RD,1
40.2502687,-75.6447277,EVANS ST & LINCOLN AVE;  POTTSTOWN; Station 329; 2019-05-17 @ 09:00:42;,19464,EMS: SUBJECT IN PAIN,2019-05-17 09:00:42,POTTSTOWN,EVANS ST & LINCOLN AVE,1
40.1750551,-75.2089131,TENNIS AVE & CHESTON LN; UPPER DUBLIN; 2018-04-15 @ 15:07:26;,19002,Traffic: ROAD OBSTRUCTION -,2018-04-15 15:07:26,UPPER DUBLIN,TENNIS AVE & CHESTON LN,1
40.1130986,-75.1544583,EDGE HILL RD & HOUSTON AVE; ABINGTON; 2019-10-16 @ 15:05:44;,19038,Traffic: HAZARDOUS ROAD CONDITIONS -,2019-10-16 15:05:44,ABINGTON,EDGE HILL RD & HOUSTON AVE,1
40.1772723,-75.1061958,YORK RD & MORELAND RD;  UPPER MORELAND; Station 381; 2019-09-18 @ 23:00:07;,19040,EMS: RESPIRATORY EMERGENCY,2019-09-18 23:00:07,UPPER MORELAND,YORK RD & MORELAND RD,1
40.2054756,-75.3529714,SKIPPACK PIKE & MEADOWOOD DR;  WORCESTER; Station 336; 2017-11-18 @ 11:45:11;,19446,EMS: HEAD INJURY,2017-11-18 11:45:11,WORCESTER,SKIPPACK PIKE & MEADOWOOD DR,1
40.0855556,-75.1301836,BREYER DR & LINDEN DR; CHELTENHAM; 2018-10-03 @ 12:52:38-Station:STA5;,19027,Fire: FIRE ALARM,2018-10-03 12:52:38,CHELTENHAM,BREYER DR & LINDEN DR,1
40.0727919,-75.1029530,TOWNSHIP LINE RD & SUSAN DR;  CHELTENHAM; Station 358; 2016-02-07 @ 01:51:48;,19027,EMS: CARDIAC EMERGENCY,2016-02-07 01:51:48,CHELTENHAM,TOWNSHIP LINE RD & SUSAN DR,1
40.0791170,-75.2810720,JOSHUA RD & CEDAR GROVE RD;  WHITEMARSH; Station 318; 2017-09-17 @ 17:26:30;,19444,EMS: HEAD INJURY,2017-09-17 17:26:30,WHITEMARSH,JOSHUA RD & CEDAR GROVE RD,1
40.0017114,-75.2750212,WYNNEWOOD RD & MORRIS RD; LOWER MERION; 2017-10-11 @ 09:03:07;,19096,Traffic: VEHICLE ACCIDENT -,2017-10-11 09:03:07,LOWER MERION,WYNNEWOOD RD & MORRIS RD,1
40.2439015,-75.3129275,WEIKEL RD & ORCHARD LN;  TOWAMENCIN; Station 345B; 2018-08-23 @ 08:12:24;,19446,EMS: HEAD INJURY,2018-08-23 08:12:24,TOWAMENCIN,WEIKEL RD & ORCHARD LN,1
40.1046612,-75.1250519,YORK RD;  ABINGTON; Station 382; 2019-09-07 @ 20:55:31;,,EMS: VEHICLE ACCIDENT,2019-09-07 20:55:31,ABINGTON,YORK RD,1
40.0403127,-75.3393974,COUNTY LINE RD & SPRING MILL RD; LOWER MERION; 2017-03-06 @ 00:47:04;,19085,Traffic: DISABLED VEHICLE -,2017-03-06 00:47:04,LOWER MERION,COUNTY LINE RD & SPRING MILL RD,1
40.2054756,-75.3529714,SKIPPACK PIKE & MEADOWOOD DR;  WORCESTER; Station 336; 2017-06-12 @ 14:50:44;,19446,EMS: ABDOMINAL PAINS,2017-06-12 14:50:44,WORCESTER,SKIPPACK PIKE & MEADOWOOD DR,1
40.1213572,-75.3421284,ELM ST & PARK ALY;  NORRISTOWN; Station 308A; 2016-07-14 @ 17:23:40;,19401,EMS: VEHICLE ACCIDENT,2016-07-14 17:23:40,NORRISTOWN,ELM ST & PARK ALY,1
40.0141052,-75.2339861,LEVERING MILL RD & LEVERING CIR; LOWER MERION; 2018-07-17 @ 22:04:40;,19004,Traffic: VEHICLE ACCIDENT -,2018-07-17 22:04:40,LOWER MERION,LEVERING MILL RD & LEVERING CIR,1
40.0829659,-75.2898539,ROBERTS AVE & WELLS ST;  WHITEMARSH; Station 318; 2020-07-29 @ 01:18:39;,19428,EMS: RESPIRATORY EMERGENCY,2020-07-29 01:18:39,WHITEMARSH,ROBERTS AVE & WELLS ST,1
40.2984302,-75.2841346,BETHLEHEM PIKE & UNIONVILLE PIKE; BUCKS COUNTY; 2020-06-12 @ 17:17:13;,19440,Traffic: DISABLED VEHICLE -,2020-06-12 17:17:13,BUCKS COUNTY,BETHLEHEM PIKE & UNIONVILLE PIKE,1
40.1353474,-75.3638196,HOOVER AVE & HIGHLAND AVE;  WEST NORRITON; Station 308B; 2016-01-23 @ 14:32:51;,19403,EMS: CVA/STROKE,2016-01-23 14:32:51,WEST NORRITON,HOOVER AVE & HIGHLAND AVE,1
40.1522471,-75.2197219,TRINITY AVE & ORANGE AVE;  AMBLER; Station 351; 2018-08-04 @ 17:03:31;,19002,EMS: CARDIAC EMERGENCY,2018-08-04 17:03:31,AMBLER,TRINITY AVE & ORANGE AVE,1
40.1723141,-75.4927278,GREEN TREE RD & RR CROSSING; UPPER PROVIDENCE; 2018-10-17 @ 12:05:03-Station:STA99;,,Fire: FIRE ALARM,2018-10-17 12:05:03,UPPER PROVIDENCE,GREEN TREE RD & RR CROSSING,1
40.0712483,-75.3046127,WASHINGTON ST & ASH ST; CONSHOHOCKEN; 2019-02-27 @ 09:46:02-Station:STA35;,19428,Fire: S/B AT HELICOPTER LANDING,2019-02-27 09:46:02,CONSHOHOCKEN,WASHINGTON ST & ASH ST,1
40.2465386,-75.6488196,PENN ST & KING ST; POTTSTOWN; 2017-01-23 @ 07:04:53;,19464,Traffic: ROAD OBSTRUCTION -,2017-01-23 07:04:53,POTTSTOWN,PENN ST & KING ST,1
40.0993025,-75.1230820,VERNON RD & CLEMENT RD;  JENKINTOWN; Station 382; 2019-12-25 @ 20:39:39;,19046,EMS: SEIZURES,2019-12-25 20:39:39,JENKINTOWN,VERNON RD & CLEMENT RD,1
40.0715721,-75.3018042,WASHINGTON ST & POPLAR ST; CONSHOHOCKEN; 2019-03-29 @ 17:36:05-Station:STA35;,19428,Fire: BUILDING FIRE,2019-03-29 17:36:05,CONSHOHOCKEN,WASHINGTON ST & POPLAR ST,1
40.0694075,-75.1303916,ASHBOURNE RD & PARK AVE;  CHELTENHAM; Station 358; 2016-01-20 @ 09:13:29;,19027,EMS: MEDICAL ALERT ALARM,2016-01-20 09:13:29,CHELTENHAM,ASHBOURNE RD & PARK AVE,1
40.1049255,-75.2132496,BETHLEHEM PIKE & COLLEGE AVE; SPRINGFIELD; 2018-12-22 @ 10:22:32-Station:STA6;,19031,Fire: S/B AT HELICOPTER LANDING,2018-12-22 10:22:32,SPRINGFIELD,BETHLEHEM PIKE & COLLEGE AVE,1
40.1299351,-75.1483600,MADISON AVE & SUSQUEHANNA RD; ABINGTON; 2018-04-20 @ 16:56:14;,19001,Traffic: ROAD OBSTRUCTION -,2018-04-20 16:56:14,ABINGTON,MADISON AVE & SUSQUEHANNA RD,1
40.1389100,-75.1179235,FAIRVIEW AVE & MAPLEWOOD AVE;  ABINGTON; Station 381; 2017-10-07 @ 09:12:20;,19090,EMS: DIABETIC EMERGENCY,2017-10-07 09:12:20,ABINGTON,FAIRVIEW AVE & MAPLEWOOD AVE,1
40.2256862,-75.2857441,CHURCH RD & PENNBROOK PKWY; UPPER GWYNEDD; 2020-02-09 @ 05:09:22-Station:STA80;,19454,Fire: FIRE ALARM,2020-02-09 05:09:22,UPPER GWYNEDD,CHURCH RD & PENNBROOK PKWY,1
40.1350483,-75.1491608,FITZWATERTOWN RD;  ABINGTON; Station 381; 2016-07-24 @ 03:40:36;,,EMS: VEHICLE ACCIDENT,2016-07-24 03:40:36,ABINGTON,FITZWATERTOWN RD,1
40.2120971,-75.2795890,SCHOOL ST & N 2ND ST;  NORTH WALES; Station 345B; 2019-09-16 @ 20:58:51;,19454,EMS: SEIZURES,2019-09-16 20:58:51,NORTH WALES,SCHOOL ST & N 2ND ST,1
40.1173259,-75.3362745,ARCH ST & BUDD ALY; NORRISTOWN; 2017-03-24 @ 13:50:33-Station:STA27;,19401,Fire: FIRE SPECIAL SERVICE,2017-03-24 13:50:33,NORRISTOWN,ARCH ST & BUDD ALY,1
40.3082548,-75.5359964,TOWNSHIP LINE RD & BIG RD;  NEW HANOVER; Station 332; 2015-12-13 @ 22:00:08;,19525,EMS: UNKNOWN MEDICAL EMERGENCY,2015-12-13 22:00:08,NEW HANOVER,TOWNSHIP LINE RD & BIG RD,1
40.1330371,-75.4084631,SHANNONDELL DR & SHANNONDELL BLVD;  LOWER PROVIDENCE; Station 322A; 2018-04-02 @ 19:21:54;,19403,EMS: MEDICAL ALERT ALARM,2018-04-02 19:21:54,LOWER PROVIDENCE,SHANNONDELL DR & SHANNONDELL BLVD,1
40.1626490,-75.2169847,BETHLEHEM PIKE & HAGUES MILL RD; AMBLER; 2019-11-19 @ 17:38:06;,19002,Traffic: VEHICLE ACCIDENT -,2019-11-19 17:38:06,AMBLER,BETHLEHEM PIKE & HAGUES MILL RD,1
40.3856126,-75.4886097,MAIN ST; MARLBOROUGH; 2016-11-06 @ 01:42:27-Station:STA42;,,Fire: VEHICLE ACCIDENT,2016-11-06 01:42:27,MARLBOROUGH,MAIN ST,1
40.1286261,-75.1670274,TWINING RD & S LIMEKILN PIKE; UPPER DUBLIN; 2018-10-05 @ 07:51:08;,19025,Traffic: VEHICLE ACCIDENT -,2018-10-05 07:51:08,UPPER DUBLIN,TWINING RD & S LIMEKILN PIKE,1
40.1244964,-75.1658010,S LIMEKILN PIKE & FITZWATERTOWN RD; UPPER DUBLIN; 2017-06-23 @ 22:26:07;,19038,Traffic: DISABLED VEHICLE -,2017-06-23 22:26:07,UPPER DUBLIN,S LIMEKILN PIKE & FITZWATERTOWN RD,1
40.1274502,-75.3618445,MARSHALL ST & N MONTGOMERY AVE;  WEST NORRITON; Station 308B; 2016-08-19 @ 12:45:59;,19403,EMS: ALTERED MENTAL STATUS,2016-08-19 12:45:59,WEST NORRITON,MARSHALL ST & N MONTGOMERY AVE,1
40.1315396,-75.3692612,W MARSHALL ST;  WEST NORRITON; Station 308B; 2016-08-03 @ 15:10:50;,,EMS: VEHICLE ACCIDENT,2016-08-03 15:10:50,WEST NORRITON,W MARSHALL ST,1
40.1821003,-75.2177447,NORRISTOWN RD & RADCLIFF LN;  LOWER GWYNEDD; Station 351; 2018-03-15 @ 07:25:06;,19002,EMS: ALTERED MENTAL STATUS,2018-03-15 07:25:06,LOWER GWYNEDD,NORRISTOWN RD & RADCLIFF LN,1
40.1977430,-75.1160348,MEETINGHOUSE RD & W COUNTY LINE RD; HORSHAM; 2017-06-14 @ 09:02:33;,19040,Traffic: VEHICLE ACCIDENT -,2017-06-14 09:02:33,HORSHAM,MEETINGHOUSE RD & W COUNTY LINE RD,1
40.1358887,-75.5064231,WALNUT ST & NEEDLE ST;  UPPER PROVIDENCE; Station 3A85; 2020-03-30 @ 15:32:55;,19453,EMS: UNRESPONSIVE SUBJECT,2020-03-30 15:32:55,UPPER PROVIDENCE,WALNUT ST & NEEDLE ST,1
40.1121974,-75.4021579,SCHUYLKILL RIVER TRL;  LOWER PROVIDENCE; Station 322A; 2017-09-29 @ 12:07:54;,19406,EMS: ALLERGIC REACTION,2017-09-29 12:07:54,LOWER PROVIDENCE,SCHUYLKILL RIVER TRL,1
40.4030729,-75.4998641,MAIN ST & CHURCH ST;  PENNSBURG; Station 369; 2018-09-02 @ 15:35:17;,18041,EMS: RESPIRATORY EMERGENCY,2018-09-02 15:35:17,PENNSBURG,MAIN ST & CHURCH ST,1
40.1433257,-75.4228190,RT422  & RAMP RT422 EB TO RT363;  LOWER PROVIDENCE; Station 322A; 2017-05-13 @ 08:46:48;,,EMS: VEHICLE ACCIDENT,2017-05-13 08:46:48,LOWER PROVIDENCE,RT422  & RAMP RT422 EB TO RT363,1
40.0864856,-75.1795492,HILLCREST RD & CHELTENHAM AVE; CHELTENHAM; 2016-04-09 @ 15:16:36;,19038,Traffic: ROAD OBSTRUCTION -,2016-04-09 15:16:36,CHELTENHAM,HILLCREST RD & CHELTENHAM AVE,1
40.0903246,-75.1291262,WASHINGTON LN;  ABINGTON; Station 382; 2015-12-22 @ 13:26:34;,,EMS: VEHICLE ACCIDENT,2015-12-22 13:26:34,ABINGTON,WASHINGTON LN,1
40.0830785,-75.1011171,CEDAR RD & SHELMIRE ST; ABINGTON; 2016-02-03 @ 18:45:50;,19027,Traffic: ROAD OBSTRUCTION -,2016-02-03 18:45:50,ABINGTON,CEDAR RD & SHELMIRE ST,1
40.2287645,-75.2463017,KNAPP RD & DEKALB PIKE; MONTGOMERY; 2018-11-06 @ 05:36:31;,19454,Traffic: VEHICLE ACCIDENT -,2018-11-06 05:36:31,MONTGOMERY,KNAPP RD & DEKALB PIKE,1
40.0959438,-75.1251743,HIGHLAND AVE & DEAD END; JENKINTOWN; 2017-07-27 @ 11:52:02-Station:STA96;,,Fire: FIRE ALARM,2017-07-27 11:52:02,JENKINTOWN,HIGHLAND AVE & DEAD END,1
40.1296510,-75.4351240,EGYPT RD & SURREY LN; LOWER PROVIDENCE; 2020-06-09 @ 08:34:18;,19403,Traffic: VEHICLE ACCIDENT -,2020-06-09 08:34:18,LOWER PROVIDENCE,EGYPT RD & SURREY LN,1
40.2293714,-75.2937875,STONY CREEK AVE & GIRARD AVE;  UPPER GWYNEDD; Station 345B; 2019-03-27 @ 14:49:57;,19446,EMS: MEDICAL ALERT ALARM,2019-03-27 14:49:57,UPPER GWYNEDD,STONY CREEK AVE & GIRARD AVE,1
40.2594486,-75.4703849,GAME FARM RD & SMITH RD;  LOWER FREDERICK; Station 308C; 2018-02-12 @ 22:23:06;,19473,EMS: VEHICLE ACCIDENT,2018-02-12 22:23:06,LOWER FREDERICK,GAME FARM RD & SMITH RD,1
40.2496205,-75.2973240,W MAIN ST & EDGEMONT AVE; LANSDALE; 2020-03-14 @ 10:57:20;,19446,Traffic: VEHICLE ACCIDENT -,2020-03-14 10:57:20,LANSDALE,W MAIN ST & EDGEMONT AVE,1
40.1921969,-75.1352771,MAPLE AVE;  HORSHAM; Station 352; 2017-04-07 @ 09:25:59;,,EMS: VEHICLE ACCIDENT,2017-04-07 09:25:59,HORSHAM,MAPLE AVE,1
40.0173400,-75.2617070,BRYN MAWR AVE & BROAD ACRES RD;  LOWER MERION; Station 313; 2018-05-25 @ 16:15:36;,19072,EMS: SYNCOPAL EPISODE,2018-05-25 16:15:36,LOWER MERION,BRYN MAWR AVE & BROAD ACRES RD,1
40.0878981,-75.2629699,RIDGE PIKE & OAKWYN RD;  WHITEMARSH; Station 318; 2018-02-02 @ 07:19:25;,19444,EMS: HEAD INJURY,2018-02-02 07:19:25,WHITEMARSH,RIDGE PIKE & OAKWYN RD,1
40.3745236,-75.4531944,HENDRICKS RD & LINSENBIGLER RD;  MARLBOROUGH; Station 344A; 2018-02-03 @ 15:09:36;,18073,EMS: CARDIAC EMERGENCY,2018-02-03 15:09:36,MARLBOROUGH,HENDRICKS RD & LINSENBIGLER RD,1
40.1068386,-75.1238039,OLD YORK RD & HARTE RD;  ABINGTON; Station 382; 2017-10-01 @ 22:06:41;,19046,EMS: NAUSEA/VOMITING,2017-10-01 22:06:41,ABINGTON,OLD YORK RD & HARTE RD,1
40.0230397,-75.3151611,MORRIS AVE & W MONTGOMERY AVE; LOWER MERION; 2020-01-14 @ 18:58:04;,19010,Traffic: DISABLED VEHICLE -,2020-01-14 18:58:04,LOWER MERION,MORRIS AVE & W MONTGOMERY AVE,1
40.1808043,-75.1621160,MANN RD & OLD WITMER RD;  HORSHAM; Station 352A; 2019-06-08 @ 08:28:31;,19044,EMS: CARDIAC EMERGENCY,2019-06-08 08:28:31,HORSHAM,MANN RD & OLD WITMER RD,1
40.1198260,-75.1345440,EASTON RD & TYSON AVE; ABINGTON; 2016-08-16 @ 13:50:54;,19001,Traffic: VEHICLE ACCIDENT -,2016-08-16 13:50:54,ABINGTON,EASTON RD & TYSON AVE,1
40.1792415,-75.4399345,CROSSKEYS RD & RIDGE PIKE;  LOWER PROVIDENCE; Station 322; 2017-11-12 @ 15:51:10;,19426,EMS: VEHICLE ACCIDENT,2017-11-12 15:51:10,LOWER PROVIDENCE,CROSSKEYS RD & RIDGE PIKE,1
40.1357190,-75.1146360,OLD YORK RD & PARKVIEW AVE; ABINGTON; 2019-11-19 @ 12:28:32;,19001,Traffic: VEHICLE ACCIDENT -,2019-11-19 12:28:32,ABINGTON,OLD YORK RD & PARKVIEW AVE,1
40.2181715,-75.4652476,REGENTS RD & KAGEY RD; PERKIOMEN; 2018-02-11 @ 11:47:59-Station:STA66;,19426,Fire: FIRE INVESTIGATION,2018-02-11 11:47:59,PERKIOMEN,REGENTS RD & KAGEY RD,1
40.3254844,-75.3266512,HAMILTON ST & E LINCOLN AVE;  TELFORD; Station 339; 2019-12-25 @ 17:56:27;,18969,EMS: ASSAULT VICTIM,2019-12-25 17:56:27,TELFORD,HAMILTON ST & E LINCOLN AVE,1
40.1632833,-75.4145289,SMITH RD & RIDGE PIKE; LOWER PROVIDENCE; 2019-03-22 @ 06:26:07;,19403,Traffic: ROAD OBSTRUCTION -,2019-03-22 06:26:07,LOWER PROVIDENCE,SMITH RD & RIDGE PIKE,1
40.2950170,-75.3753167,SCHOOLHOUSE RD & HARLEYSVILLE PIKE; FRANCONIA; 2017-11-13 @ 06:48:38;,19438,Traffic: VEHICLE ACCIDENT -,2017-11-13 06:48:38,FRANCONIA,SCHOOLHOUSE RD & HARLEYSVILLE PIKE,1
40.0832162,-75.0922116,ELM AVE & HUNTINGDON PIKE; ROCKLEDGE; 2016-12-04 @ 09:25:26;,19046,Traffic: VEHICLE ACCIDENT -,2016-12-04 09:25:26,ROCKLEDGE,ELM AVE & HUNTINGDON PIKE,1
40.2401969,-75.3541481,BLACKMOOR CT & KAREVE DR;  TOWAMENCIN; Station 345B; 2018-01-23 @ 09:51:14;,19438,EMS: GENERAL WEAKNESS,2018-01-23 09:51:14,TOWAMENCIN,BLACKMOOR CT & KAREVE DR,1
40.0848690,-75.4010010,N WARNER RD & N GULPH RD; UPPER MERION; 2019-12-02 @ 15:37:24;,19406,Traffic: VEHICLE ACCIDENT -,2019-12-02 15:37:24,UPPER MERION,N WARNER RD & N GULPH RD,1
40.3030638,-75.4560547,BAGHURST ALY & HENDRICKS RD;  UPPER SALFORD; Station 308C; 2019-06-01 @ 20:00:50;,19438,EMS: NAUSEA/VOMITING,2019-06-01 20:00:50,UPPER SALFORD,BAGHURST ALY & HENDRICKS RD,1
40.1022274,-75.3915443,VALLEY FORGE RD & GENERAL STEUBEN RD;  UPPER MERION; Station 356; 2019-07-11 @ 09:02:53;,19406,EMS: RESPIRATORY EMERGENCY,2019-07-11 09:02:53,UPPER MERION,VALLEY FORGE RD & GENERAL STEUBEN RD,1
40.2346352,-75.2132324,STREAM VIEW DR & LAUREL LN;  MONTGOMERY; Station 345A; 2018-02-14 @ 04:29:15;,19454,EMS: FALL VICTIM,2018-02-14 04:29:15,MONTGOMERY,STREAM VIEW DR & LAUREL LN,1
40.2052931,-75.2550325,MEETINGHOUSE RD & DEKALB PIKE;  LOWER GWYNEDD; Station 351; 2019-05-04 @ 23:28:20;,19454,EMS: HEAD INJURY,2019-05-04 23:28:20,LOWER GWYNEDD,MEETINGHOUSE RD & DEKALB PIKE,1
40.0249667,-75.2829046,ABBEY LN & DEAD END; LOWER MERION; 2016-05-15 @ 18:52:05-Station:STA24;,,Fire: FIRE ALARM,2016-05-15 18:52:05,LOWER MERION,ABBEY LN & DEAD END,1
40.4097794,-75.5030818,WASHINGTON ST & E 5TH ST; EAST GREENVILLE; 2016-01-24 @ 09:52:44-Station:STA38;,18041,Fire: FIRE SPECIAL SERVICE,2016-01-24 09:52:44,EAST GREENVILLE,WASHINGTON ST & E 5TH ST,1
40.2459742,-75.6514865,HIGH ST & GABLE AVE;  POTTSTOWN; Station 329; 2018-02-21 @ 14:24:40;,19464,EMS: BURN VICTIM,2018-02-21 14:24:40,POTTSTOWN,HIGH ST & GABLE AVE,1
40.1224422,-75.3383233,POWELL ST & E SPRUCE ST;  NORRISTOWN; Station 308A; 2017-05-10 @ 10:52:53;,19401,EMS: HEAD INJURY,2017-05-10 10:52:53,NORRISTOWN,POWELL ST & E SPRUCE ST,1
40.1155472,-75.3435060,CEDARVILLE RD & DOGWOOD CT;  CHESTER COUNTY; Station 3A84; 2017-08-09 @ 21:08:04;,19401,EMS: VEHICLE ACCIDENT,2017-08-09 21:08:04,CHESTER COUNTY,CEDARVILLE RD & DOGWOOD CT,1
40.0086800,-75.2107603,E CITY AVE & PRESIDENTIAL BLVD; LOWER MERION; 2019-12-07 @ 05:54:36;,19004,Traffic: VEHICLE ACCIDENT -,2019-12-07 05:54:36,LOWER MERION,E CITY AVE & PRESIDENTIAL BLVD,1
40.1838791,-75.4457638,RIDGE PIKE & GERMANTOWN PIKE; LOWER PROVIDENCE; 2017-11-21 @ 18:12:07;,19426,Traffic: DISABLED VEHICLE -,2017-11-21 18:12:07,LOWER PROVIDENCE,RIDGE PIKE & GERMANTOWN PIKE,1
40.0958096,-75.4508467,OUTER LINE DR & JOSEPH PLUMB MARTIN LOOP TRL; UPPER MERION; 2017-11-28 @ 13:48:32;,,Traffic: VEHICLE ACCIDENT -,2017-11-28 13:48:32,UPPER MERION,OUTER LINE DR & JOSEPH PLUMB MARTIN LOOP TRL,1
40.2442013,-75.5824030,HIGH ST & S PARK RD;  LOWER POTTSGROVE; Station 329; 2018-11-09 @ 22:38:04;,19464,EMS: HEMORRHAGING,2018-11-09 22:38:04,LOWER POTTSGROVE,HIGH ST & S PARK RD,1
40.086567,-75.166432,RT309 EXPY & RAMP S EASTON RD TO RT309 NB;  SPRINGFIELD; Station 351A; 2020-03-23 @ 09:39:20;,,EMS: VEHICLE ACCIDENT,2020-03-23 09:39:20,SPRINGFIELD,RT309 EXPY & RAMP S EASTON RD TO RT309 NB,1
40.2955070,-75.5184927,PERKIOMENVILLE RD & BIG RD;  UPPER FREDERICK; Station 308C; 2019-05-11 @ 23:50:31;,18074,EMS: FIRE ALARM,2019-05-11 23:50:31,UPPER FREDERICK,PERKIOMENVILLE RD & BIG RD,1
40.3615933,-75.5057014,KNIGHT RD;  UPPER HANOVER; Station 369; 2018-11-12 @ 23:17:01;,,EMS: VEHICLE ACCIDENT,2018-11-12 23:17:01,UPPER HANOVER,KNIGHT RD,1
40.0071365,-75.2883195,CANDACE LN & DEAD END; LOWER MERION; 2019-07-28 @ 14:55:16-Station:STA23;,19003,Fire: UNKNOWN TYPE FIRE,2019-07-28 14:55:16,LOWER MERION,CANDACE LN & DEAD END,1
40.2066148,-75.5205815,ROYERSFORD RD; LIMERICK; 2020-01-31 @ 20:10:33-Station:STA51;,19468,Fire: VEHICLE ACCIDENT,2020-01-31 20:10:33,LIMERICK,ROYERSFORD RD,1
40.1529075,-75.3044219,DAWS RD & DEKALB PIKE; WHITPAIN; 2018-07-25 @ 10:57:39;,19422,Traffic: VEHICLE ACCIDENT -,2018-07-25 10:57:39,WHITPAIN,DAWS RD & DEKALB PIKE,1
40.2859406,-75.6382657,RT100 NB;  UPPER POTTSGROVE; Station 332; 2019-01-06 @ 13:37:09;,,EMS: VEHICLE ACCIDENT,2019-01-06 13:37:09,UPPER POTTSGROVE,RT100 NB,1
40.1128764,-75.1443592,CASTLEWOOD RD & PLEASANT AVE; ABINGTON; 2018-06-29 @ 19:31:33-Station:STA300;,19038,Fire: BUILDING FIRE,2018-06-29 19:31:33,ABINGTON,CASTLEWOOD RD & PLEASANT AVE,1
40.3095879,-75.3072857,CHADWICK CT & KINGSPOND LN;  FRANCONIA; Station 339; 2019-03-12 @ 03:44:19;,18964,EMS: CARDIAC EMERGENCY,2019-03-12 03:44:19,FRANCONIA,CHADWICK CT & KINGSPOND LN,1
40.0855556,-75.1301836,BREYER DR & LINDEN DR; CHELTENHAM; 2018-09-04 @ 19:01:15-Station:STA5;,19027,Fire: FIRE ALARM,2018-09-04 19:01:15,CHELTENHAM,BREYER DR & LINDEN DR,1
40.1247752,-75.2931878,GERMANTOWN PIKE & HALLOWELL RD;  PLYMOUTH; Station 308; 2018-05-30 @ 10:11:47;,19462,EMS: HEMORRHAGING,2018-05-30 10:11:47,PLYMOUTH,GERMANTOWN PIKE & HALLOWELL RD,1
40.0993885,-75.2550663,JOSHUA RD & EMERSON DR;  WHITEMARSH; Station 318; 2018-01-14 @ 06:53:41;,19444,EMS: RESPIRATORY EMERGENCY,2018-01-14 06:53:41,WHITEMARSH,JOSHUA RD & EMERSON DR,1
40.2794736,-75.3877094,MAIN ST & MAPLE AVE; LOWER SALFORD; 2018-04-26 @ 17:05:43;,19438,Traffic: VEHICLE ACCIDENT -,2018-04-26 17:05:43,LOWER SALFORD,MAIN ST & MAPLE AVE,1
40.1589820,-75.1966542,SUSQUEHANNA RD & SPARK DR;  UPPER DUBLIN; Station 351; 2018-10-26 @ 03:36:53;,19002,EMS: FALL VICTIM,2018-10-26 03:36:53,UPPER DUBLIN,SUSQUEHANNA RD & SPARK DR,1
40.0857154,-75.0985033,FOX CHASE RD & CEDAR RD; ABINGTON; 2016-09-27 @ 16:04:22;,19046,Traffic: VEHICLE ACCIDENT -,2016-09-27 16:04:22,ABINGTON,FOX CHASE RD & CEDAR RD,1
40.1388270,-75.3757483,CHESTNUT AVE & BURNSIDE AVE;  WEST NORRITON; Station 308B; 2017-09-17 @ 02:32:57;,19403,EMS: UNRESPONSIVE SUBJECT,2017-09-17 02:32:57,WEST NORRITON,CHESTNUT AVE & BURNSIDE AVE,1
40.1723141,-75.4927278,RAMP RT422 WB TO RT29  & RT422 WB; UPPER PROVIDENCE; 2017-07-03 @ 13:54:28;,,Traffic: VEHICLE ACCIDENT -,2017-07-03 13:54:28,UPPER PROVIDENCE,RAMP RT422 WB TO RT29  & RT422 WB,1
40.0931687,-75.2991080,SANDWOOD RD & COLWELL LN; PLYMOUTH; 2018-02-24 @ 11:50:39;,19428,Traffic: DISABLED VEHICLE -,2018-02-24 11:50:39,PLYMOUTH,SANDWOOD RD & COLWELL LN,1
40.0059534,-75.2443500,MONTGOMERY AVE & PARSONS AVE; LOWER MERION; 2018-12-22 @ 12:02:20;,19004,Traffic: VEHICLE ACCIDENT -,2018-12-22 12:02:20,LOWER MERION,MONTGOMERY AVE & PARSONS AVE,1
40.3738300,-75.4092610,LONG RD & CAMP SKYMOUNT RD;  MARLBOROUGH; Station 344A; 2017-11-27 @ 07:42:25;,18054,EMS: SUBJECT IN PAIN,2017-11-27 07:42:25,MARLBOROUGH,LONG RD & CAMP SKYMOUNT RD,1
40.0703637,-75.1138543,NEW SECOND ST & KINGSTON RD; CHELTENHAM; 2016-06-08 @ 12:21:10;,19027,Traffic: ROAD OBSTRUCTION -,2016-06-08 12:21:10,CHELTENHAM,NEW SECOND ST & KINGSTON RD,1
40.0734225,-75.2499733,MANOR RD & GOLF VIEW DR; SPRINGFIELD; 2019-07-12 @ 10:57:58-Station:STA6;,19444,Fire: FIRE ALARM,2019-07-12 10:57:58,SPRINGFIELD,MANOR RD & GOLF VIEW DR,1
40.0729112,-75.3432774,SWEDELAND RD & TRINITY LN; UPPER MERION; 2017-08-25 @ 22:51:14;,19406,Traffic: DISABLED VEHICLE -,2017-08-25 22:51:14,UPPER MERION,SWEDELAND RD & TRINITY LN,1
40.1589820,-75.1966542,SUSQUEHANNA RD & SPARK DR;  UPPER DUBLIN; Station 351; 2018-01-28 @ 09:56:05;,19002,EMS: ALTERED MENTAL STATUS,2018-01-28 09:56:05,UPPER DUBLIN,SUSQUEHANNA RD & SPARK DR,1
40.0960353,-75.4000406,AMERICAN AVE & 1ST AVE; UPPER MERION; 2018-03-20 @ 18:05:57-Station:STA47;,19406,Fire: RESCUE - ELEVATOR,2018-03-20 18:05:57,UPPER MERION,AMERICAN AVE & 1ST AVE,1
40.0218027,-75.2432255,MARY WATERS FORD RD & GAINSBORO RD; LOWER MERION; 2018-03-02 @ 22:14:35-Station:STA22;,19004,Fire: FIRE ALARM,2018-03-02 22:14:35,LOWER MERION,MARY WATERS FORD RD & GAINSBORO RD,1
40.1692755,-75.0924557,BYBERRY RD & VILLAGE CIR;  UPPER MORELAND; Station 384; 2018-07-24 @ 09:25:56;,19040,EMS: HEAD INJURY,2018-07-24 09:25:56,UPPER MORELAND,BYBERRY RD & VILLAGE CIR,1
40.0972222,-75.3761952,RAMP RT202 NB TO RT422  & RT202 NB; UPPER MERION; 2018-12-03 @ 14:54:25;,,Traffic: VEHICLE ACCIDENT -,2018-12-03 14:54:25,UPPER MERION,RAMP RT202 NB TO RT422  & RT202 NB,1
40.2124322,-75.2259636,BETHLEHEM PIKE & PARK DR; MONTGOMERY; 2018-07-10 @ 19:37:08;,19454,Traffic: VEHICLE ACCIDENT -,2018-07-10 19:37:08,MONTGOMERY,BETHLEHEM PIKE & PARK DR,1
40.1635855,-75.3550861,POTSHOP RD & WOODLAND AVE;  EAST NORRITON; Station 308B; 2018-04-02 @ 10:36:57;,19403,EMS: CVA/STROKE,2018-04-02 10:36:57,EAST NORRITON,POTSHOP RD & WOODLAND AVE,1
40.0832460,-75.1276890,OLD YORK RD & MEETINGHOUSE RD; CHELTENHAM; 2019-01-24 @ 12:05:09-Station:STA5;,19027,Fire: FIRE ALARM,2019-01-24 12:05:09,CHELTENHAM,OLD YORK RD & MEETINGHOUSE RD,1
40.1189549,-75.3418507,SWEDE ST;  NORRISTOWN; Station 308A; 2017-12-05 @ 22:03:50;,19401,EMS: FALL VICTIM,2017-12-05 22:03:50,NORRISTOWN,SWEDE ST,1
40.2446363,-75.6421825,HIGH ST & S WASHINGTON ST;  POTTSTOWN; Station 329; 2016-09-02 @ 22:02:36;,19464,EMS: BACK PAINS/INJURY,2016-09-02 22:02:36,POTTSTOWN,HIGH ST & S WASHINGTON ST,1
40.1550603,-75.1022513,DAVISVILLE RD & PENNYPACK RD;  UPPER MORELAND; Station 381; 2016-06-11 @ 11:22:42;,19040,EMS: UNKNOWN MEDICAL EMERGENCY,2016-06-11 11:22:42,UPPER MORELAND,DAVISVILLE RD & PENNYPACK RD,1
40.1007482,-75.2151078,WISSAHICKON AVE & ROSE LN;  SPRINGFIELD; Station 311; 2017-08-17 @ 18:22:35;,19031,EMS: ALTERED MENTAL STATUS,2017-08-17 18:22:35,SPRINGFIELD,WISSAHICKON AVE & ROSE LN,1
40.1326389,-75.1256306,HAMILTON AVE;  ABINGTON; Station 381; 2016-03-29 @ 12:51:34;,,EMS: SEIZURES,2016-03-29 12:51:34,ABINGTON,HAMILTON AVE,1
40.2457310,-75.3416869,SUMNEYTOWN PIKE & TOWAMENCIN AVE; TOWAMENCIN; 2017-07-24 @ 22:45:29;,19438,Traffic: VEHICLE ACCIDENT -,2017-07-24 22:45:29,TOWAMENCIN,SUMNEYTOWN PIKE & TOWAMENCIN AVE,1
40.0859210,-75.3576228,CHURCH RD & S HENDERSON RD;  UPPER MERION; Station 317; 2016-10-14 @ 17:34:06;,19406,EMS: SYNCOPAL EPISODE,2016-10-14 17:34:06,UPPER MERION,CHURCH RD & S HENDERSON RD,1
39.9959031,-75.2516900,IDRIS RD & S HIGHLAND AVE;  LOWER MERION; Station 313; 2018-07-29 @ 01:56:20;,19066,EMS: FALL VICTIM,2018-07-29 01:56:20,LOWER MERION,IDRIS RD & S HIGHLAND AVE,1
40.2456694,-75.6419659,KING ST & N WASHINGTON ST; POTTSTOWN; 2019-11-08 @ 08:44:37-Station:STA69;,19464,Fire: FIRE INVESTIGATION,2019-11-08 08:44:37,POTTSTOWN,KING ST & N WASHINGTON ST,1
40.2431339,-75.6464342,SOUTH ST & S EVANS ST; POTTSTOWN; 2019-02-24 @ 22:02:13-Station:STA69;,19464,Fire: FIRE ALARM,2019-02-24 22:02:13,POTTSTOWN,SOUTH ST & S EVANS ST,1
40.1078983,-75.3204314,CONSHOHOCKEN RD & E RIDGE PIKE; PLYMOUTH; 2017-11-14 @ 18:20:41;,19462,Traffic: VEHICLE ACCIDENT -,2017-11-14 18:20:41,PLYMOUTH,CONSHOHOCKEN RD & E RIDGE PIKE,1
40.2489210,-75.2819511,7TH ST & MAPLE AVE;  LANSDALE; Station 345; 2019-03-07 @ 19:11:49;,19446,EMS: NAUSEA/VOMITING,2019-03-07 19:11:49,LANSDALE,7TH ST & MAPLE AVE,1
40.0298833,-75.3087884,POTTS LN & CAVERSHAM RD; LOWER MERION; 2017-10-20 @ 11:50:49-Station:STA23;,19010,Fire: FIRE ALARM,2017-10-20 11:50:49,LOWER MERION,POTTS LN & CAVERSHAM RD,1
40.3754257,-75.5160235,GERYVILLE PIKE & FOREST LN;  UPPER HANOVER; Station 369; 2016-01-20 @ 14:45:09;,,EMS: SUBJECT IN PAIN,2016-01-20 14:45:09,UPPER HANOVER,GERYVILLE PIKE & FOREST LN,1
40.1138125,-75.3451199,LAFAYETTE ST & SWEDE ST;  NORRISTOWN; Station 308A; 2019-08-04 @ 16:47:34;,19401,EMS: SEIZURES,2019-08-04 16:47:34,NORRISTOWN,LAFAYETTE ST & SWEDE ST,1
40.1177493,-75.3438574,CHERRY ST & W MARSHALL ST; NORRISTOWN; 2018-10-17 @ 11:05:54;,19401,Traffic: VEHICLE ACCIDENT -,2018-10-17 11:05:54,NORRISTOWN,CHERRY ST & W MARSHALL ST,1
40.1431830,-75.1191500,PARK AVE & MORELAND RD; UPPER MORELAND; 2018-11-12 @ 13:41:04-Station:STA10;,19090,Fire: FIRE INVESTIGATION,2018-11-12 13:41:04,UPPER MORELAND,PARK AVE & MORELAND RD,1
40.1258141,-75.4066988,TROOPER RD & TURN LANE; WEST NORRITON; 2019-06-26 @ 12:38:00;,,Traffic: VEHICLE ACCIDENT -,2019-06-26 12:38:00,WEST NORRITON,TROOPER RD & TURN LANE,1
40.0559444,-75.1269979,OAK AVE & CHELTENHAM AVE; CHELTENHAM; 2016-03-18 @ 20:45:38;,19027,Traffic: DISABLED VEHICLE -,2016-03-18 20:45:38,CHELTENHAM,OAK AVE & CHELTENHAM AVE,1
40.1224666,-75.3430363,MARKLEY ST & REX ALY;  NORRISTOWN; Station 308A; 2018-12-18 @ 09:47:40;,19401,EMS: CARDIAC EMERGENCY,2018-12-18 09:47:40,NORRISTOWN,MARKLEY ST & REX ALY,1
40.1050151,-75.4165358,PENN CIR & OLD FORGE LN; UPPER MERION; 2020-04-30 @ 17:51:03-Station:STA56;,19406,Fire: ELEVATOR EMERGENCY,2020-04-30 17:51:03,UPPER MERION,PENN CIR & OLD FORGE LN,1
40.3764496,-75.4818465,5TH ST & BITTING ALY;  RED HILL; Station 369; 2017-05-21 @ 19:13:28;,18076,EMS: FALL VICTIM,2017-05-21 19:13:28,RED HILL,5TH ST & BITTING ALY,1
40.0050917,-75.2183892,E CITY AVE;  LOWER MERION; Station 313; 2016-08-12 @ 10:03:58;,,EMS: SYNCOPAL EPISODE,2016-08-12 10:03:58,LOWER MERION,E CITY AVE,1
40.2539536,-75.4254533,CROSS RD & TYSON RD; LOWER SALFORD; 2018-01-04 @ 11:21:54;,19473,Traffic: VEHICLE ACCIDENT -,2018-01-04 11:21:54,LOWER SALFORD,CROSS RD & TYSON RD,1
40.1118752,-75.2850076,PLYMOUTH RD & W GERMANTOWN PIKE; PLYMOUTH; 2016-05-03 @ 12:01:01;,19462,Traffic: DISABLED VEHICLE -,2016-05-03 12:01:01,PLYMOUTH,PLYMOUTH RD & W GERMANTOWN PIKE,1
40.1745469,-75.4714714,MORGAN LN & HOPWOOD RD; UPPER PROVIDENCE; 2017-04-28 @ 16:54:02;,19426,Traffic: DISABLED VEHICLE -,2017-04-28 16:54:02,UPPER PROVIDENCE,MORGAN LN & HOPWOOD RD,1
40.2576118,-75.2289048,TWINING RD & BELLOWS WAY; MONTGOMERY; 2016-10-22 @ 12:18:50-Station:STA18;,19446,Fire: FIRE ALARM,2016-10-22 12:18:50,MONTGOMERY,TWINING RD & BELLOWS WAY,1
40.2542488,-75.5885706,ARMAND HAMMER BLVD & SERVICE ROAD; LOWER POTTSGROVE; 2020-02-11 @ 02:43:42-Station:STA58;,19464,Fire: FIRE ALARM,2020-02-11 02:43:42,LOWER POTTSGROVE,ARMAND HAMMER BLVD & SERVICE ROAD,1
40.1156920,-75.3475730,MAIN ST & BARBADOES ST;  NORRISTOWN; Station 308A; 2020-07-02 @ 04:07:05;,19401,EMS: UNKNOWN MEDICAL EMERGENCY,2020-07-02 04:07:05,NORRISTOWN,MAIN ST & BARBADOES ST,1
40.1413950,-75.0315328,SHELLEY RD & ANDREW RD;  LOWER MORELAND; Station 355; 2017-03-24 @ 02:57:28;,19006,EMS: SUBJECT IN PAIN,2017-03-24 02:57:28,LOWER MORELAND,SHELLEY RD & ANDREW RD,1
40.2467174,-75.6095203,CREEKSIDE DR & SUNNYBROOK RD;  LOWER POTTSGROVE; Station 329; 2016-06-22 @ 20:28:50;,19464,EMS: CARDIAC ARREST,2016-06-22 20:28:50,LOWER POTTSGROVE,CREEKSIDE DR & SUNNYBROOK RD,1
40.1369729,-75.4727228,RT422  & RAMP RT422 WB TO EGYPT RD; UPPER PROVIDENCE; 2018-09-06 @ 16:07:45;,,Traffic: DISABLED VEHICLE -,2018-09-06 16:07:45,UPPER PROVIDENCE,RT422  & RAMP RT422 WB TO EGYPT RD,1
40.1367250,-75.2103420,PENNSYLVANIA AVE & SUMMIT AVE; UPPER DUBLIN; 2019-07-23 @ 17:09:44;,19034,Traffic: VEHICLE ACCIDENT -,2019-07-23 17:09:44,UPPER DUBLIN,PENNSYLVANIA AVE & SUMMIT AVE,1
40.1279830,-75.1303430,EASTON RD & WOODLAND RD;  ABINGTON; Station 381; 2018-08-09 @ 18:02:47;,19001,EMS: CHOKING,2018-08-09 18:02:47,ABINGTON,EASTON RD & WOODLAND RD,1
40.1397628,-75.3863985,MAIN ST & LAWN AVE; WEST NORRITON; 2019-11-20 @ 13:49:24;,19403,Traffic: VEHICLE ACCIDENT -,2019-11-20 13:49:24,WEST NORRITON,MAIN ST & LAWN AVE,1
40.0373340,-75.3159164,PASTURE LN & MIDDLE RD;  LOWER MERION; Station 313A; 2018-06-24 @ 20:36:50;,19010,EMS: CARDIAC EMERGENCY,2018-06-24 20:36:50,LOWER MERION,PASTURE LN & MIDDLE RD,1
40.0086800,-75.2107603,E CITY AVE & PRESIDENTIAL BLVD; LOWER MERION; 2016-03-28 @ 07:34:28;,19004,Traffic: DISABLED VEHICLE -,2016-03-28 07:34:28,LOWER MERION,E CITY AVE & PRESIDENTIAL BLVD,1
40.0791170,-75.2810720,JOSHUA RD & CEDAR GROVE RD;  WHITEMARSH; Station 318; 2020-03-24 @ 04:00:55;,19444,EMS: HEAD INJURY,2020-03-24 04:00:55,WHITEMARSH,JOSHUA RD & CEDAR GROVE RD,1
40.0281366,-75.3195447,N ROBERTS RD; LOWER MERION; 2020-03-07 @ 20:48:04-Station:STA23;,19010,Fire: TRASH/DUMPSTER FIRE,2020-03-07 20:48:04,LOWER MERION,N ROBERTS RD,1
40.1350514,-75.3562044,UPPER FARM RD & BEECH DR;  WEST NORRITON; Station 308B; 2016-07-16 @ 17:51:06;,19403,EMS: CHOKING,2016-07-16 17:51:06,WEST NORRITON,UPPER FARM RD & BEECH DR,1
40.0711763,-75.1530171,CHELTENHAM AVE;  CHELTENHAM; Station 358; 2016-02-21 @ 17:30:21;,,EMS: VEHICLE ACCIDENT,2016-02-21 17:30:21,CHELTENHAM,CHELTENHAM AVE,1
40.1614701,-75.1301588,MARYLAND RD & COMMERCE AVE;  UPPER MORELAND; Station 384; 2018-12-11 @ 04:53:40;,19090,EMS: FALL VICTIM,2018-12-11 04:53:40,UPPER MORELAND,MARYLAND RD & COMMERCE AVE,1
40.1779447,-75.1441477,MACINTOSH CT & BLACK WATCH CT;  HORSHAM; Station 352; 2017-02-22 @ 08:01:37;,19044,EMS: CARDIAC EMERGENCY,2017-02-22 08:01:37,HORSHAM,MACINTOSH CT & BLACK WATCH CT,1
40.1557700,-75.2192010,BUTLER AVE & LINDENWOLD AVE; AMBLER; 2017-12-04 @ 19:02:03;,19002,Traffic: DISABLED VEHICLE -,2017-12-04 19:02:03,AMBLER,BUTLER AVE & LINDENWOLD AVE,1
40.1728188,-75.1264575,BLAIR MILL RD & PARKSIDE AVE; HORSHAM; 2016-03-27 @ 20:14:16;,19040,Traffic: VEHICLE ACCIDENT -,2016-03-27 20:14:16,HORSHAM,BLAIR MILL RD & PARKSIDE AVE,1
40.0828437,-75.2508599,CHURCH RD & PARK AVE; WHITEMARSH; 2019-12-18 @ 08:20:16;,19444,Traffic: VEHICLE FIRE -,2019-12-18 08:20:16,WHITEMARSH,CHURCH RD & PARK AVE,1
40.2290075,-75.3878525,HANOVER ST & W HOFFECKER RD;  CHESTER COUNTY; Station 3A84; 2019-01-03 @ 20:27:53;,,EMS: VEHICLE ACCIDENT,2019-01-03 20:27:53,CHESTER COUNTY,HANOVER ST & W HOFFECKER RD,1
40.0927907,-75.3757023,REBEL RD & REBEL CIR;  UPPER MERION; Station 356; 2019-06-14 @ 09:50:27;,19406,EMS: ALTERED MENTAL STATUS,2019-06-14 09:50:27,UPPER MERION,REBEL RD & REBEL CIR,1
40.2774679,-75.2604622,BETHLEHEM PIKE & TREWIGTOWN RD;  HATFIELD TOWNSHIP; Station 345; 2016-06-30 @ 13:35:04;,19440,EMS: UNCONSCIOUS SUBJECT,2016-06-30 13:35:04,HATFIELD TOWNSHIP,BETHLEHEM PIKE & TREWIGTOWN RD,1
40.0985313,-75.3003538,RIDGE PIKE;  PLYMOUTH; Station 308; 2016-09-02 @ 13:06:57;,,EMS: VEHICLE ACCIDENT,2016-09-02 13:06:57,PLYMOUTH,RIDGE PIKE,1
40.0972222,-75.3761952,SCHUYLKILL EXPY & RAMP S GULPH RD TO I76 EB; UPPER MERION; 2020-01-12 @ 08:59:23;,,Traffic: VEHICLE ACCIDENT -,2020-01-12 08:59:23,UPPER MERION,SCHUYLKILL EXPY & RAMP S GULPH RD TO I76 EB,1
40.1565938,-75.0593132,METTLER RD & WRIGHT DR;  LOWER MORELAND; Station 355; 2016-12-25 @ 17:51:45;,19006,EMS: FALL VICTIM,2016-12-25 17:51:45,LOWER MORELAND,METTLER RD & WRIGHT DR,1
40.0735009,-75.3091247,OAK ST;  CONSHOHOCKEN; Station 313A; 2017-10-27 @ 19:28:19;,19428,EMS: DIZZINESS,2017-10-27 19:28:19,CONSHOHOCKEN,OAK ST,1
40.2212266,-75.2887369,SUMNEYTOWN PIKE & RR OVERPASS;  UPPER GWYNEDD; Station 345B; 2019-05-09 @ 11:08:55;,,EMS: ALTERED MENTAL STATUS,2019-05-09 11:08:55,UPPER GWYNEDD,SUMNEYTOWN PIKE & RR OVERPASS,1
40.1391060,-75.5005080,WHITAKER AVE & EGYPT RD;  UPPER PROVIDENCE; Station 3A85; 2020-07-27 @ 14:16:01;,19453,EMS: GENERAL WEAKNESS,2020-07-27 14:16:01,UPPER PROVIDENCE,WHITAKER AVE & EGYPT RD,1
40.1003725,-75.3347654,PERSHING ST & HOLSTEIN ST;  UPPER MERION; Station 356; 2020-03-12 @ 03:35:53;,19405,EMS: FALL VICTIM,2020-03-12 03:35:53,UPPER MERION,PERSHING ST & HOLSTEIN ST,1
40.4029963,-75.4918224,QUAKERTOWN RD & RT663;  UPPER HANOVER; Station 369; 2016-11-14 @ 16:19:22;,18073,EMS: RESPIRATORY EMERGENCY,2016-11-14 16:19:22,UPPER HANOVER,QUAKERTOWN RD & RT663,1
40.3095732,-75.3606096,ALLENTOWN RD & HARVEST DR;  FRANCONIA; Station 339; 2020-04-12 @ 21:21:55;,18969,EMS: SUBJECT IN PAIN,2020-04-12 21:21:55,FRANCONIA,ALLENTOWN RD & HARVEST DR,1
40.1823697,-75.2789755,WINDERMERE DR & KNIGHTSBRIDGE DR; WHITPAIN; 2017-11-29 @ 16:55:04-Station:STA33;,19422,Fire: GAS-ODOR/LEAK,2017-11-29 16:55:04,WHITPAIN,WINDERMERE DR & KNIGHTSBRIDGE DR,1
40.0516667,-75.1195485,CHELTENHAM AVE & BRIEF RD; CHELTENHAM; 2017-12-09 @ 17:53:20-Station:STA4;,19120,Fire: FIRE ALARM,2017-12-09 17:53:20,CHELTENHAM,CHELTENHAM AVE & BRIEF RD,1
40.1203833,-75.1612616,PENN AVE & JENKINTOWN RD;  ABINGTON; Station 383; 2016-06-22 @ 01:48:12;,19038,EMS: SUBJECT IN PAIN,2016-06-22 01:48:12,ABINGTON,PENN AVE & JENKINTOWN RD,1
40.0972222,-75.3761952,SCHUYLKILL EXPY & TRINITY LN UNDERPASS; UPPER MERION; 2017-12-03 @ 05:14:51;,,Traffic: DISABLED VEHICLE -,2017-12-03 05:14:51,UPPER MERION,SCHUYLKILL EXPY & TRINITY LN UNDERPASS,1
40.2579530,-75.2639717,COWPATH RD & WHITEMARSH LN; HATFIELD TOWNSHIP; 2018-03-03 @ 04:30:28-Station:STA12;,19446,Fire: FIRE ALARM,2018-03-03 04:30:28,HATFIELD TOWNSHIP,COWPATH RD & WHITEMARSH LN,1
40.1130379,-75.3405103,MAIN ST & MILL ST;  NORRISTOWN; Station 308A; 2016-08-16 @ 08:40:31;,19401,EMS: RESPIRATORY EMERGENCY,2016-08-16 08:40:31,NORRISTOWN,MAIN ST & MILL ST,1
40.2657553,-75.4679022,WOODLAND AVE & SUMMIT AVE;  SCHWENKSVILLE; Station 308C; 2017-04-02 @ 05:44:59;,19473,EMS: RESPIRATORY EMERGENCY,2017-04-02 05:44:59,SCHWENKSVILLE,WOODLAND AVE & SUMMIT AVE,1
40.1174800,-75.1268656,JERICHO RD & SUSQUEHANNA RD;  ABINGTON; Station 381; 2019-12-29 @ 09:59:14;,19001,EMS: HEMORRHAGING,2019-12-29 09:59:14,ABINGTON,JERICHO RD & SUSQUEHANNA RD,1
40.0997844,-75.3025750,RIDGE PIKE & ALAN WOOD RD; PLYMOUTH; 2019-01-23 @ 16:38:24;,19428,Traffic: VEHICLE ACCIDENT -,2019-01-23 16:38:24,PLYMOUTH,RIDGE PIKE & ALAN WOOD RD,1
40.1112176,-75.0764435,HUNTINGDON PIKE;  ABINGTON; Station 382; 2018-06-11 @ 15:44:23;,,EMS: MATERNITY,2018-06-11 15:44:23,ABINGTON,HUNTINGDON PIKE,1
40.1644656,-75.1353356,BLAIR MILL RD & WITMER RD;  UPPER MORELAND; Station 384; 2019-03-07 @ 16:10:12;,19044,EMS: SYNCOPAL EPISODE,2019-03-07 16:10:12,UPPER MORELAND,BLAIR MILL RD & WITMER RD,1
40.2728597,-75.2899075,EMILY CT & SNYDER SQUARE DR; HATFIELD TOWNSHIP; 2019-03-20 @ 12:18:50-Station:STA17;,19440,Fire: WOODS/FIELD FIRE,2019-03-20 12:18:50,HATFIELD TOWNSHIP,EMILY CT & SNYDER SQUARE DR,1
40.0900968,-75.1265843,OLD YORK RD & YORK RD;  ABINGTON; Station 382; 2018-02-20 @ 15:16:45;,19046,EMS: CARDIAC EMERGENCY,2018-02-20 15:16:45,ABINGTON,OLD YORK RD & YORK RD,1
40.1162446,-75.1845144,ALLISON RD & CLEMENT RD; SPRINGFIELD; 2016-07-17 @ 21:40:49-Station:STA700;,19075,Fire: FIRE INVESTIGATION,2016-07-17 21:40:49,SPRINGFIELD,ALLISON RD & CLEMENT RD,1
40.0812601,-75.1370254,LIMEKILN PIKE & RT309 EXPY SB;  CHELTENHAM; Station 358A; 2018-02-06 @ 18:14:27;,,EMS: HEAD INJURY,2018-02-06 18:14:27,CHELTENHAM,LIMEKILN PIKE & RT309 EXPY SB,1
40.1305414,-75.3179101,OLD ARCH RD & BIRCHWOOD DR;  EAST NORRITON; Station 308; 2020-07-19 @ 19:46:37;,19401,EMS: RESPIRATORY EMERGENCY,2020-07-19 19:46:37,EAST NORRITON,OLD ARCH RD & BIRCHWOOD DR,1
40.1855167,-75.2277666,N BETHLEHEM PIKE & NORRISTOWN RD; LOWER GWYNEDD; 2019-06-15 @ 02:30:53;,19002,Traffic: VEHICLE ACCIDENT -,2019-06-15 02:30:53,LOWER GWYNEDD,N BETHLEHEM PIKE & NORRISTOWN RD,1
40.2332590,-75.2695950,MAIN ST & GREENWOOD RD;  LANSDALE; Station 345; 2016-08-27 @ 14:15:37;,19446,EMS: CARDIAC EMERGENCY,2016-08-27 14:15:37,LANSDALE,MAIN ST & GREENWOOD RD,1
40.0921689,-75.1340147,SUMMIT AVE & WYNCOTE RD;  JENKINTOWN; Station 382; 2016-11-24 @ 15:46:25;,19046,EMS: SUBJECT IN PAIN,2016-11-24 15:46:25,JENKINTOWN,SUMMIT AVE & WYNCOTE RD,1
40.2470749,-75.3054358,ALLENTOWN RD & WOODLAWN DR;  TOWAMENCIN; Station 345B; 2019-10-29 @ 10:33:23;,19446,EMS: BACK PAINS/INJURY,2019-10-29 10:33:23,TOWAMENCIN,ALLENTOWN RD & WOODLAWN DR,1
40.1449083,-75.1437390,CLARRIGE DR & BRENTWOOD DR; UPPER DUBLIN; 2016-07-25 @ 20:11:42;,19090,Traffic: HAZARDOUS ROAD CONDITIONS -,2016-07-25 20:11:42,UPPER DUBLIN,CLARRIGE DR & BRENTWOOD DR,1
40.0025642,-75.2236498,CITY AVE & N 47TH ST; LOWER MERION; 2017-03-24 @ 14:33:47;,19004,Traffic: VEHICLE ACCIDENT -,2017-03-24 14:33:47,LOWER MERION,CITY AVE & N 47TH ST,1
40.1010692,-75.4237607,RIVER RD & JOSEPH PLUMB MARTIN TRL;  UPPER MERION; Station 317; 2017-10-06 @ 12:36:30;,19087,EMS: HEAD INJURY,2017-10-06 12:36:30,UPPER MERION,RIVER RD & JOSEPH PLUMB MARTIN TRL,1
40.1515310,-75.4078414,MARILYN AVE & OAKLYN AVE;  LOWER PROVIDENCE; Station 322; 2017-06-08 @ 14:35:48;,19403,EMS: FALL VICTIM,2017-06-08 14:35:48,LOWER PROVIDENCE,MARILYN AVE & OAKLYN AVE,1
40.2984302,-75.2841346,UNIONVILLE PIKE & BETHLEHEM PIKE; BUCKS COUNTY; 2019-03-27 @ 14:40:06;,19440,Traffic: VEHICLE ACCIDENT -,2019-03-27 14:40:06,BUCKS COUNTY,UNIONVILLE PIKE & BETHLEHEM PIKE,1
40.0221356,-75.2504018,CONSHOHOCKEN STATE RD & N WOODBINE AVE; LOWER MERION; 2016-11-28 @ 01:17:18;,19072,Traffic: DISABLED VEHICLE -,2016-11-28 01:17:18,LOWER MERION,CONSHOHOCKEN STATE RD & N WOODBINE AVE,1
40.2679433,-75.6289647,GLENDALE AVE & JUNIPER ST;  UPPER POTTSGROVE; Station 329; 2016-07-11 @ 21:08:10;,19464,EMS: FALL VICTIM,2016-07-11 21:08:10,UPPER POTTSGROVE,GLENDALE AVE & JUNIPER ST,1
40.2639951,-75.6005935,GLEN EAGLES DR & BAHR RD;  LOWER POTTSGROVE; Station 329B; 2020-04-23 @ 07:13:56;,19464,EMS: FALL VICTIM,2020-04-23 07:13:56,LOWER POTTSGROVE,GLEN EAGLES DR & BAHR RD,1
40.0032856,-75.2281053,ST ASAPHS RD & CONSHOHOCKEN STATE RD; LOWER MERION; 2016-05-20 @ 17:18:02-Station:STA28;,19004,Fire: FIRE INVESTIGATION,2016-05-20 17:18:02,LOWER MERION,ST ASAPHS RD & CONSHOHOCKEN STATE RD,1
40.1207039,-75.3388926,WILLOW ST & SCOTT ALY; NORRISTOWN; 2020-07-17 @ 03:46:43-Station:STA27;,19401,Fire: FIRE ALARM,2020-07-17 03:46:43,NORRISTOWN,WILLOW ST & SCOTT ALY,1
40.2054756,-75.3529714,SKIPPACK PIKE & MEADOWOOD DR;  WORCESTER; Station 336; 2020-03-27 @ 20:11:37;,19446,EMS: FEVER,2020-03-27 20:11:37,WORCESTER,SKIPPACK PIKE & MEADOWOOD DR,1
40.1359227,-75.3821091,SCHOOL LN & W MAIN ST; WEST NORRITON; 2019-01-10 @ 08:55:35;,19403,Traffic: VEHICLE ACCIDENT -,2019-01-10 08:55:35,WEST NORRITON,SCHOOL LN & W MAIN ST,1
40.1074189,-75.1541940,CLIVEDEN AVE & ROSEMORE AVE;  ABINGTON; Station 383; 2017-01-25 @ 09:42:38;,19038,EMS: ALTERED MENTAL STATUS,2017-01-25 09:42:38,ABINGTON,CLIVEDEN AVE & ROSEMORE AVE,1
40.2863628,-75.4017525,SUNNEYSIDE AVE & SCENIC DR;  LOWER SALFORD; Station 344; 2017-10-09 @ 07:26:56;,19438,EMS: BACK PAINS/INJURY,2017-10-09 07:26:56,LOWER SALFORD,SUNNEYSIDE AVE & SCENIC DR,1
40.1202467,-75.3639061,HARTRANFT AVE & JACKSON ST;  NORRISTOWN; Station 308A; 2018-06-19 @ 23:25:29;,19401,EMS: CARDIAC EMERGENCY,2018-06-19 23:25:29,NORRISTOWN,HARTRANFT AVE & JACKSON ST,1
40.0708226,-75.0979037,CHURCH RD & BARRY ST;  ABINGTON; Station 382; 2019-05-15 @ 14:49:35;,19046,EMS: CARDIAC EMERGENCY,2019-05-15 14:49:35,ABINGTON,CHURCH RD & BARRY ST,1
39.9976133,-75.2359120,OLD LANCASTER RD & STONEWAY LN; LOWER MERION; 2016-06-07 @ 15:05:00;,19066,Traffic: VEHICLE ACCIDENT -,2016-06-07 15:05:00,LOWER MERION,OLD LANCASTER RD & STONEWAY LN,1
40.1236916,-75.3298813,ROBERTS CIR & MORGAN ALY;  NORRISTOWN; Station 308A; 2016-04-02 @ 16:34:23;,19401,EMS: HEAD INJURY,2016-04-02 16:34:23,NORRISTOWN,ROBERTS CIR & MORGAN ALY,1
40.1414828,-75.1171420,MORELAND RD & EASTON RD;  ABINGTON; Station 381; 2017-09-29 @ 16:39:58;,19090,EMS: CARDIAC EMERGENCY,2017-09-29 16:39:58,ABINGTON,MORELAND RD & EASTON RD,1
40.2514920,-75.6033497,VILLAGE LN & DEAD END;  LOWER POTTSGROVE; Station 329; 2016-09-16 @ 21:40:34;,,EMS: CVA/STROKE,2016-09-16 21:40:34,LOWER POTTSGROVE,VILLAGE LN & DEAD END,1
40.2936156,-75.5152057,BIG RD & FREDERICK DR;  UPPER FREDERICK; Station 308C; 2019-09-03 @ 11:12:31;,19492,EMS: HEAD INJURY,2019-09-03 11:12:31,UPPER FREDERICK,BIG RD & FREDERICK DR,1
40.2536899,-75.5978170,PEBBLE BEACH LN & JULIE RD;  LOWER POTTSGROVE; Station 329B; 2019-09-25 @ 21:42:24;,19464,EMS: RESPIRATORY EMERGENCY,2019-09-25 21:42:24,LOWER POTTSGROVE,PEBBLE BEACH LN & JULIE RD,1
40.2288994,-75.2624611,WELSH RD & NORTH WALES RD; MONTGOMERY; 2017-03-04 @ 22:52:16;,19454,Traffic: DISABLED VEHICLE -,2017-03-04 22:52:16,MONTGOMERY,WELSH RD & NORTH WALES RD,1
40.1325672,-75.3465464,CIRCLE DR & LAUREL DR;  NORRISTOWN; Station 308A; 2017-07-19 @ 17:57:26;,19401,EMS: UNCONSCIOUS SUBJECT,2017-07-19 17:57:26,NORRISTOWN,CIRCLE DR & LAUREL DR,1
40.1723141,-75.4927278,RT422  & TROUTMAN RD UNDERPASS;  UPPER PROVIDENCE; Station 322A; 2018-03-12 @ 07:25:50;,,EMS: VEHICLE ACCIDENT,2018-03-12 07:25:50,UPPER PROVIDENCE,RT422  & TROUTMAN RD UNDERPASS,1
40.1847672,-75.2452207,BRUSHTOWN RD & FOREST HILL DR; LOWER GWYNEDD; 2017-07-21 @ 17:22:05-Station:STA7;,19002,Fire: FIRE ALARM,2017-07-21 17:22:05,LOWER GWYNEDD,BRUSHTOWN RD & FOREST HILL DR,1
40.0198406,-75.3236311,COUNTY LINE RD & MONDELLA AVE; DELAWARE COUNTY; 2017-09-06 @ 20:20:18-Station:STA23;,19010,Fire: FIRE ALARM,2017-09-06 20:20:18,DELAWARE COUNTY,COUNTY LINE RD & MONDELLA AVE,1
40.1757181,-75.2816932,DEKALB PIKE & TOURNAMENT DR; WHITPAIN; 2016-02-14 @ 00:03:50-Station:STA33;,19422,Fire: FIRE ALARM,2016-02-14 00:03:50,WHITPAIN,DEKALB PIKE & TOURNAMENT DR,1
40.1194760,-75.2471430,STENTON AVE & MILITIA HILL RD;  WHITEMARSH; Station 318; 2018-07-12 @ 01:39:30;,19034,EMS: FEVER,2018-07-12 01:39:30,WHITEMARSH,STENTON AVE & MILITIA HILL RD,1
40.1220362,-75.3353387,DEKALB ST & E WOOD ST;  NORRISTOWN; Station 308A; 2017-07-06 @ 13:58:41;,19401,EMS: HEMORRHAGING,2017-07-06 13:58:41,NORRISTOWN,DEKALB ST & E WOOD ST,1
40.0951710,-75.4146990,1ST AVE & FREEDOM DR;  UPPER MERION; Station 317; 2016-05-05 @ 22:59:18;,19406,EMS: HEAD INJURY,2016-05-05 22:59:18,UPPER MERION,1ST AVE & FREEDOM DR,1
40.1168702,-75.3385783,CHESTNUT ST & HIGH ALY;  NORRISTOWN; Station 308A; 2018-01-29 @ 00:03:59;,19401,EMS: CVA/STROKE,2018-01-29 00:03:59,NORRISTOWN,CHESTNUT ST & HIGH ALY,1
40.1214970,-75.3399048,MARSHALL ST & RR CROSSING;  NORRISTOWN; Station 308A; 2018-05-03 @ 10:21:50;,,EMS: OVERDOSE,2018-05-03 10:21:50,NORRISTOWN,MARSHALL ST & RR CROSSING,1
40.0086800,-75.2107603,E CITY AVE & PRESIDENTIAL BLVD; LOWER MERION; 2017-12-27 @ 10:35:52;,19004,Traffic: VEHICLE ACCIDENT -,2017-12-27 10:35:52,LOWER MERION,E CITY AVE & PRESIDENTIAL BLVD,1
40.2346744,-75.4466334,SCENIC VIEW DR & CREEKWOOD DR;  SKIPPACK; Station 336; 2019-04-18 @ 17:12:30;,19473,EMS: UNRESPONSIVE SUBJECT,2019-04-18 17:12:30,SKIPPACK,SCENIC VIEW DR & CREEKWOOD DR,1
40.1299553,-75.3405770,HARDING BLVD;  NORRISTOWN; Station 308A; 2017-10-10 @ 18:14:48;,19401,EMS: ASSAULT VICTIM,2017-10-10 18:14:48,NORRISTOWN,HARDING BLVD,1
40.2122222,-75.5265222,RT422 WB & COUNTRY CLUB RD OVERPASS; LIMERICK; 2018-08-01 @ 13:42:57;,19468,Traffic: VEHICLE FIRE -,2018-08-01 13:42:57,LIMERICK,RT422 WB & COUNTRY CLUB RD OVERPASS,1
40.1194760,-75.2471430,STENTON AVE & MILITIA HILL RD;  WHITEMARSH; Station 318; 2019-07-31 @ 09:08:12;,19034,EMS: CARDIAC EMERGENCY,2019-07-31 09:08:12,WHITEMARSH,STENTON AVE & MILITIA HILL RD,1
40.2629833,-75.3193739,FORTY FOOT RD & WELSH RD; TOWAMENCIN; 2018-11-13 @ 16:30:49;,19446,Traffic: DISABLED VEHICLE -,2018-11-13 16:30:49,TOWAMENCIN,FORTY FOOT RD & WELSH RD,1
40.2128809,-75.6641959,LAURELWOOD RD & NEIMAN RD; CHESTER COUNTY; 2017-01-16 @ 09:23:26;,19465,Traffic: DISABLED VEHICLE -,2017-01-16 09:23:26,CHESTER COUNTY,LAURELWOOD RD & NEIMAN RD,1
40.1764291,-75.4559089,STINE DR & FREELAND DR; COLLEGEVILLE; 2015-12-16 @ 09:21:44;,19426,Traffic: VEHICLE ACCIDENT -,2015-12-16 09:21:44,COLLEGEVILLE,STINE DR & FREELAND DR,1
40.2739289,-75.4583800,SPRING MOUNT RD & PERKIOMEN AVE;  LOWER FREDERICK; Station 308C; 2019-10-27 @ 16:50:12;,19473,EMS: SYNCOPAL EPISODE,2019-10-27 16:50:12,LOWER FREDERICK,SPRING MOUNT RD & PERKIOMEN AVE,1
40.1082672,-75.3062326,PENNSYLVANIA TPKE & NARCISSA RD UNDERPASS; PLYMOUTH; 2018-05-22 @ 13:54:31;,,Traffic: VEHICLE ACCIDENT -,2018-05-22 13:54:31,PLYMOUTH,PENNSYLVANIA TPKE & NARCISSA RD UNDERPASS,1
40.0972222,-75.3761952,VILLAGE DR & TOWN SQUARE PL W; UPPER MERION; 2020-02-02 @ 10:40:19-Station:STA47;,,Fire: BUILDING FIRE,2020-02-02 10:40:19,UPPER MERION,VILLAGE DR & TOWN SQUARE PL W,1
40.0765879,-75.1591680,OGONTZ AVE & SHOPPERS LN; CHELTENHAM; 2016-03-17 @ 15:26:19;,19095,Traffic: VEHICLE ACCIDENT -,2016-03-17 15:26:19,CHELTENHAM,OGONTZ AVE & SHOPPERS LN,1
40.1685378,-75.4982005,BLACK ROCK RD & S TRAPPE RD;  UPPER PROVIDENCE; Station 325; 2018-02-14 @ 07:33:56;,19468,EMS: UNCONSCIOUS SUBJECT,2018-02-14 07:33:56,UPPER PROVIDENCE,BLACK ROCK RD & S TRAPPE RD,1
40.1043527,-75.3452288,5TH ST & MILL ST;  BRIDGEPORT; Station 317; 2018-09-03 @ 05:44:47;,19405,EMS: FALL VICTIM,2018-09-03 05:44:47,BRIDGEPORT,5TH ST & MILL ST,1
40.1753883,-75.1083972,HARDING AVE & WILLIAMS LN;  HATBORO; Station 384; 2018-02-20 @ 16:58:39;,19040,EMS: FALL VICTIM,2018-02-20 16:58:39,HATBORO,HARDING AVE & WILLIAMS LN,1
40.1653564,-75.2187019,BETHLEHEM PIKE & TENNIS AVE;  AMBLER; Station 351; 2018-12-21 @ 19:29:28;,19002,EMS: HEAD INJURY,2018-12-21 19:29:28,AMBLER,BETHLEHEM PIKE & TENNIS AVE,1
40.1223848,-75.3549036,NOBLE ST & THOMAS BARONE ST;  NORRISTOWN; Station 308A; 2017-12-16 @ 09:29:06;,19401,EMS: CARDIAC EMERGENCY,2017-12-16 09:29:06,NORRISTOWN,NOBLE ST & THOMAS BARONE ST,1
40.1147453,-75.2854469,GERMANTOWN PIKE & LAUNFALL RD; PLYMOUTH; 2019-01-21 @ 20:34:59-Station:STA44;,19462,Fire: FIRE ALARM,2019-01-21 20:34:59,PLYMOUTH,GERMANTOWN PIKE & LAUNFALL RD,1
40.2470749,-75.3054358,ALLENTOWN RD & WOODLAWN DR;  TOWAMENCIN; Station 345B; 2020-03-08 @ 21:28:47;,19446,EMS: FALL VICTIM,2020-03-08 21:28:47,TOWAMENCIN,ALLENTOWN RD & WOODLAWN DR,1
40.1478167,-75.1277704,MORELAND RD & LAWNTON RD;  ABINGTON; Station 381; 2016-10-05 @ 13:51:53;,19090,EMS: SYNCOPAL EPISODE,2016-10-05 13:51:53,ABINGTON,MORELAND RD & LAWNTON RD,1
40.2250992,-75.2076515,HORSHAM RD & GREEN TREE TAVERN RD;  HORSHAM; Station 352A; 2020-07-10 @ 08:19:40;,19454,EMS: SYNCOPAL EPISODE,2020-07-10 08:19:40,HORSHAM,HORSHAM RD & GREEN TREE TAVERN RD,1
40.2477656,-75.4591812,SALEM RD & CONCORD RD; PERKIOMEN; 2018-05-09 @ 17:10:04-Station:STA66;,19473,Fire: S/B AT HELICOPTER LANDING,2018-05-09 17:10:04,PERKIOMEN,SALEM RD & CONCORD RD,1
40.1292230,-75.0249003,BYBERRY RD & PHILMONT AVE; LOWER MORELAND; 2019-12-12 @ 10:00:57;,19006,Traffic: ROAD OBSTRUCTION -,2019-12-12 10:00:57,LOWER MORELAND,BYBERRY RD & PHILMONT AVE,1
40.1715184,-75.5285020,2ND AVE; ROYERSFORD; 2018-05-15 @ 17:52:20-Station:STA98;,19468,Fire: ELECTRICAL FIRE OUTSIDE,2018-05-15 17:52:20,ROYERSFORD,2ND AVE,1
40.1326363,-75.3783270,W MAIN ST & EGYPT RD; WEST NORRITON; 2019-11-15 @ 21:15:02;,19403,Traffic: DISABLED VEHICLE -,2019-11-15 21:15:02,WEST NORRITON,W MAIN ST & EGYPT RD,1
40.2577831,-75.3012263,ORVILLA RD & WOODSIDE AVE;  HATFIELD TOWNSHIP; Station 345; 2017-05-28 @ 09:18:28;,19446,EMS: VEHICLE ACCIDENT,2017-05-28 09:18:28,HATFIELD TOWNSHIP,ORVILLA RD & WOODSIDE AVE,1
40.1515670,-75.0941257,HUNTINGDON RD & HIGH POINT W;  UPPER MORELAND; Station 381; 2020-07-17 @ 20:15:32;,19006,EMS: ASSAULT VICTIM,2020-07-17 20:15:32,UPPER MORELAND,HUNTINGDON RD & HIGH POINT W,1
40.1118752,-75.2850076,GERMANTOWN PIKE & PLYMOUTH RD; PLYMOUTH; 2019-04-28 @ 21:51:04;,19462,Traffic: VEHICLE ACCIDENT -,2019-04-28 21:51:04,PLYMOUTH,GERMANTOWN PIKE & PLYMOUTH RD,1
40.1805584,-75.0921212,N WARMINSTER RD & CORINTHIAN AVE; UPPER MORELAND; 2019-04-13 @ 11:51:58;,19040,Traffic: VEHICLE ACCIDENT -,2019-04-13 11:51:58,UPPER MORELAND,N WARMINSTER RD & CORINTHIAN AVE,1
40.1515670,-75.0941257,HIGH POINT W & HUNTINGDON RD; UPPER MORELAND; 2016-12-21 @ 17:56:16;,19006,Traffic: VEHICLE ACCIDENT -,2016-12-21 17:56:16,UPPER MORELAND,HIGH POINT W & HUNTINGDON RD,1
40.2577317,-75.3370036,DOCK DR & WOODS DR;  TOWAMENCIN; Station 345B; 2018-05-17 @ 00:27:04;,19446,EMS: NAUSEA/VOMITING,2018-05-17 00:27:04,TOWAMENCIN,DOCK DR & WOODS DR,1
40.1830475,-75.2745492,DEKALB PIKE & TOWNSHIP LINE RD; LOWER GWYNEDD; 2019-12-07 @ 05:53:23;,19422,Traffic: DISABLED VEHICLE -,2019-12-07 05:53:23,LOWER GWYNEDD,DEKALB PIKE & TOWNSHIP LINE RD,1
40.1211390,-75.3849606,RIVERSEDGE DR & S SCHUYLKILL AVE;  WEST NORRITON; Station 308B; 2016-03-13 @ 18:17:30;,19403,EMS: ALTERED MENTAL STATUS,2016-03-13 18:17:30,WEST NORRITON,RIVERSEDGE DR & S SCHUYLKILL AVE,1
40.2943565,-75.3885413,HARCOURT LN & KINGSCOTE DR;  FRANCONIA; Station 344; 2019-10-26 @ 17:31:16;,19438,EMS: GENERAL WEAKNESS,2019-10-26 17:31:16,FRANCONIA,HARCOURT LN & KINGSCOTE DR,1
40.0885102,-75.1830359,WILLOW GROVE AVE & CHELTENHAM AVE;  CHELTENHAM; Station 358A; 2020-03-08 @ 12:27:54;,19038,EMS: OVERDOSE,2020-03-08 12:27:54,CHELTENHAM,WILLOW GROVE AVE & CHELTENHAM AVE,1
40.1526749,-75.3502930,GERMANTOWN PIKE & REINER RD;  EAST NORRITON; Station 308B; 2017-09-22 @ 08:45:41;,19403,EMS: RESPIRATORY EMERGENCY,2017-09-22 08:45:41,EAST NORRITON,GERMANTOWN PIKE & REINER RD,1
40.3477181,-75.4818160,LAKEVIEW DR & GREEN HILL DR;  MARLBOROUGH; Station 344A; 2017-08-17 @ 18:24:59;,18054,EMS: FALL VICTIM,2017-08-17 18:24:59,MARLBOROUGH,LAKEVIEW DR & GREEN HILL DR,1
40.0737021,-75.1309607,OLD YORK RD;  CHELTENHAM; Station 358; 2019-04-11 @ 07:30:47;,,EMS: VEHICLE ACCIDENT,2019-04-11 07:30:47,CHELTENHAM,OLD YORK RD,1
40.1038997,-75.3707496,HUNTERS RUN & N HENDERSON RD;  UPPER MERION; Station 317; 2018-10-06 @ 00:17:51;,19406,EMS: SYNCOPAL EPISODE,2018-10-06 00:17:51,UPPER MERION,HUNTERS RUN & N HENDERSON RD,1
40.2931631,-75.6262811,MOYER RD & GILBERTSVILLE RD; UPPER POTTSGROVE; 2016-07-24 @ 15:00:39;,19464,Traffic: VEHICLE ACCIDENT -,2016-07-24 15:00:39,UPPER POTTSGROVE,MOYER RD & GILBERTSVILLE RD,1
40.0045557,-75.2843574,LANCASTER AVE & CHATHAM RD; LOWER MERION; 2017-08-07 @ 12:33:35;,19003,Traffic: VEHICLE ACCIDENT -,2017-08-07 12:33:35,LOWER MERION,LANCASTER AVE & CHATHAM RD,1
40.1491993,-75.0580885,BYBERRY RD & HUNTINGDON PIKE; LOWER MORELAND; 2016-08-19 @ 18:43:11;,19006,Traffic: DISABLED VEHICLE -,2016-08-19 18:43:11,LOWER MORELAND,BYBERRY RD & HUNTINGDON PIKE,1
40.1198547,-75.3612226,WASHINGTON ST & HAMILTON ST;  NORRISTOWN; Station 308A; 2019-12-31 @ 13:21:14;,19401,EMS: FALL VICTIM,2019-12-31 13:21:14,NORRISTOWN,WASHINGTON ST & HAMILTON ST,1
40.2605317,-75.3995089,BROAD ST & MUNICIPAL DR;  LOWER SALFORD; Station 344; 2020-06-17 @ 08:51:54;,,EMS: FALL VICTIM,2020-06-17 08:51:54,LOWER SALFORD,BROAD ST & MUNICIPAL DR,1
40.0727830,-75.3072761,FAYETTE ST & E ELM ST; CONSHOHOCKEN; 2016-06-16 @ 15:57:36;,19428,Traffic: VEHICLE ACCIDENT -,2016-06-16 15:57:36,CONSHOHOCKEN,FAYETTE ST & E ELM ST,1
40.2422025,-75.2289513,SUNRISE DR & RIDGEVIEW RD;  MONTGOMERY; Station 345A; 2017-04-07 @ 04:31:17;,19454,EMS: SYNCOPAL EPISODE,2017-04-07 04:31:17,MONTGOMERY,SUNRISE DR & RIDGEVIEW RD,1
40.1537535,-75.1216041,EASTON RD & LAWNTON RD;  UPPER MORELAND; Station 381; 2017-03-29 @ 14:38:11;,19090,EMS: HEAD INJURY,2017-03-29 14:38:11,UPPER MORELAND,EASTON RD & LAWNTON RD,1
40.2759745,-75.3818401,MAIN ST;  LOWER SALFORD; Station 344; 2018-08-14 @ 08:34:32;,19438,EMS: VEHICLE ACCIDENT,2018-08-14 08:34:32,LOWER SALFORD,MAIN ST,1
40.2895659,-75.5871399,LEIDY RD & CHARLES DR;  NEW HANOVER; Station 332; 2018-01-31 @ 07:05:39;,19525,EMS: FRACTURE,2018-01-31 07:05:39,NEW HANOVER,LEIDY RD & CHARLES DR,1
40.1760820,-75.1231279,BLAIR MILL RD & HORSHAM RD; HORSHAM; 2019-01-05 @ 13:29:32;,19044,Traffic: DISABLED VEHICLE -,2019-01-05 13:29:32,HORSHAM,BLAIR MILL RD & HORSHAM RD,1
40.4065415,-75.5062011,CHERRY ST & WATER ALY;  EAST GREENVILLE; Station 369; 2017-08-17 @ 06:57:28;,18041,EMS: CARDIAC EMERGENCY,2017-08-17 06:57:28,EAST GREENVILLE,CHERRY ST & WATER ALY,1
40.1362161,-75.4031512,WOODLAND AVE & TOMSTOCK RD; LOWER PROVIDENCE; 2019-09-05 @ 12:55:49;,19403,Traffic: ROAD OBSTRUCTION -,2019-09-05 12:55:49,LOWER PROVIDENCE,WOODLAND AVE & TOMSTOCK RD,1
40.2100530,-75.1413255,ITAMI ST & PRIVET RD;  HORSHAM; Station 352; 2016-07-06 @ 12:41:34;,19090,EMS: FRACTURE,2016-07-06 12:41:34,HORSHAM,ITAMI ST & PRIVET RD,1
40.1585699,-75.1802873,LIMEKILN PIKE & DILLON RD;  UPPER DUBLIN; Station 351; 2020-01-15 @ 13:01:58;,19002,EMS: CARDIAC EMERGENCY,2020-01-15 13:01:58,UPPER DUBLIN,LIMEKILN PIKE & DILLON RD,1
40.1810036,-75.1869814,DOGWOOD DR & HOOD LN; UPPER DUBLIN; 2018-02-26 @ 15:08:44-Station:STA88;,19002,Fire: FIRE ALARM,2018-02-26 15:08:44,UPPER DUBLIN,DOGWOOD DR & HOOD LN,1
40.1475199,-75.1156078,N YORK RD & SUMMIT AVE; UPPER MORELAND; 2017-05-31 @ 19:03:18;,19090,Traffic: DISABLED VEHICLE -,2017-05-31 19:03:18,UPPER MORELAND,N YORK RD & SUMMIT AVE,1
40.0671682,-75.1431753,ERLEN RD & EUSTON RD; CHELTENHAM; 2017-11-13 @ 13:17:41-Station:STA2;,19027,Fire: BUILDING FIRE,2017-11-13 13:17:41,CHELTENHAM,ERLEN RD & EUSTON RD,1
40.2165763,-75.2754782,E WALNUT ST & BEAVER ST; NORTH WALES; 2018-06-06 @ 17:45:08;,19454,Traffic: VEHICLE ACCIDENT -,2018-06-06 17:45:08,NORTH WALES,E WALNUT ST & BEAVER ST,1
40.0249667,-75.2829046,SCHUYLKILL EXPY & WAVERLY RD UNDERPASS; LOWER MERION; 2017-06-10 @ 18:32:47;,,Traffic: VEHICLE ACCIDENT -,2017-06-10 18:32:47,LOWER MERION,SCHUYLKILL EXPY & WAVERLY RD UNDERPASS,1
40.1564481,-75.1220797,EASTON RD & ANDREA DR;  UPPER MORELAND; Station 381; 2019-01-01 @ 09:43:31;,19090,EMS: FEVER,2019-01-01 09:43:31,UPPER MORELAND,EASTON RD & ANDREA DR,1
40.2108783,-75.4534868,GRAVEL PIKE & ELLIS RD; PERKIOMEN; 2019-12-16 @ 02:53:05;,19426,Traffic: VEHICLE ACCIDENT -,2019-12-16 02:53:05,PERKIOMEN,GRAVEL PIKE & ELLIS RD,1
40.1033767,-75.4124499,VALLEY FORGE CIR & OLD VALLEY FORGE RD;  UPPER MERION; Station 317; 2017-02-19 @ 12:27:27;,19406,EMS: CVA/STROKE,2017-02-19 12:27:27,UPPER MERION,VALLEY FORGE CIR & OLD VALLEY FORGE RD,1
40.1431830,-75.1191500,PARK AVE & MORELAND RD;  UPPER MORELAND; Station 381; 2019-01-17 @ 21:04:47;,19090,EMS: GENERAL WEAKNESS,2019-01-17 21:04:47,UPPER MORELAND,PARK AVE & MORELAND RD,1
40.1073472,-75.3731785,SPRING RIDGE RD & N HENDERSON RD; UPPER MERION; 2018-11-07 @ 08:35:12;,19406,Traffic: VEHICLE ACCIDENT -,2018-11-07 08:35:12,UPPER MERION,SPRING RIDGE RD & N HENDERSON RD,1
40.1096123,-75.3104957,BELVOIR RD & SCHOOL LN; PLYMOUTH; 2020-04-28 @ 09:46:14;,19462,Traffic: DISABLED VEHICLE -,2020-04-28 09:46:14,PLYMOUTH,BELVOIR RD & SCHOOL LN,1
40.1723141,-75.4927278,GREEN TREE RD & RR CROSSING; UPPER PROVIDENCE; 2017-09-21 @ 12:22:47-Station:STA99;,,Fire: FIRE INVESTIGATION,2017-09-21 12:22:47,UPPER PROVIDENCE,GREEN TREE RD & RR CROSSING,1
40.0972222,-75.3761952,SCHUYLKILL EXPY & CROTON RD UNDERPASS; UPPER MERION; 2016-10-15 @ 09:15:20;,,Traffic: VEHICLE ACCIDENT -,2016-10-15 09:15:20,UPPER MERION,SCHUYLKILL EXPY & CROTON RD UNDERPASS,1
40.0865419,-75.2642599,OAKWYN RD & REVERE RD;  WHITEMARSH; Station 318; 2018-05-31 @ 01:54:48;,19444,EMS: FALL VICTIM,2018-05-31 01:54:48,WHITEMARSH,OAKWYN RD & REVERE RD,1
40.086567,-75.166432,EASTON RD & RAMP S EASTON RD TO RT309 SB;  CHELTENHAM; Station 358A; 2017-07-11 @ 11:18:59;,,EMS: CARDIAC EMERGENCY,2017-07-11 11:18:59,CHELTENHAM,EASTON RD & RAMP S EASTON RD TO RT309 SB,1
40.1241473,-75.0609301,RED LION RD & MURRAY AVE;  LOWER MORELAND; Station 355; 2019-10-29 @ 02:22:21;,19006,EMS: EMS SPECIAL SERVICE,2019-10-29 02:22:21,LOWER MORELAND,RED LION RD & MURRAY AVE,1
40.1467226,-75.1159158,YORK RD & CENTER AVE;  UPPER MORELAND; Station 381; 2016-06-24 @ 13:07:19;,19090,EMS: ABDOMINAL PAINS,2016-06-24 13:07:19,UPPER MORELAND,YORK RD & CENTER AVE,1
40.0801363,-75.1221569,FOREST AVE & TULPEHOCKEN AVE;  CHELTENHAM; Station 358; 2019-12-28 @ 06:19:29;,19027,EMS: UNKNOWN MEDICAL EMERGENCY,2019-12-28 06:19:29,CHELTENHAM,FOREST AVE & TULPEHOCKEN AVE,1
40.0024480,-75.2733130,WYNNEWOOD RD & PENN RD;  LOWER MERION; Station 313; 2018-04-08 @ 18:31:07;,19096,EMS: VEHICLE ACCIDENT,2018-04-08 18:31:07,LOWER MERION,WYNNEWOOD RD & PENN RD,1
40.2489293,-75.6609923,SHOEMAKER RD & W KING ST;  POTTSTOWN; Station 329; 2017-03-09 @ 18:11:26;,19464,EMS: ALTERED MENTAL STATUS,2017-03-09 18:11:26,POTTSTOWN,SHOEMAKER RD & W KING ST,1
40.1074003,-75.1132060,THE FAIRWAY  & RYDAL RD;  ABINGTON; Station 382; 2019-04-25 @ 05:11:29;,19046,EMS: FALL VICTIM,2019-04-25 05:11:29,ABINGTON,THE FAIRWAY  & RYDAL RD,1
40.0006880,-75.2833006,LAKESIDE RD & W WYNNEWOOD RD;  LOWER MERION; Station 313; 2019-01-22 @ 19:30:04;,19003,EMS: CHOKING,2019-01-22 19:30:04,LOWER MERION,LAKESIDE RD & W WYNNEWOOD RD,1
40.1930534,-75.4623315,MAIN ST & E 9TH AVE; COLLEGEVILLE; 2019-01-30 @ 00:25:33-Station:STA34;,19426,Fire: CARDIAC ARREST,2019-01-30 00:25:33,COLLEGEVILLE,MAIN ST & E 9TH AVE,1
40.1349001,-75.0618234,HUNTINGDON PIKE & CATHEDRAL RD;  BRYN ATHYN; Station 355; 2020-06-27 @ 12:35:05;,19006,EMS: GENERAL WEAKNESS,2020-06-27 12:35:05,BRYN ATHYN,HUNTINGDON PIKE & CATHEDRAL RD,1
40.1708780,-75.2231904,BETHLEHEM PIKE & WEISS AVE; HORSHAM; 2017-12-26 @ 02:43:34;,19002,Traffic: VEHICLE ACCIDENT -,2017-12-26 02:43:34,HORSHAM,BETHLEHEM PIKE & WEISS AVE,1
40.3496879,-75.3813084,N ALLENTOWN RD & RIDGE RD; SALFORD; 2019-03-14 @ 05:31:34;,18969,Traffic: ROAD OBSTRUCTION -,2019-03-14 05:31:34,SALFORD,N ALLENTOWN RD & RIDGE RD,1
40.1725138,-75.1657908,LIN  ; MONTGOMERY; 2017-08-28 @ 11:45:18;,19044,Traffic: DISABLED VEHICLE -,2017-08-28 11:45:18,MONTGOMERY,LIN,1
40.1759563,-75.4359812,RIDGE PIKE & EVANSBURG RD;  LOWER PROVIDENCE; Station 322; 2017-05-26 @ 11:24:46;,19426,EMS: DIZZINESS,2017-05-26 11:24:46,LOWER PROVIDENCE,RIDGE PIKE & EVANSBURG RD,1
40.0832108,-75.0845260,ROBBINS AVE & ABINGTON AVE;  ROCKLEDGE; Station 382; 2017-12-18 @ 23:31:23;,19046,EMS: CVA/STROKE,2017-12-18 23:31:23,ROCKLEDGE,ROBBINS AVE & ABINGTON AVE,1
40.1509874,-75.2669971,HIGH GATE LN & PENLLYN BLUE BELL PIKE;  WHITPAIN; Station 385; 2019-12-01 @ 14:29:24;,19422,EMS: UNCONSCIOUS SUBJECT,2019-12-01 14:29:24,WHITPAIN,HIGH GATE LN & PENLLYN BLUE BELL PIKE,1
40.0966894,-75.2674978,GERMANTOWN PIKE & FAIRWAY RD; WHITEMARSH; 2020-01-21 @ 14:39:22;,19462,Traffic: VEHICLE ACCIDENT -,2020-01-21 14:39:22,WHITEMARSH,GERMANTOWN PIKE & FAIRWAY RD,1
40.0812601,-75.1370254,VALLEY RD & RR OVERPASS;  CHELTENHAM; Station 358; 2016-11-23 @ 23:13:29;,,EMS: CHOKING,2016-11-23 23:13:29,CHELTENHAM,VALLEY RD & RR OVERPASS,1
40.0672961,-75.3186600,SCHUYLKILL EXPY & RAMP I76 WB TO MATSONFORD RD; WEST CONSHOHOCKEN; 2018-09-08 @ 03:35:23;,19428,Traffic: VEHICLE ACCIDENT -,2018-09-08 03:35:23,WEST CONSHOHOCKEN,SCHUYLKILL EXPY & RAMP I76 WB TO MATSONFORD RD,1
40.2017281,-75.1227512,W COUNTY LINE RD;  HORSHAM; Station 352; 2016-01-12 @ 22:45:23;,,EMS: VEHICLE ACCIDENT,2016-01-12 22:45:23,HORSHAM,W COUNTY LINE RD,1
40.0262419,-75.2321508,JEFFERSON ST & ASHLAND AVE; LOWER MERION; 2016-02-11 @ 20:40:14;,19004,Traffic: DISABLED VEHICLE -,2016-02-11 20:40:14,LOWER MERION,JEFFERSON ST & ASHLAND AVE,1
40.1214970,-75.3399048,RT202 BYP; NORRISTOWN; 2019-08-04 @ 04:45:15-Station:STA27;,,Fire: VEHICLE ACCIDENT,2019-08-04 04:45:15,NORRISTOWN,RT202 BYP,1
40.2125050,-75.2445265,STONINGTON CIR & ROSE LN;  LOWER GWYNEDD; Station 351; 2019-11-22 @ 10:24:13;,19454,EMS: SYNCOPAL EPISODE,2019-11-22 10:24:13,LOWER GWYNEDD,STONINGTON CIR & ROSE LN,1
40.1131038,-75.2923672,PLYMOUTH RD & EAGLE DR; PLYMOUTH; 2019-12-14 @ 22:29:39-Station:STA44;,19462,Fire: RESCUE - GENERAL,2019-12-14 22:29:39,PLYMOUTH,PLYMOUTH RD & EAGLE DR,1
40.1881952,-75.1955063,WELSH RD & TENNIS AVE;  LOWER GWYNEDD; Station 351; 2017-05-02 @ 20:16:24;,19002,EMS: GENERAL WEAKNESS,2017-05-02 20:16:24,LOWER GWYNEDD,WELSH RD & TENNIS AVE,1
40.0951494,-75.1589515,EASTON RD & ROYAL AVE; CHELTENHAM; 2016-05-16 @ 15:07:01-Station:STA1;,19038,Fire: BUILDING FIRE,2016-05-16 15:07:01,CHELTENHAM,EASTON RD & ROYAL AVE,1
40.2309343,-75.5221245,RT422  & RAMP N LEWIS RD TO RT422 EB; LIMERICK; 2020-04-01 @ 00:57:54;,19468,Traffic: VEHICLE ACCIDENT -,2020-04-01 00:57:54,LIMERICK,RT422  & RAMP N LEWIS RD TO RT422 EB,1
40.0530857,-75.3477018,GREENBRIER DR & RIDGEVIEW LN;  LOWER MERION; Station 313A; 2016-05-02 @ 11:48:59;,19085,EMS: CARDIAC EMERGENCY,2016-05-02 11:48:59,LOWER MERION,GREENBRIER DR & RIDGEVIEW LN,1
40.1058897,-75.0847407,HUNTINGDON PIKE & MOREDON RD;  ABINGTON; Station 382; 2018-11-13 @ 14:37:36;,19006,EMS: HEAD INJURY,2018-11-13 14:37:36,ABINGTON,HUNTINGDON PIKE & MOREDON RD,1
40.3260149,-75.3209950,E RELIANCE RD; BUCKS COUNTY; 2018-07-06 @ 16:16:15-Station:STA75;,,Fire: FIRE POLICE NEEDED,2018-07-06 16:16:15,BUCKS COUNTY,E RELIANCE RD,1
40.1685378,-75.4982005,BLACK ROCK RD & S TRAPPE RD;  UPPER PROVIDENCE; Station 325; 2019-07-27 @ 10:10:06;,19468,EMS: ALTERED MENTAL STATUS,2019-07-27 10:10:06,UPPER PROVIDENCE,BLACK ROCK RD & S TRAPPE RD,1
40.1491993,-75.0580885,HUNTINGDON PIKE & BYBERRY RD; LOWER MORELAND; 2016-07-24 @ 07:33:28;,19006,Traffic: DISABLED VEHICLE -,2016-07-24 07:33:28,LOWER MORELAND,HUNTINGDON PIKE & BYBERRY RD,1
40.0698321,-75.3162951,SCHUYLKILL EXPY & RAMP I476 SB TO I76 EB; WEST CONSHOHOCKEN; 2017-02-03 @ 17:48:57;,,Traffic: VEHICLE ACCIDENT -,2017-02-03 17:48:57,WEST CONSHOHOCKEN,SCHUYLKILL EXPY & RAMP I476 SB TO I76 EB,1
40.2488395,-75.3147271,TROXEL RD & PICKWICK LN; TOWAMENCIN; 2019-03-27 @ 13:09:57;,19446,Traffic: DISABLED VEHICLE -,2019-03-27 13:09:57,TOWAMENCIN,TROXEL RD & PICKWICK LN,1
40.0018020,-75.2775100,W OLD WYNNEWOOD RD & W WYNNEWOOD RD; LOWER MERION; 2020-06-04 @ 16:26:52;,19096,Traffic: ROAD OBSTRUCTION -,2020-06-04 16:26:52,LOWER MERION,W OLD WYNNEWOOD RD & W WYNNEWOOD RD,1
40.1558109,-75.4854115,BLACK ROCK RD & S COLLEGEVILLE RD;  UPPER PROVIDENCE; Station 324; 2018-11-26 @ 11:58:49;,19460,EMS: ALTERED MENTAL STATUS,2018-11-26 11:58:49,UPPER PROVIDENCE,BLACK ROCK RD & S COLLEGEVILLE RD,1
40.1323233,-75.1804182,APPLEWOOD DR & LEAH DR;  UPPER DUBLIN; Station 383; 2020-03-17 @ 03:19:01;,19034,EMS: SEIZURES,2020-03-17 03:19:01,UPPER DUBLIN,APPLEWOOD DR & LEAH DR,1
40.2290075,-75.3878525,RT422  & TURNPIKE OVERPASS; CHESTER COUNTY; 2017-08-15 @ 16:58:24;,,Traffic: VEHICLE ACCIDENT -,2017-08-15 16:58:24,CHESTER COUNTY,RT422  & TURNPIKE OVERPASS,1
40.0785143,-75.3600238,GULPH CT & LEWIS RD;  UPPER MERION; Station 317; 2017-02-20 @ 11:30:39;,19406,EMS: MEDICAL ALERT ALARM,2017-02-20 11:30:39,UPPER MERION,GULPH CT & LEWIS RD,1
40.0896039,-75.1483371,BARKER RD & GREENWOOD AVE;  CHELTENHAM; Station 358A; 2020-02-04 @ 09:17:14;,19095,EMS: HEAD INJURY,2020-02-04 09:17:14,CHELTENHAM,BARKER RD & GREENWOOD AVE,1
40.1330371,-75.4084631,SHANNONDELL DR & SHANNONDELL BLVD;  LOWER PROVIDENCE; Station 322A; 2018-11-26 @ 14:21:21;,19403,EMS: UNKNOWN MEDICAL EMERGENCY,2018-11-26 14:21:21,LOWER PROVIDENCE,SHANNONDELL DR & SHANNONDELL BLVD,1
40.1742040,-75.1281950,EASTON RD & FAIR OAKS AVE; HORSHAM; 2017-03-29 @ 16:13:56-Station:STA15;,19044,Fire: FIRE INVESTIGATION,2017-03-29 16:13:56,HORSHAM,EASTON RD & FAIR OAKS AVE,1
40.1742644,-75.4340436,RIDGE PIKE & FOX RD; LOWER PROVIDENCE; 2016-05-25 @ 18:59:57;,19426,Traffic: DISABLED VEHICLE -,2016-05-25 18:59:57,LOWER PROVIDENCE,RIDGE PIKE & FOX RD,1
40.1951722,-75.2924002,ACORN LN & NORTH WALES RD;  UPPER GWYNEDD; Station 345B; 2016-01-26 @ 10:53:23;,19454,EMS: SUBJECT IN PAIN,2016-01-26 10:53:23,UPPER GWYNEDD,ACORN LN & NORTH WALES RD,1
40.1246946,-75.3645164,W MAIN ST;  NORRISTOWN; Station 308A; 2017-06-26 @ 21:45:31;,,EMS: VEHICLE ACCIDENT,2017-06-26 21:45:31,NORRISTOWN,W MAIN ST,1
40.3022405,-75.5264917,BIG RD & FREDERICK DR; UPPER FREDERICK; 2019-11-16 @ 08:01:51-Station:STA87;,19435,Fire: FIRE ALARM,2019-11-16 08:01:51,UPPER FREDERICK,BIG RD & FREDERICK DR,1
40.1186310,-75.3504408,AIRY ST & CHAIN ST;  NORRISTOWN; Station 308A; 2018-05-09 @ 05:30:34;,19401,EMS: RESPIRATORY EMERGENCY,2018-05-09 05:30:34,NORRISTOWN,AIRY ST & CHAIN ST,1
40.1203120,-75.3570720,MAIN ST & NOBLE ST;  NORRISTOWN; Station 308A; 2020-01-18 @ 20:08:13;,19401,EMS: OVERDOSE,2020-01-18 20:08:13,NORRISTOWN,MAIN ST & NOBLE ST,1
40.0346462,-75.2911736,WILLIAMSON RD & BLACK ROCK RD; LOWER MERION; 2018-03-03 @ 00:49:11;,19035,Traffic: ROAD OBSTRUCTION -,2018-03-03 00:49:11,LOWER MERION,WILLIAMSON RD & BLACK ROCK RD,1
40.1930534,-75.4623315,E 9TH AVE & E MAIN ST; COLLEGEVILLE; 2019-06-28 @ 19:41:51;,19426,Traffic: ROAD OBSTRUCTION -,2019-06-28 19:41:51,COLLEGEVILLE,E 9TH AVE & E MAIN ST,1
40.1845212,-75.5652834,PENNHURST RD & MARION AVE;  CHESTER COUNTY; Station EMS; 2020-04-25 @ 13:25:03;,19475,EMS: MEDICAL ALERT ALARM,2020-04-25 13:25:03,CHESTER COUNTY,PENNHURST RD & MARION AVE,1
40.0909805,-75.2589524,WARNER RD & GERMANTOWN PIKE;  WHITEMARSH; Station 318; 2018-02-18 @ 23:20:47;,19444,EMS: RESPIRATORY EMERGENCY,2018-02-18 23:20:47,WHITEMARSH,WARNER RD & GERMANTOWN PIKE,1
40.2890267,-75.3995896,MAIN ST & OLD SUMNEYTOWN PIKE;  LOWER SALFORD; Station 344; 2019-06-07 @ 16:29:04;,19438,EMS: SUBJECT IN PAIN,2019-06-07 16:29:04,LOWER SALFORD,MAIN ST & OLD SUMNEYTOWN PIKE,1
40.1101346,-75.1719560,STATION AVE & WOODS RD; SPRINGFIELD; 2016-06-12 @ 13:44:50-Station:STA700;,19075,Fire: ELECTRICAL FIRE OUTSIDE,2016-06-12 13:44:50,SPRINGFIELD,STATION AVE & WOODS RD,1
40.3660464,-75.5225856,LAYFIELD RD & KINGS RD; UPPER HANOVER; 2016-02-20 @ 20:25:23-Station:STA65;,18073,Fire: FIRE SPECIAL SERVICE,2016-02-20 20:25:23,UPPER HANOVER,LAYFIELD RD & KINGS RD,1
40.0852137,-75.3575100,S HENDERSON RD;  UPPER MERION; Station 317; 2018-08-09 @ 19:47:40;,19406,EMS: RESPIRATORY EMERGENCY,2018-08-09 19:47:40,UPPER MERION,S HENDERSON RD,1
40.0121627,-75.2624047,MONTGOMERY AVE & N NARBERTH AVE; NARBERTH; 2017-11-02 @ 09:52:30;,19072,Traffic: VEHICLE ACCIDENT -,2017-11-02 09:52:30,NARBERTH,MONTGOMERY AVE & N NARBERTH AVE,1
40.1130613,-75.1192289,SUSQUEHANNA RD & HUNTINGDON RD;  ABINGTON; Station 381; 2019-04-06 @ 19:09:48;,19046,EMS: ALTERED MENTAL STATUS,2019-04-06 19:09:48,ABINGTON,SUSQUEHANNA RD & HUNTINGDON RD,1
40.0131176,-75.3014518,W LANCASTER AVE & HAVERFORD STATION RD; LOWER MERION; 2019-03-27 @ 09:51:20;,19041,Traffic: VEHICLE ACCIDENT -,2019-03-27 09:51:20,LOWER MERION,W LANCASTER AVE & HAVERFORD STATION RD,1
40.3095173,-75.3206271,FRONT ST & E BROAD ST;  SOUDERTON; Station 339; 2015-12-26 @ 18:17:33;,18964,EMS: ABDOMINAL PAINS,2015-12-26 18:17:33,SOUDERTON,FRONT ST & E BROAD ST,1
40.0896039,-75.1483371,GREENWOOD AVE & BARKER RD; CHELTENHAM; 2016-10-23 @ 23:54:27;,19095,Traffic: VEHICLE ACCIDENT -,2016-10-23 23:54:27,CHELTENHAM,GREENWOOD AVE & BARKER RD,1
40.2332590,-75.2695950,MAIN ST & GREENWOOD RD;  LANSDALE; Station 345; 2017-04-15 @ 08:27:17;,19446,EMS: MEDICAL ALERT ALARM,2017-04-15 08:27:17,LANSDALE,MAIN ST & GREENWOOD RD,1
40.0737021,-75.1309607,YORKTOWN PLZ & OLD YORK RD; CHELTENHAM; 2016-12-25 @ 04:29:47-Station:STA5;,,Fire: FIRE ALARM,2016-12-25 04:29:47,CHELTENHAM,YORKTOWN PLZ & OLD YORK RD,1
40.1330371,-75.4084631,SHANNONDELL DR & SHANNONDELL BLVD;  LOWER PROVIDENCE; Station 322A; 2016-08-24 @ 12:33:59;,19403,EMS: HEMORRHAGING,2016-08-24 12:33:59,LOWER PROVIDENCE,SHANNONDELL DR & SHANNONDELL BLVD,1
40.1050905,-75.3384238,HOLSTEIN ST & E 4TH ST; BRIDGEPORT; 2018-07-02 @ 21:09:00-Station:STA32;,19405,Fire: GAS-ODOR/LEAK,2018-07-02 21:09:00,BRIDGEPORT,HOLSTEIN ST & E 4TH ST,1
40.0988044,-75.2128240,BETHLEHEM PIKE;  SPRINGFIELD; Station 311; 2017-05-14 @ 12:49:55;,,EMS: VEHICLE ACCIDENT,2017-05-14 12:49:55,SPRINGFIELD,BETHLEHEM PIKE,1
40.1844222,-75.1197761,CEDAR AVE & SUMMER AVE;  HORSHAM; Station 352; 2018-12-15 @ 19:21:23;,19044,EMS: SUBJECT IN PAIN,2018-12-15 19:21:23,HORSHAM,CEDAR AVE & SUMMER AVE,1
40.1930341,-75.4381480,TOWNSHIP LINE RD & COLLEGEVILLE RD; LOWER PROVIDENCE; 2017-06-08 @ 09:08:30;,19426,Traffic: VEHICLE ACCIDENT -,2017-06-08 09:08:30,LOWER PROVIDENCE,TOWNSHIP LINE RD & COLLEGEVILLE RD,1
40.2488883,-75.6818990,RT422 BYP & LAURELWOOD RD UNDERPASS; WEST POTTSGROVE; 2016-08-20 @ 09:50:30;,,Traffic: DISABLED VEHICLE -,2016-08-20 09:50:30,WEST POTTSGROVE,RT422 BYP & LAURELWOOD RD UNDERPASS,1
40.2440243,-75.6094326,SUNNYBROOK RD & E HIGH ST;  LOWER POTTSGROVE; Station 329; 2017-10-12 @ 09:53:42;,19464,EMS: RESPIRATORY EMERGENCY,2017-10-12 09:53:42,LOWER POTTSGROVE,SUNNYBROOK RD & E HIGH ST,1
40.0045557,-75.2843574,LANCASTER AVE & CHATHAM RD;  LOWER MERION; Station 313; 2019-11-29 @ 19:57:45;,19003,EMS: FALL VICTIM,2019-11-29 19:57:45,LOWER MERION,LANCASTER AVE & CHATHAM RD,1
40.0700157,-75.3497513,GYPSY LN & LONGVIEW RD; UPPER MERION; 2018-10-12 @ 17:54:42-Station:STA48;,19406,Fire: CARBON MONOXIDE DETECTOR,2018-10-12 17:54:42,UPPER MERION,GYPSY LN & LONGVIEW RD,1
40.1565450,-75.2284885,N MAPLE AVE;  AMBLER; Station 351; 2018-07-26 @ 02:03:07;,19002,EMS: CARDIAC EMERGENCY,2018-07-26 02:03:07,AMBLER,N MAPLE AVE,1
40.1199455,-75.3383214,DEKALB ST & E ELM ST; NORRISTOWN; 2017-10-22 @ 14:20:52;,19401,Traffic: VEHICLE ACCIDENT -,2017-10-22 14:20:52,NORRISTOWN,DEKALB ST & E ELM ST,1
40.0719141,-75.1184971,CEDAR RD & WARING RD;  CHELTENHAM; Station 358; 2019-08-15 @ 19:46:26;,19027,EMS: HEMORRHAGING,2019-08-15 19:46:26,CHELTENHAM,CEDAR RD & WARING RD,1
40.1218989,-75.2886415,GERMANTOWN PIKE & WALTON RD; PLYMOUTH; 2019-04-30 @ 13:21:24;,19462,Traffic: VEHICLE ACCIDENT -,2019-04-30 13:21:24,PLYMOUTH,GERMANTOWN PIKE & WALTON RD,1
40.2063200,-75.4874520,MAIN ST & GREENWOOD AVE;  UPPER PROVIDENCE; Station 324; 2017-11-21 @ 14:58:07;,19468,EMS: FEVER,2017-11-21 14:58:07,UPPER PROVIDENCE,MAIN ST & GREENWOOD AVE,1
40.1537598,-75.2238390,BUTLER AVE & S MAIN ST; AMBLER; 2016-09-10 @ 08:12:55-Station:STA7;,19002,Fire: FIRE ALARM,2016-09-10 08:12:55,AMBLER,BUTLER AVE & S MAIN ST,1
40.1566208,-75.4113257,EAGLEVILLE RD & SUNDERLAND DR;  LOWER PROVIDENCE; Station 322; 2019-07-06 @ 16:29:52;,19403,EMS: HEAD INJURY,2019-07-06 16:29:52,LOWER PROVIDENCE,EAGLEVILLE RD & SUNDERLAND DR,1
40.1342330,-75.1373924,THOMSON RD & PERSHING AVE;  ABINGTON; Station 381; 2020-02-14 @ 07:14:46;,19001,EMS: GENERAL WEAKNESS,2020-02-14 07:14:46,ABINGTON,THOMSON RD & PERSHING AVE,1
40.0254300,-75.2901424,MULBERRY LN & WALDRON PARK DR;  LOWER MERION; Station 313; 2018-02-14 @ 08:58:59;,19041,EMS: SUBJECT IN PAIN,2018-02-14 08:58:59,LOWER MERION,MULBERRY LN & WALDRON PARK DR,1
40.0194893,-75.3193691,BRYN MAWR AVE & OLD LANCASTER RD;  LOWER MERION; Station 313; 2018-10-15 @ 04:15:14;,19010,EMS: DEHYDRATION,2018-10-15 04:15:14,LOWER MERION,BRYN MAWR AVE & OLD LANCASTER RD,1
40.1543239,-75.2244052,MAIN ST & W RACE ST;  AMBLER; Station 351; 2019-08-07 @ 00:40:33;,19002,EMS: NAUSEA/VOMITING,2019-08-07 00:40:33,AMBLER,MAIN ST & W RACE ST,1
40.0893421,-75.0938744,HUNTINGDON PIKE & OLD HUNTINGDON PIKE;  ABINGTON; Station 382; 2020-07-21 @ 19:42:09;,19046,EMS: ALLERGIC REACTION,2020-07-21 19:42:09,ABINGTON,HUNTINGDON PIKE & OLD HUNTINGDON PIKE,1
40.0065394,-75.2390770,PEMBROKE RD & LLANFAIR RD;  LOWER MERION; Station 313; 2019-05-17 @ 18:38:16;,19004,EMS: FALL VICTIM,2019-05-17 18:38:16,LOWER MERION,PEMBROKE RD & LLANFAIR RD,1
40.1095812,-75.2584212,ELIAS CT & CAMBURN RD; WHITEMARSH; 2016-06-10 @ 11:02:46-Station:STA29;,19462,Fire: FIRE ALARM,2016-06-10 11:02:46,WHITEMARSH,ELIAS CT & CAMBURN RD,1
40.1801046,-75.3625298,TOWNSHIP LINE RD & VALLEY FORGE RD; WORCESTER; 2016-06-04 @ 13:26:11;,19403,Traffic: VEHICLE ACCIDENT -,2016-06-04 13:26:11,WORCESTER,TOWNSHIP LINE RD & VALLEY FORGE RD,1
40.1630874,-75.2138652,HAGUES MILL RD; UPPER DUBLIN; 2016-11-02 @ 23:26:48-Station:STA88;,19002,Fire: UNKNOWN TYPE FIRE,2016-11-02 23:26:48,UPPER DUBLIN,HAGUES MILL RD,1
40.2454992,-75.6490434,HIGH ST & S PENN ST; POTTSTOWN; 2016-01-18 @ 10:27:20-Station:STA69;,19464,Fire: CARBON MONOXIDE DETECTOR,2016-01-18 10:27:20,POTTSTOWN,HIGH ST & S PENN ST,1
40.0972222,-75.3761952,SCHUYLKILL EXPY & RAMP RT202 NB TO I76 EB; UPPER MERION; 2020-05-16 @ 12:04:48-Station:STA56;,,Fire: VEHICLE ACCIDENT,2020-05-16 12:04:48,UPPER MERION,SCHUYLKILL EXPY & RAMP RT202 NB TO I76 EB,1
40.1641429,-75.1666990,SPRING HILL DR & HILLIARD CT; UPPER DUBLIN; 2017-06-19 @ 18:38:56-Station:STA88;,19002,Fire: FIRE ALARM,2017-06-19 18:38:56,UPPER DUBLIN,SPRING HILL DR & HILLIARD CT,1
40.1032150,-75.0858792,HUNTINGDON PIKE & MEETINGHOUSE RD; ABINGTON; 2018-05-20 @ 10:02:08-Station:STA200;,19046,Fire: FIRE ALARM,2018-05-20 10:02:08,ABINGTON,HUNTINGDON PIKE & MEETINGHOUSE RD,1
40.0638431,-75.0878940,COTTMAN AVE & SHELBOURNE ST;  CHELTENHAM; Station 358; 2018-09-28 @ 12:23:16;,19012,EMS: FEVER,2018-09-28 12:23:16,CHELTENHAM,COTTMAN AVE & SHELBOURNE ST,1
40.1371613,-75.1048773,INMAN TER & FRAZIER AVE;  UPPER MORELAND; Station 381; 2016-02-27 @ 17:37:25;,19090,EMS: BACK PAINS/INJURY,2016-02-27 17:37:25,UPPER MORELAND,INMAN TER & FRAZIER AVE,1
40.1566208,-75.4113257,EAGLEVILLE RD & SUNDERLAND DR; LOWER PROVIDENCE; 2018-09-29 @ 16:16:21-Station:STA53;,19403,Fire: S/B AT HELICOPTER LANDING,2018-09-29 16:16:21,LOWER PROVIDENCE,EAGLEVILLE RD & SUNDERLAND DR,1
40.0972222,-75.3761952,SCHUYLKILL EXPY & E MATSONFORD RD UNDERPASS; UPPER MERION; 2016-08-12 @ 15:23:33;,,Traffic: DISABLED VEHICLE -,2016-08-12 15:23:33,UPPER MERION,SCHUYLKILL EXPY & E MATSONFORD RD UNDERPASS,1
40.1223236,-75.3230836,CALAMIA DR & E ROBERTS ST;  NORRISTOWN; Station 308A; 2016-11-08 @ 20:57:05;,19401,EMS: FALL VICTIM,2016-11-08 20:57:05,NORRISTOWN,CALAMIA DR & E ROBERTS ST,1
40.1468650,-75.3952095,PARK AVE & RIDGE PIKE;  LOWER PROVIDENCE; Station 322; 2016-08-26 @ 20:02:39;,19403,EMS: ALLERGIC REACTION,2016-08-26 20:02:39,LOWER PROVIDENCE,PARK AVE & RIDGE PIKE,1
40.1405049,-75.3108737,GERMANTOWN PIKE & HANNAH AVE;  EAST NORRITON; Station 308; 2020-06-24 @ 17:58:50;,19401,EMS: CVA/STROKE,2020-06-24 17:58:50,EAST NORRITON,GERMANTOWN PIKE & HANNAH AVE,1
40.3256048,-75.3249254,WASHINGTON AVE & E HAMLIN AVE;  TELFORD; Station 339; 2016-11-13 @ 22:53:32;,18969,EMS: CARDIAC EMERGENCY,2016-11-13 22:53:32,TELFORD,WASHINGTON AVE & E HAMLIN AVE,1
40.1790926,-75.1830602,NORRISTOWN RD & N LIMEKILN PIKE; UPPER DUBLIN; 2018-07-27 @ 08:14:34;,19002,Traffic: VEHICLE ACCIDENT -,2018-07-27 08:14:34,UPPER DUBLIN,NORRISTOWN RD & N LIMEKILN PIKE,1
40.1740894,-75.1181129,HORSHAM RD & CASTELLO AVE;  UPPER MORELAND; Station 384; 2016-07-16 @ 14:49:19;,19040,EMS: ANIMAL BITE,2016-07-16 14:49:19,UPPER MORELAND,HORSHAM RD & CASTELLO AVE,1
40.1642597,-75.4121554,CLOVERMILL CIR & SWEETGUM LN; LOWER PROVIDENCE; 2016-02-14 @ 17:38:03-Station:STA53;,19426,Fire: BUILDING FIRE,2016-02-14 17:38:03,LOWER PROVIDENCE,CLOVERMILL CIR & SWEETGUM LN,1
40.1675341,-75.4697266,S COLLEGEVILLE RD & WEST DR; UPPER PROVIDENCE; 2016-04-13 @ 16:27:06;,19426,Traffic: VEHICLE ACCIDENT -,2016-04-13 16:27:06,UPPER PROVIDENCE,S COLLEGEVILLE RD & WEST DR,1
40.1745951,-75.1038351,BYBERRY AVE & LAMPLIGHT LN; HATBORO; 2020-03-06 @ 21:10:16;,19040,Traffic: VEHICLE ACCIDENT -,2020-03-06 21:10:16,HATBORO,BYBERRY AVE & LAMPLIGHT LN,1
40.1452231,-75.3186843,SWEDE RD & W GERMANTOWN PIKE;  EAST NORRITON; Station 308; 2016-11-17 @ 14:59:32;,19401,EMS: CARDIAC EMERGENCY,2016-11-17 14:59:32,EAST NORRITON,SWEDE RD & W GERMANTOWN PIKE,1
40.2235655,-75.2223901,HARTMAN RD;  MONTGOMERY; Station 345A; 2018-10-08 @ 06:21:42;,19454,EMS: VEHICLE ACCIDENT,2018-10-08 06:21:42,MONTGOMERY,HARTMAN RD,1
40.1579150,-75.2265250,SPRING GARDEN ST & TENNIS AVE;  AMBLER; Station 351; 2020-02-18 @ 06:26:14;,19002,EMS: FALL VICTIM,2020-02-18 06:26:14,AMBLER,SPRING GARDEN ST & TENNIS AVE,1
40.0717603,-75.1540507,CHELTENHAM AVE & WASHINGTON LN; CHELTENHAM; 2018-09-17 @ 22:32:36;,19095,Traffic: DISABLED VEHICLE -,2018-09-17 22:32:36,CHELTENHAM,CHELTENHAM AVE & WASHINGTON LN,1
40.0966705,-75.1221909,WEST AVE & NEWBOLD RD; JENKINTOWN; 2018-09-01 @ 01:01:02;,19046,Traffic: VEHICLE ACCIDENT -,2018-09-01 01:01:02,JENKINTOWN,WEST AVE & NEWBOLD RD,1
40.1723141,-75.4927278,RT422  & S TRAPPE RD UNDERPASS;  UPPER PROVIDENCE; Station 325; 2017-10-04 @ 08:12:28;,,EMS: VEHICLE ACCIDENT,2017-10-04 08:12:28,UPPER PROVIDENCE,RT422  & S TRAPPE RD UNDERPASS,1
40.1792611,-75.1056501,E MONTGOMERY AVE & N YORK RD; HATBORO; 2018-10-09 @ 15:09:56;,19040,Traffic: VEHICLE ACCIDENT -,2018-10-09 15:09:56,HATBORO,E MONTGOMERY AVE & N YORK RD,1
40.0139476,-75.3480586,ROBERTS RD & PORTLEDGE DR;  DELAWARE COUNTY; Station EMS; 2017-01-25 @ 09:57:43;,19010,EMS: ASSAULT VICTIM,2017-01-25 09:57:43,DELAWARE COUNTY,ROBERTS RD & PORTLEDGE DR,1
40.2883557,-75.3785374,MAPLE AVE & YODER RD;  FRANCONIA; Station 344; 2019-04-01 @ 11:11:39;,19438,EMS: HEMORRHAGING,2019-04-01 11:11:39,FRANCONIA,MAPLE AVE & YODER RD,1
40.2309343,-75.5221245,LIGHTCAP RD & SANATOGA SPRINGS DR; LIMERICK; 2018-12-24 @ 09:45:02;,19468,Traffic: VEHICLE ACCIDENT -,2018-12-24 09:45:02,LIMERICK,LIGHTCAP RD & SANATOGA SPRINGS DR,1
40.1463007,-75.0600812,HUNTINGDON PIKE & CALVIN RD;  LOWER MORELAND; Station 355; 2017-01-13 @ 07:57:09;,19006,EMS: CARDIAC EMERGENCY,2017-01-13 07:57:09,LOWER MORELAND,HUNTINGDON PIKE & CALVIN RD,1
40.2451736,-75.6420833,WASHINGTON ST & BUTTONWOOD ALY;  POTTSTOWN; Station 329; 2017-11-15 @ 19:55:19;,19464,EMS: FALL VICTIM,2017-11-15 19:55:19,POTTSTOWN,WASHINGTON ST & BUTTONWOOD ALY,1
40.2496205,-75.2973240,WELSH RD & EDGEMONT AVE; TOWAMENCIN; 2017-12-27 @ 16:14:05;,19446,Traffic: VEHICLE ACCIDENT -,2017-12-27 16:14:05,TOWAMENCIN,WELSH RD & EDGEMONT AVE,1
40.1670041,-75.2248623,MONTGOMERY RD & CEDAR LN;  LOWER GWYNEDD; Station 351; 2020-05-08 @ 19:22:29;,19002,EMS: SEIZURES,2020-05-08 19:22:29,LOWER GWYNEDD,MONTGOMERY RD & CEDAR LN,1
40.1724070,-75.3782560,CHURCH RD;  WORCESTER; Station 322; 2017-09-27 @ 17:21:05;,19403,EMS: VEHICLE ACCIDENT,2017-09-27 17:21:05,WORCESTER,CHURCH RD,1
40.0079924,-75.2912588,LANCASTER AVE & ANDERSON AVE;  LOWER MERION; Station 313; 2015-12-12 @ 15:33:12;,19003,EMS: SYNCOPAL EPISODE,2015-12-12 15:33:12,LOWER MERION,LANCASTER AVE & ANDERSON AVE,1
40.0893283,-75.1317412,WASHINGTON LN & TOWNSHIP LINE RD;  ABINGTON; Station 382; 2016-05-01 @ 02:44:51;,19095,EMS: DIZZINESS,2016-05-01 02:44:51,ABINGTON,WASHINGTON LN & TOWNSHIP LINE RD,1
40.1499194,-75.0424154,BARNSWALLOW LN & WARFIELD DR; LOWER MORELAND; 2017-05-04 @ 22:18:07-Station:STA8;,19006,Fire: FIRE ALARM,2017-05-04 22:18:07,LOWER MORELAND,BARNSWALLOW LN & WARFIELD DR,1
40.1792184,-75.4573075,2ND AVE & PARK AVE; COLLEGEVILLE; 2020-01-25 @ 07:48:38-Station:STA34;,19426,Fire: FIRE ALARM,2020-01-25 07:48:38,COLLEGEVILLE,2ND AVE & PARK AVE,1
40.2644731,-75.2650440,LENHART RD & NORMAN AVE;  HATFIELD TOWNSHIP; Station 345; 2019-09-06 @ 10:09:25;,19440,EMS: SUBJECT IN PAIN,2019-09-06 10:09:25,HATFIELD TOWNSHIP,LENHART RD & NORMAN AVE,1
40.1431949,-75.3998602,GLENWOOD AVE; LOWER PROVIDENCE; 2016-02-24 @ 21:39:13-Station:STA53;,19403,Fire: ELECTRICAL FIRE OUTSIDE,2016-02-24 21:39:13,LOWER PROVIDENCE,GLENWOOD AVE,1
40.3106761,-75.4307969,SUMNEYTOWN PIKE;  UPPER SALFORD; Station 344A; 2019-02-22 @ 05:59:12;,,EMS: VEHICLE ACCIDENT,2019-02-22 05:59:12,UPPER SALFORD,SUMNEYTOWN PIKE,1
40.0972222,-75.3761952,SCHUYLKILL EXPY & N GULPH RD UNDERPASS; UPPER MERION; 2018-06-21 @ 10:22:12-Station:STA48;,,Fire: VEHICLE ACCIDENT,2018-06-21 10:22:12,UPPER MERION,SCHUYLKILL EXPY & N GULPH RD UNDERPASS,1
40.0951072,-75.1257010,YORK RD;  JENKINTOWN; Station 382; 2017-09-02 @ 14:58:54;,19046,EMS: UNKNOWN MEDICAL EMERGENCY,2017-09-02 14:58:54,JENKINTOWN,YORK RD,1
40.1757818,-75.3553237,N TROOPER RD & W TOWNSHIP LINE RD; EAST NORRITON; 2018-01-04 @ 14:41:41;,19403,Traffic: DISABLED VEHICLE -,2018-01-04 14:41:41,EAST NORRITON,N TROOPER RD & W TOWNSHIP LINE RD,1
40.0783060,-75.1198080,CADWALADER AVE & MARVIN RD;  CHELTENHAM; Station 358; 2016-02-16 @ 08:37:35;,19027,EMS: RESPIRATORY EMERGENCY,2016-02-16 08:37:35,CHELTENHAM,CADWALADER AVE & MARVIN RD,1
40.1414692,-75.3905947,TROOPER RD & OAKDALE AVE;  WEST NORRITON; Station 308B; 2018-12-14 @ 17:12:38;,19403,EMS: VEHICLE ACCIDENT,2018-12-14 17:12:38,WEST NORRITON,TROOPER RD & OAKDALE AVE,1
40.1192425,-75.3388066,DEKALB ST & E JACOBY ST;  NORRISTOWN; Station 308A; 2018-02-03 @ 23:19:56;,19401,EMS: SUBJECT IN PAIN,2018-02-03 23:19:56,NORRISTOWN,DEKALB ST & E JACOBY ST,1
40.1505762,-75.2730881,LAURENCE DR & JOHNS RD; WHITPAIN; 2018-05-20 @ 02:31:34-Station:STA33;,19422,Fire: FIRE INVESTIGATION,2018-05-20 02:31:34,WHITPAIN,LAURENCE DR & JOHNS RD,1
40.0994675,-75.1333793,RODMAN AVE & WALNUT ST;  JENKINTOWN; Station 382; 2017-11-05 @ 03:07:41;,19046,EMS: UNCONSCIOUS SUBJECT,2017-11-05 03:07:41,JENKINTOWN,RODMAN AVE & WALNUT ST,1
40.0112563,-75.2598772,MONTGOMERY AVE & PRICE AVE;  NARBERTH; Station 313; 2018-01-22 @ 16:06:22;,19072,EMS: SUBJECT IN PAIN,2018-01-22 16:06:22,NARBERTH,MONTGOMERY AVE & PRICE AVE,1
40.3278047,-75.5580235,LAYFIELD RD & HOFFMANSVILLE RD; NEW HANOVER; 2020-05-31 @ 16:05:27;,19435,Traffic: VEHICLE ACCIDENT -,2020-05-31 16:05:27,NEW HANOVER,LAYFIELD RD & HOFFMANSVILLE RD,1
40.2948168,-75.5379720,BIG RD & COLONIAL RD;  UPPER FREDERICK; Station 331; 2016-06-07 @ 20:34:04;,18074,EMS: ABDOMINAL PAINS,2016-06-07 20:34:04,UPPER FREDERICK,BIG RD & COLONIAL RD,1
40.0236940,-75.3062082,PENNSWOOD RD & FISHERS RD; LOWER MERION; 2017-08-02 @ 12:55:45;,19010,Traffic: ROAD OBSTRUCTION -,2017-08-02 12:55:45,LOWER MERION,PENNSWOOD RD & FISHERS RD,1
40.0671349,-75.3180665,SCHUYLKILL EXPY & RAMP I76 WB TO MATSONFORD RD;  WEST CONSHOHOCKEN; Station 313A; 2020-02-13 @ 15:03:39;,19428,EMS: GENERAL WEAKNESS,2020-02-13 15:03:39,WEST CONSHOHOCKEN,SCHUYLKILL EXPY & RAMP I76 WB TO MATSONFORD RD,1
40.2212266,-75.2887369,SUMNEYTOWN PIKE & RR OVERPASS;  UPPER GWYNEDD; Station 345B; 2018-11-05 @ 12:57:10;,,EMS: SUBJECT IN PAIN,2018-11-05 12:57:10,UPPER GWYNEDD,SUMNEYTOWN PIKE & RR OVERPASS,1
40.0731780,-75.3021510,HECTOR ST & POPLAR ST; CONSHOHOCKEN; 2020-01-06 @ 16:28:18-Station:STA35;,19428,Fire: GAS-ODOR/LEAK,2020-01-06 16:28:18,CONSHOHOCKEN,HECTOR ST & POPLAR ST,1
40.1839670,-75.5228942,ORCHARD CT & VAUGHN RD;  UPPER PROVIDENCE; Station 325; 2020-06-23 @ 17:09:29;,19468,EMS: RESPIRATORY EMERGENCY,2020-06-23 17:09:29,UPPER PROVIDENCE,ORCHARD CT & VAUGHN RD,1
40.0086800,-75.2107603,PRESIDENTIAL BLVD & E CITY AVE;  LOWER MERION; Station 313; 2017-02-20 @ 07:05:09;,19004,EMS: CARDIAC EMERGENCY,2017-02-20 07:05:09,LOWER MERION,PRESIDENTIAL BLVD & E CITY AVE,1
40.0854888,-75.1250203,TOWNSHIP LINE RD & MEETINGHOUSE RD; CHELTENHAM; 2019-10-30 @ 16:43:53;,19027,Traffic: DISABLED VEHICLE -,2019-10-30 16:43:53,CHELTENHAM,TOWNSHIP LINE RD & MEETINGHOUSE RD,1
40.1711127,-75.2003781,E BUTLER PIKE; UPPER DUBLIN; 2016-07-21 @ 16:51:27-Station:STA88;,19002,Fire: VEHICLE FIRE,2016-07-21 16:51:27,UPPER DUBLIN,E BUTLER PIKE,1
40.1138125,-75.3451199,LAFAYETTE ST & SWEDE ST;  NORRISTOWN; Station 308A; 2017-03-01 @ 12:47:24;,19401,EMS: SEIZURES,2017-03-01 12:47:24,NORRISTOWN,LAFAYETTE ST & SWEDE ST,1
40.0685015,-75.1482828,CHELTENHAM AVE & ANDREWS AVE;  CHELTENHAM; Station 358; 2018-04-18 @ 19:57:39;,19027,EMS: UNKNOWN MEDICAL EMERGENCY,2018-04-18 19:57:39,CHELTENHAM,CHELTENHAM AVE & ANDREWS AVE,1
40.1566208,-75.4113257,EAGLEVILLE RD & SUNDERLAND DR;  LOWER PROVIDENCE; Station 322; 2019-08-31 @ 21:36:38;,19403,EMS: CARDIAC EMERGENCY,2019-08-31 21:36:38,LOWER PROVIDENCE,EAGLEVILLE RD & SUNDERLAND DR,1
40.1369729,-75.4727228,RT422  & RAMP RT422 WB TO EGYPT RD; UPPER PROVIDENCE; 2016-05-29 @ 16:43:15;,,Traffic: VEHICLE ACCIDENT -,2016-05-29 16:43:15,UPPER PROVIDENCE,RT422  & RAMP RT422 WB TO EGYPT RD,1
40.1148759,-75.3403903,AIRY ST & GREEN ST; NORRISTOWN; 2017-08-18 @ 18:03:29;,19401,Traffic: VEHICLE ACCIDENT -,2017-08-18 18:03:29,NORRISTOWN,AIRY ST & GREEN ST,1
40.2434021,-75.2769559,RIDGE ST; LANSDALE; 2020-05-30 @ 22:30:31-Station:STA14;,19446,Fire: FIRE INVESTIGATION,2020-05-30 22:30:31,LANSDALE,RIDGE ST,1
40.2212266,-75.2887369,SUMNEYTOWN PIKE & RR OVERPASS;  UPPER GWYNEDD; Station 345B; 2018-06-12 @ 11:23:10;,,EMS: BACK PAINS/INJURY,2018-06-12 11:23:10,UPPER GWYNEDD,SUMNEYTOWN PIKE & RR OVERPASS,1
40.1086926,-75.1456492,EASTON RD & WELDON AVE;  ABINGTON; Station 383; 2018-11-01 @ 13:57:46;,19038,EMS: FALL VICTIM,2018-11-01 13:57:46,ABINGTON,EASTON RD & WELDON AVE,1
40.0855923,-75.3912204,GULPH RD & KIRK AVE;  UPPER MERION; Station 317; 2018-11-24 @ 16:49:31;,19406,EMS: SYNCOPAL EPISODE,2018-11-24 16:49:31,UPPER MERION,GULPH RD & KIRK AVE,1
40.1194490,-75.1926774,ORELAND MILL RD & WALNUT AVE;  SPRINGFIELD; Station 311; 2017-02-25 @ 20:40:08;,19075,EMS: BACK PAINS/INJURY,2017-02-25 20:40:08,SPRINGFIELD,ORELAND MILL RD & WALNUT AVE,1
40.1614701,-75.1301588,MARYLAND RD & COMMERCE AVE;  UPPER MORELAND; Station 384; 2016-11-09 @ 12:22:43;,19090,EMS: CARDIAC EMERGENCY,2016-11-09 12:22:43,UPPER MORELAND,MARYLAND RD & COMMERCE AVE,1
40.1429467,-75.1260892,PRESTON AVE & COLUMBIA AVE;  ABINGTON; Station 381; 2019-06-10 @ 12:25:55;,19090,EMS: ABDOMINAL PAINS,2019-06-10 12:25:55,ABINGTON,PRESTON AVE & COLUMBIA AVE,1
40.2440243,-75.6094326,HIGH ST & S SUNNYBROOK RD; LOWER POTTSGROVE; 2015-12-27 @ 12:07:33;,19464,Traffic: VEHICLE ACCIDENT -,2015-12-27 12:07:33,LOWER POTTSGROVE,HIGH ST & S SUNNYBROOK RD,1
40.1216723,-75.3319445,FORNANCE ST & ARCH ST; NORRISTOWN; 2016-06-12 @ 02:33:42-Station:STA27;,19401,Fire: S/B AT HELICOPTER LANDING,2016-06-12 02:33:42,NORRISTOWN,FORNANCE ST & ARCH ST,1
40.1614701,-75.1301588,COMMERCE AVE & MARYLAND RD;  UPPER MORELAND; Station 384; 2018-12-05 @ 08:57:24;,19090,EMS: BACK PAINS/INJURY,2018-12-05 08:57:24,UPPER MORELAND,COMMERCE AVE & MARYLAND RD,1
40.2629833,-75.3193739,FORTY FOOT RD & WELSH RD; TOWAMENCIN; 2017-11-20 @ 19:24:48;,19446,Traffic: DISABLED VEHICLE -,2017-11-20 19:24:48,TOWAMENCIN,FORTY FOOT RD & WELSH RD,1
40.1772723,-75.1061958,MORELAND AVE & S YORK RD;  HATBORO; Station 384; 2016-09-07 @ 12:28:49;,19040,EMS: SUBJECT IN PAIN,2016-09-07 12:28:49,HATBORO,MORELAND AVE & S YORK RD,1
40.2414920,-75.6450790,FRANKLIN ST & BRINGHURST ALY;  POTTSTOWN; Station 329; 2018-08-22 @ 14:38:19;,19464,EMS: UNKNOWN MEDICAL EMERGENCY,2018-08-22 14:38:19,POTTSTOWN,FRANKLIN ST & BRINGHURST ALY,1
40.3228259,-75.3243432,E RELIANCE RD & S MAIN ST; TELFORD; 2020-05-26 @ 21:24:13;,18969,Traffic: VEHICLE ACCIDENT -,2020-05-26 21:24:13,TELFORD,E RELIANCE RD & S MAIN ST,1
40.1163751,-75.1186489,HORACE AVE & BOCKIUS AVE;  ABINGTON; Station 381; 2016-06-03 @ 12:56:05;,19001,EMS: SUBJECT IN PAIN,2016-06-03 12:56:05,ABINGTON,HORACE AVE & BOCKIUS AVE,1
40.1268744,-75.3245380,ARCH ST & DARTMOUTH DR; NORRISTOWN; 2017-09-14 @ 17:31:17-Station:STA27;,19401,Fire: FIRE INVESTIGATION,2017-09-14 17:31:17,NORRISTOWN,ARCH ST & DARTMOUTH DR,1
40.1300883,-75.3355608,MARKLEY ST & W BROWN ST; NORRISTOWN; 2016-01-22 @ 18:26:44;,19401,Traffic: VEHICLE ACCIDENT -,2016-01-22 18:26:44,NORRISTOWN,MARKLEY ST & W BROWN ST,1
40.0654939,-75.1060225,TOOKANY CREEK PKWY & JENKINTOWN RD; CHELTENHAM; 2017-10-05 @ 15:01:16;,19012,Traffic: VEHICLE ACCIDENT -,2017-10-05 15:01:16,CHELTENHAM,TOOKANY CREEK PKWY & JENKINTOWN RD,1
40.0961719,-75.2961420,RIDGE PIKE & CHEMICAL RD; PLYMOUTH; 2019-10-15 @ 00:10:26;,19462,Traffic: VEHICLE ACCIDENT -,2019-10-15 00:10:26,PLYMOUTH,RIDGE PIKE & CHEMICAL RD,1
40.0045557,-75.2843574,LANCASTER AVE & CHATHAM RD; LOWER MERION; 2019-02-18 @ 08:37:03;,19003,Traffic: VEHICLE ACCIDENT -,2019-02-18 08:37:03,LOWER MERION,LANCASTER AVE & CHATHAM RD,1
40.1231771,-75.3337165,DEKALB ST & E FORNANCE ST; NORRISTOWN; 2017-04-19 @ 18:58:46;,19401,Traffic: VEHICLE ACCIDENT -,2017-04-19 18:58:46,NORRISTOWN,DEKALB ST & E FORNANCE ST,1
40.1838791,-75.4457638,RIDGE PIKE & GERMANTOWN PIKE; LOWER PROVIDENCE; 2020-02-22 @ 19:43:24-Station:STA53;,19426,Fire: GAS-ODOR/LEAK,2020-02-22 19:43:24,LOWER PROVIDENCE,RIDGE PIKE & GERMANTOWN PIKE,1
40.0901237,-75.1567096,GRIBBEL RD & W CHURCH RD; CHELTENHAM; 2017-03-16 @ 12:14:33-Station:STA1;,19095,Fire: FIRE ALARM,2017-03-16 12:14:33,CHELTENHAM,GRIBBEL RD & W CHURCH RD,1
40.0846764,-75.1689422,EASTON RD & GREENWOOD AVE; CHELTENHAM; 2019-05-08 @ 17:56:29;,19095,Traffic: VEHICLE ACCIDENT -,2019-05-08 17:56:29,CHELTENHAM,EASTON RD & GREENWOOD AVE,1
40.0973365,-75.3128801,INDUSTRIAL WAY & ACADEMY DR; PLYMOUTH; 2020-04-01 @ 14:46:29-Station:STA43;,19428,Fire: RESCUE - GENERAL,2020-04-01 14:46:29,PLYMOUTH,INDUSTRIAL WAY & ACADEMY DR,1
40.1417319,-75.3126075,GERMANTOWN PIKE & DEKALB PIKE; EAST NORRITON; 2017-07-13 @ 19:09:14;,19401,Traffic: VEHICLE ACCIDENT -,2017-07-13 19:09:14,EAST NORRITON,GERMANTOWN PIKE & DEKALB PIKE,1
40.0147752,-75.2318810,LEVERING MILL RD & ROLLING RD; LOWER MERION; 2017-04-19 @ 12:59:04;,19004,Traffic: VEHICLE ACCIDENT -,2017-04-19 12:59:04,LOWER MERION,LEVERING MILL RD & ROLLING RD,1
40.0889580,-75.4083470,GODDARD BLVD & N GULPH RD;  UPPER MERION; Station 317; 2019-03-02 @ 08:03:17;,19406,EMS: ALLERGIC REACTION,2019-03-02 08:03:17,UPPER MERION,GODDARD BLVD & N GULPH RD,1
40.0698321,-75.3162951,MATSONFORD RD & RAMP MATSONFORD RD TO I76 EB; WEST CONSHOHOCKEN; 2018-11-15 @ 18:34:34;,,Traffic: DISABLED VEHICLE -,2018-11-15 18:34:34,WEST CONSHOHOCKEN,MATSONFORD RD & RAMP MATSONFORD RD TO I76 EB,1
40.2449124,-75.6443631,HIGH ST & S FRANKLIN ST;  POTTSTOWN; Station 329; 2016-12-29 @ 16:37:42;,19464,EMS: RESPIRATORY EMERGENCY,2016-12-29 16:37:42,POTTSTOWN,HIGH ST & S FRANKLIN ST,1
40.2853417,-75.2857265,SCHOOL RD & CHESTNUT ST;  HATFIELD TOWNSHIP; Station 345; 2019-06-01 @ 10:20:44;,19440,EMS: TRANSFERRED CALL,2019-06-01 10:20:44,HATFIELD TOWNSHIP,SCHOOL RD & CHESTNUT ST,1
40.1879972,-75.4533287,MAIN ST & E 4TH AVE; COLLEGEVILLE; 2018-02-23 @ 17:48:57-Station:STA34;,19426,Fire: BUILDING FIRE,2018-02-23 17:48:57,COLLEGEVILLE,MAIN ST & E 4TH AVE,1
40.2718633,-75.5139963,GREBE RD & NEIFFER RD; LOWER FREDERICK; 2016-10-05 @ 05:22:15;,19473,Traffic: ROAD OBSTRUCTION -,2016-10-05 05:22:15,LOWER FREDERICK,GREBE RD & NEIFFER RD,1
40.9694305,-80.2160441,RAMP RT422 EB TO EVERGREEN RD;  LIMERICK; Station 324A; 2018-06-06 @ 15:53:23;,,EMS: VEHICLE ACCIDENT,2018-06-06 15:53:23,LIMERICK,RAMP RT422 EB TO EVERGREEN RD,1
40.2287408,-75.3536231,BUSTARD RD & MORRIS RD; TOWAMENCIN; 2017-04-11 @ 12:12:39;,19446,Traffic: VEHICLE ACCIDENT -,2017-04-11 12:12:39,TOWAMENCIN,BUSTARD RD & MORRIS RD,1
40.1334522,-75.3987504,WOODLAND AVE & S TROOPER RD;  LOWER PROVIDENCE; Station 322A; 2017-10-26 @ 09:55:00;,19403,EMS: FALL VICTIM,2017-10-26 09:55:00,LOWER PROVIDENCE,WOODLAND AVE & S TROOPER RD,1
40.1695156,-75.0686708,COUNTY LINE RD & SHOEMAKER RD; UPPER MORELAND; 2019-11-26 @ 17:01:02;,19006,Traffic: VEHICLE ACCIDENT -,2019-11-26 17:01:02,UPPER MORELAND,COUNTY LINE RD & SHOEMAKER RD,1
40.2950170,-75.3753167,HARLEYSVILLE PIKE & SCHOOLHOUSE RD; FRANCONIA; 2017-02-09 @ 16:45:37;,19438,Traffic: HAZARDOUS ROAD CONDITIONS -,2017-02-09 16:45:37,FRANCONIA,HARLEYSVILLE PIKE & SCHOOLHOUSE RD,1
40.0117673,-75.2946732,MONTGOMERY AVE & WOODSIDE RD;  LOWER MERION; Station 313; 2018-09-13 @ 21:28:36;,19041,EMS: CARDIAC EMERGENCY,2018-09-13 21:28:36,LOWER MERION,MONTGOMERY AVE & WOODSIDE RD,1
40.0054256,-75.2400436,MONTGOMERY AVE & BANGOR RD; LOWER MERION; 2016-10-28 @ 05:08:32-Station:STA28;,19004,Fire: FIRE ALARM,2016-10-28 05:08:32,LOWER MERION,MONTGOMERY AVE & BANGOR RD,1
40.4306131,-75.5427618,GRAVEL PIKE & MAIN ST;  UPPER HANOVER; Station 369; 2018-06-16 @ 17:03:02;,18070,EMS: UNKNOWN MEDICAL EMERGENCY,2018-06-16 17:03:02,UPPER HANOVER,GRAVEL PIKE & MAIN ST,1
40.0150750,-75.2481160,HAMILTON RD; LOWER MERION; 2019-01-02 @ 08:06:48-Station:STA28;,19066,Fire: BUILDING FIRE,2019-01-02 08:06:48,LOWER MERION,HAMILTON RD,1
40.1449325,-75.1164956,PARK AVE & EASTON RD; UPPER MORELAND; 2018-11-20 @ 13:13:40;,19090,Traffic: VEHICLE ACCIDENT -,2018-11-20 13:13:40,UPPER MORELAND,PARK AVE & EASTON RD,1
40.1051084,-75.3451838,DEPOT ST & STATE ALY;  BRIDGEPORT; Station 317; 2019-05-01 @ 12:23:02;,,EMS: UNCONSCIOUS SUBJECT,2019-05-01 12:23:02,BRIDGEPORT,DEPOT ST & STATE ALY,1
40.1040341,-75.1849186,CHURCH RD & HEATHER RD; SPRINGFIELD; 2019-06-12 @ 12:22:03;,19075,Traffic: DISABLED VEHICLE -,2019-06-12 12:22:03,SPRINGFIELD,CHURCH RD & HEATHER RD,1
40.4002408,-74.9789211,RIVER RD ; ABINGTON; 2020-07-16 @ 17:04:42;,,Traffic: HAZARDOUS ROAD CONDITIONS -,2020-07-16 17:04:42,ABINGTON,RIVER RD,1
40.1907170,-75.5365771,CHESTNUT ST & N 7TH AVE; ROYERSFORD; 2017-06-06 @ 17:06:23;,19468,Traffic: ROAD OBSTRUCTION -,2017-06-06 17:06:23,ROYERSFORD,CHESTNUT ST & N 7TH AVE,1
40.0800584,-75.2962461,HALLOWELL ST & UNNAMED ALY; CONSHOHOCKEN; 2019-07-02 @ 18:10:11-Station:STA35;,19428,Fire: FIRE ALARM,2019-07-02 18:10:11,CONSHOHOCKEN,HALLOWELL ST & UNNAMED ALY,1
40.1600068,-77.6868167,PENNSYLVANIA TPKE & RAMP I276 WB TO I476; WHITEMARSH; 2020-02-09 @ 23:21:53;,,Traffic: VEHICLE ACCIDENT -,2020-02-09 23:21:53,WHITEMARSH,PENNSYLVANIA TPKE & RAMP I276 WB TO I476,1
40.1957242,-75.5453867,SHANNON WAY & N 7TH AVE; LIMERICK; 2019-05-19 @ 14:20:02;,19468,Traffic: HAZARDOUS ROAD CONDITIONS -,2019-05-19 14:20:02,LIMERICK,SHANNON WAY & N 7TH AVE,1
40.2451398,-75.2545567,THOMAS RD & SUNSET DR;  MONTGOMERY; Station 345; 2018-12-25 @ 13:15:36;,19446,EMS: MEDICAL ALERT ALARM,2018-12-25 13:15:36,MONTGOMERY,THOMAS RD & SUNSET DR,1
40.0335780,-75.2670955,SCHUYLKILL EXPY & CONSHOHOCKEN STATE UNDERPASS; LOWER MERION; 2018-06-11 @ 01:30:22-Station:STA22;,,Fire: RESCUE - WATER,2018-06-11 01:30:22,LOWER MERION,SCHUYLKILL EXPY & CONSHOHOCKEN STATE UNDERPASS,1
40.1102850,-75.3200756,JEFFERSON ST & FAIRFIELD RD; PLYMOUTH; 2016-11-03 @ 11:36:48-Station:STA43;,19462,Fire: GAS-ODOR/LEAK,2016-11-03 11:36:48,PLYMOUTH,JEFFERSON ST & FAIRFIELD RD,1
40.3077958,-75.2998221,N COUNTY LINE RD; SOUDERTON; 2019-04-16 @ 11:35:58-Station:STA74;,18964,Fire: VEHICLE ACCIDENT,2019-04-16 11:35:58,SOUDERTON,N COUNTY LINE RD,1
40.1283947,-75.2819582,WALTON RD & APOLLO RD; PLYMOUTH; 2019-11-28 @ 06:13:50;,19462,Traffic: VEHICLE ACCIDENT -,2019-11-28 06:13:50,PLYMOUTH,WALTON RD & APOLLO RD,1
40.3038740,-75.5930965,SWAMP PIKE & DOTTERER RD;  NEW HANOVER; Station 332; 2017-12-04 @ 12:51:15;,19525,EMS: DIZZINESS,2017-12-04 12:51:15,NEW HANOVER,SWAMP PIKE & DOTTERER RD,1
40.0050917,-75.2183892,RAMP CITY AVE WB TO I76  & E CITY AVE; LOWER MERION; 2016-01-27 @ 00:06:25-Station:STA22;,,Fire: VEHICLE ACCIDENT,2016-01-27 00:06:25,LOWER MERION,RAMP CITY AVE WB TO I76  & E CITY AVE,1
39.9825340,-75.2711108,HAVERFORD RD & DORSET LN; LOWER MERION; 2017-08-19 @ 08:21:53-Station:STA21;,19096,Fire: FIRE INVESTIGATION,2017-08-19 08:21:53,LOWER MERION,HAVERFORD RD & DORSET LN,1
39.9972100,-75.2355480,CITY AVE & OLD LANCASTER RD; LOWER MERION; 2017-02-17 @ 12:20:48;,19066,Traffic: VEHICLE ACCIDENT -,2017-02-17 12:20:48,LOWER MERION,CITY AVE & OLD LANCASTER RD,1
40.0812601,-75.1370254,LIMEKILN PIKE & RT309 EXPY SB;  CHELTENHAM; Station 358A; 2020-05-13 @ 11:18:36;,,EMS: HEMORRHAGING,2020-05-13 11:18:36,CHELTENHAM,LIMEKILN PIKE & RT309 EXPY SB,1
40.2993570,-75.2856830,BETHLEHEM PIKE & CHURCH RD; HATFIELD TOWNSHIP; 2016-05-14 @ 05:12:57-Station:STA17;,19440,Fire: VEHICLE ACCIDENT,2016-05-14 05:12:57,HATFIELD TOWNSHIP,BETHLEHEM PIKE & CHURCH RD,1
40.1695156,-75.0686708,COUNTY LINE RD & SHOEMAKER RD;  UPPER MORELAND; Station 384; 2018-06-15 @ 16:50:14;,19006,EMS: VEHICLE ACCIDENT,2018-06-15 16:50:14,UPPER MORELAND,COUNTY LINE RD & SHOEMAKER RD,1
39.9914550,-75.2823880,HAVERFORD RD & MEDFORD RD; LOWER MERION; 2018-03-08 @ 10:51:22;,19096,Traffic: ROAD OBSTRUCTION -,2018-03-08 10:51:22,LOWER MERION,HAVERFORD RD & MEDFORD RD,1
40.0241857,-75.2843360,OLD GULPH RD & MILL CREEK RD; LOWER MERION; 2016-04-20 @ 15:35:07;,19035,Traffic: DISABLED VEHICLE -,2016-04-20 15:35:07,LOWER MERION,OLD GULPH RD & MILL CREEK RD,1
40.2394356,-75.2362381,VICTORIA DR & DEAD END; MONTGOMERY; 2016-02-19 @ 17:19:43-Station:STA18;,,Fire: FIRE ALARM,2016-02-19 17:19:43,MONTGOMERY,VICTORIA DR & DEAD END,1
40.0931406,-75.3677644,DEKALB PIKE & TOWN CENTER RD; UPPER MERION; 2016-09-21 @ 14:48:59-Station:STA47;,19406,Fire: FIRE ALARM,2016-09-21 14:48:59,UPPER MERION,DEKALB PIKE & TOWN CENTER RD,1
40.2797430,-75.2770721,BETHLEHEM PIKE & RR CROSSING; HATFIELD TOWNSHIP; 2019-08-25 @ 17:17:55-Station:STA12;,,Fire: FIRE ALARM,2019-08-25 17:17:55,HATFIELD TOWNSHIP,BETHLEHEM PIKE & RR CROSSING,1
40.3496879,-75.3813084,ALLENTOWN RD & RIDGE RD; SALFORD; 2016-03-06 @ 13:54:04-Station:STA72;,18969,Fire: VEHICLE ACCIDENT,2016-03-06 13:54:04,SALFORD,ALLENTOWN RD & RIDGE RD,1
40.2725380,-75.6416111,FARMINGTON AVE & STEINMETZ RD;  UPPER POTTSGROVE; Station 329B; 2017-08-30 @ 10:42:45;,19464,EMS: UNCONSCIOUS SUBJECT,2017-08-30 10:42:45,UPPER POTTSGROVE,FARMINGTON AVE & STEINMETZ RD,1
40.0119415,-75.3634689,DRAKES DRUM LN & CLYDE RD; DELAWARE COUNTY; 2019-05-21 @ 08:48:35-Station:STA23;,19010,Fire: FIRE ALARM,2019-05-21 08:48:35,DELAWARE COUNTY,DRAKES DRUM LN & CLYDE RD,1
40.0972222,-75.3761952,RT422 EB & W VALLEY FORGE RD OVERPASS; UPPER MERION; 2016-03-08 @ 18:08:31;,,Traffic: VEHICLE ACCIDENT -,2016-03-08 18:08:31,UPPER MERION,RT422 EB & W VALLEY FORGE RD OVERPASS,1
40.0709580,-75.1265130,MONTGOMERY AVE & HARRISON AVE;  CHELTENHAM; Station 358; 2020-03-17 @ 17:20:29;,19027,EMS: FEVER,2020-03-17 17:20:29,CHELTENHAM,MONTGOMERY AVE & HARRISON AVE,1
40.1379912,-75.1203081,DAVISVILLE RD & EASTON RD; ABINGTON; 2019-02-20 @ 09:34:23-Station:STA500;,19090,Fire: FIRE ALARM,2019-02-20 09:34:23,ABINGTON,DAVISVILLE RD & EASTON RD,1
40.3158253,-75.5797925,BIG RD; NEW HANOVER; 2019-11-24 @ 18:01:23-Station:STA37;,,Fire: VEHICLE ACCIDENT,2019-11-24 18:01:23,NEW HANOVER,BIG RD,1
40.1405049,-75.3108737,HANNAH AVE & E GERMANTOWN PIKE;  EAST NORRITON; Station 308; 2020-03-04 @ 12:36:16;,19401,EMS: CARDIAC EMERGENCY,2020-03-04 12:36:16,EAST NORRITON,HANNAH AVE & E GERMANTOWN PIKE,1
40.0797610,-75.2561115,CHERRYDALE DR & HARTS LN;  WHITEMARSH; Station 318; 2017-10-09 @ 14:11:58;,19444,EMS: SYNCOPAL EPISODE,2017-10-09 14:11:58,WHITEMARSH,CHERRYDALE DR & HARTS LN,1
40.2309343,-75.5221245,RT422  & AIRPORT RD OVERPASS; LIMERICK; 2017-04-11 @ 03:27:49;,19468,Traffic: DISABLED VEHICLE -,2017-04-11 03:27:49,LIMERICK,RT422  & AIRPORT RD OVERPASS,1
40.1346357,-75.2135784,BETHLEHEM PIKE & LAFAYETTE AVE CONNECTOR; WHITEMARSH; 2017-08-26 @ 08:14:46;,19034,Traffic: VEHICLE ACCIDENT -,2017-08-26 08:14:46,WHITEMARSH,BETHLEHEM PIKE & LAFAYETTE AVE CONNECTOR,1
40.0826233,-75.0914373,HUNTINGDON PIKE & N CENTRAL AVE; ROCKLEDGE; 2017-02-27 @ 10:59:35-Station:STA9;,19046,Fire: FIRE ALARM,2017-02-27 10:59:35,ROCKLEDGE,HUNTINGDON PIKE & N CENTRAL AVE,1
39.9985490,-75.2321500,CITY AVE & N 51ST ST; LOWER MERION; 2017-06-09 @ 18:59:22;,19004,Traffic: VEHICLE ACCIDENT -,2017-06-09 18:59:22,LOWER MERION,CITY AVE & N 51ST ST,1
40.1837600,-75.1153120,BLAIR MILL RD & ROBIN RD;  HORSHAM; Station 352; 2017-04-26 @ 14:41:45;,19040,EMS: NAUSEA/VOMITING,2017-04-26 14:41:45,HORSHAM,BLAIR MILL RD & ROBIN RD,1
40.2393796,-75.6504280,MAIN ST & S PENN ST;  CHESTER COUNTY; Station 3A84; 2018-07-28 @ 16:34:27;,19465,EMS: GENERAL WEAKNESS,2018-07-28 16:34:27,CHESTER COUNTY,MAIN ST & S PENN ST,1
40.2824688,-75.3921634,MAIN ST & HARLEYSVILLE PIKE; LOWER SALFORD; 2016-06-02 @ 12:51:52;,19438,Traffic: DISABLED VEHICLE -,2016-06-02 12:51:52,LOWER SALFORD,MAIN ST & HARLEYSVILLE PIKE,1
40.1452231,-75.3186843,SWEDE RD & W GERMANTOWN PIKE; EAST NORRITON; 2016-07-06 @ 15:03:31-Station:STA61;,19401,Fire: FIRE ALARM,2016-07-06 15:03:31,EAST NORRITON,SWEDE RD & W GERMANTOWN PIKE,1
40.2168000,-75.5530455,ENTERPRISE DR & S REED RD; LIMERICK; 2019-02-28 @ 17:53:06;,19468,Traffic: HAZARDOUS ROAD CONDITIONS -,2019-02-28 17:53:06,LIMERICK,ENTERPRISE DR & S REED RD,1
40.1223374,-75.1356014,SUSQUEHANNA RD & BRADFIELD RD; ABINGTON; 2017-09-13 @ 17:29:52;,19001,Traffic: VEHICLE ACCIDENT -,2017-09-13 17:29:52,ABINGTON,SUSQUEHANNA RD & BRADFIELD RD,1
40.1602456,-75.0633171,HEATON RD; LOWER MORELAND; 2019-08-20 @ 18:38:48-Station:STA8;,19006,Fire: ELECTRICAL FIRE OUTSIDE,2019-08-20 18:38:48,LOWER MORELAND,HEATON RD,1
40.1566454,-75.2266401,MAIN  ; WHITEMARSH; 2019-04-11 @ 12:50:57;,19002,Traffic: ROAD OBSTRUCTION -,2019-04-11 12:50:57,WHITEMARSH,MAIN,1
40.1210088,-75.3506007,MARSHALL ST & KOHN ST; NORRISTOWN; 2020-05-15 @ 09:30:37-Station:STA27;,19401,Fire: FIRE ALARM,2020-05-15 09:30:37,NORRISTOWN,MARSHALL ST & KOHN ST,1
40.3056201,-75.3332244,KINGSFIELD DR & SURREY DR; FRANCONIA; 2020-05-01 @ 01:02:27-Station:STA74;,18964,Fire: FIRE ALARM,2020-05-01 01:02:27,FRANCONIA,KINGSFIELD DR & SURREY DR,1
40.1992650,-75.1964866,HARROGATE WAY & HENLEY CT;  HORSHAM; Station 352; 2016-01-12 @ 07:26:45;,19002,EMS: SEIZURES,2016-01-12 07:26:45,HORSHAM,HARROGATE WAY & HENLEY CT,1
40.1166841,-75.3356813,SMITH ST & E OAK ST;  NORRISTOWN; Station 308A; 2020-03-14 @ 20:29:36;,19401,EMS: RESPIRATORY EMERGENCY,2020-03-14 20:29:36,NORRISTOWN,SMITH ST & E OAK ST,1
40.0832460,-75.1276890,OLD YORK RD & MEETINGHOUSE RD; CHELTENHAM; 2018-09-14 @ 08:34:55-Station:STA5;,19027,Fire: FIRE ALARM,2018-09-14 08:34:55,CHELTENHAM,OLD YORK RD & MEETINGHOUSE RD,1
40.2290075,-75.3878525,RAMP RT100 SB TO RT422  & RT100 SB; CHESTER COUNTY; 2020-06-20 @ 07:02:55;,,Traffic: VEHICLE ACCIDENT -,2020-06-20 07:02:55,CHESTER COUNTY,RAMP RT100 SB TO RT422  & RT100 SB,1
40.2363181,-75.3351532,IVYWOOD WAY & CANTERBURY DR; TOWAMENCIN; 2018-03-02 @ 16:43:43;,19446,Traffic: DISABLED VEHICLE -,2018-03-02 16:43:43,TOWAMENCIN,IVYWOOD WAY & CANTERBURY DR,1
40.1857271,-75.1219995,MILTON AVE & CEDAR AVE;  HORSHAM; Station 352; 2020-05-16 @ 14:11:31;,19044,EMS: CARDIAC EMERGENCY,2020-05-16 14:11:31,HORSHAM,MILTON AVE & CEDAR AVE,1
40.1370469,-75.3171588,DEKALB PIKE & COLONIAL DR;  EAST NORRITON; Station 308; 2018-03-14 @ 14:52:15;,19401,EMS: RESPIRATORY EMERGENCY,2018-03-14 14:52:15,EAST NORRITON,DEKALB PIKE & COLONIAL DR,1
40.3602480,-75.4751353,CAMPBELL RD & BUCK RD;  MARLBOROUGH; Station 344A; 2018-07-10 @ 14:01:19;,18054,EMS: SUBJECT IN PAIN,2018-07-10 14:01:19,MARLBOROUGH,CAMPBELL RD & BUCK RD,1
40.0206364,-75.3165789,ELLIOTT AVE & W LANCASTER AVE; LOWER MERION; 2017-06-23 @ 08:31:50;,19010,Traffic: VEHICLE ACCIDENT -,2017-06-23 08:31:50,LOWER MERION,ELLIOTT AVE & W LANCASTER AVE,1
40.0859891,-75.1463175,CHURCH RD & BENT RD;  CHELTENHAM; Station 358A; 2016-10-08 @ 05:54:44;,19095,EMS: CARDIAC EMERGENCY,2016-10-08 05:54:44,CHELTENHAM,CHURCH RD & BENT RD,1
40.2491501,-75.3539688,OLD FORTY FOOT RD & CAMELOT WAY; TOWAMENCIN; 2015-12-27 @ 13:01:52;,19438,Traffic: VEHICLE ACCIDENT -,2015-12-27 13:01:52,TOWAMENCIN,OLD FORTY FOOT RD & CAMELOT WAY,1
40.1207146,-75.0571312,PHILMONT AVE & RED LION RD; LOWER MORELAND; 2020-01-16 @ 15:45:40;,19006,Traffic: VEHICLE ACCIDENT -,2020-01-16 15:45:40,LOWER MORELAND,PHILMONT AVE & RED LION RD,1
40.2509971,-75.3333998,FORTY FOOT RD & DETWILER RD; TOWAMENCIN; 2017-06-13 @ 15:19:37;,19446,Traffic: DISABLED VEHICLE -,2017-06-13 15:19:37,TOWAMENCIN,FORTY FOOT RD & DETWILER RD,1
40.2309343,-75.5221245,RT422 EB & COUNTRY CLUB RD OVERPASS; LIMERICK; 2017-06-30 @ 08:24:46;,19468,Traffic: VEHICLE ACCIDENT -,2017-06-30 08:24:46,LIMERICK,RT422 EB & COUNTRY CLUB RD OVERPASS,1
40.1305332,-75.4049379,EGYPT RD & WEDGEWOOD WAY; LOWER PROVIDENCE; 2016-12-06 @ 16:27:06;,19403,Traffic: VEHICLE ACCIDENT -,2016-12-06 16:27:06,LOWER PROVIDENCE,EGYPT RD & WEDGEWOOD WAY,1
40.1207039,-75.3388926,WILLOW ST & SCOTT ALY; NORRISTOWN; 2016-09-30 @ 08:41:37-Station:STA27;,19401,Fire: FIRE ALARM,2016-09-30 08:41:37,NORRISTOWN,WILLOW ST & SCOTT ALY,1
40.4245196,-75.5263773,GRAVEL PIKE & ZIEGLER RD; UPPER HANOVER; 2017-10-17 @ 12:19:55;,18070,Traffic: VEHICLE ACCIDENT -,2017-10-17 12:19:55,UPPER HANOVER,GRAVEL PIKE & ZIEGLER RD,1
39.9981327,-75.2501038,MERION RD & CIVIC CIR;  LOWER MERION; Station 313; 2017-09-27 @ 06:28:04;,19066,EMS: SUBJECT IN PAIN,2017-09-27 06:28:04,LOWER MERION,MERION RD & CIVIC CIR,1
40.3117286,-75.3208451,2ND ST & E CHESTNUT ST;  SOUDERTON; Station 339; 2016-01-17 @ 09:13:37;,18964,EMS: ALTERED MENTAL STATUS,2016-01-17 09:13:37,SOUDERTON,2ND ST & E CHESTNUT ST,1
40.2463302,-75.6393343,CHESTNUT ST & N WARREN ST;  POTTSTOWN; Station 329; 2019-04-18 @ 15:33:04;,19464,EMS: HEAD INJURY,2019-04-18 15:33:04,POTTSTOWN,CHESTNUT ST & N WARREN ST,1
40.1330371,-75.4084631,SHANNONDELL DR & SHANNONDELL BLVD;  LOWER PROVIDENCE; Station 322A; 2020-07-16 @ 08:05:58;,19403,EMS: RESPIRATORY EMERGENCY,2020-07-16 08:05:58,LOWER PROVIDENCE,SHANNONDELL DR & SHANNONDELL BLVD,1
40.0131190,-75.3015970,HAVERFORD STATION RD & W LANCASTER AVE; LOWER MERION; 2016-05-09 @ 12:21:42;,19041,Traffic: VEHICLE ACCIDENT -,2016-05-09 12:21:42,LOWER MERION,HAVERFORD STATION RD & W LANCASTER AVE,1
40.2598808,-75.6064751,BUCHERT RD;  LOWER POTTSGROVE; Station 329; 2016-09-05 @ 11:55:54;,19464,EMS: VEHICLE ACCIDENT,2016-09-05 11:55:54,LOWER POTTSGROVE,BUCHERT RD,1
40.1351666,-75.1349728,LINDBERGH AVE & PATANE AVE;  ABINGTON; Station 381; 2020-07-02 @ 12:40:25;,19001,EMS: ALTERED MENTAL STATUS,2020-07-02 12:40:25,ABINGTON,LINDBERGH AVE & PATANE AVE,1
40.2797430,-75.2770721,SCHOOL RD & FAIRMOUNT ST;  HATFIELD TOWNSHIP; Station 345; 2018-07-18 @ 16:35:23;,,EMS: CARDIAC EMERGENCY,2018-07-18 16:35:23,HATFIELD TOWNSHIP,SCHOOL RD & FAIRMOUNT ST,1
40.2936156,-75.5152057,BIG RD & FREDERICK DR;  UPPER FREDERICK; Station 308C; 2019-03-04 @ 13:09:30;,19492,EMS: SEIZURES,2019-03-04 13:09:30,UPPER FREDERICK,BIG RD & FREDERICK DR,1
39.9982150,-75.2712900,WYNNEWOOD RD & LANCASTER AVE; LOWER MERION; 2019-06-29 @ 22:49:14-Station:STA25;,19096,Fire: ELEVATOR EMERGENCY,2019-06-29 22:49:14,LOWER MERION,WYNNEWOOD RD & LANCASTER AVE,1
40.2332590,-75.2695950,MAIN ST & GREENWOOD RD;  LANSDALE; Station 345; 2019-10-15 @ 10:01:56;,19446,EMS: GENERAL WEAKNESS,2019-10-15 10:01:56,LANSDALE,MAIN ST & GREENWOOD RD,1
40.2586444,-75.2651996,COWPATH RD & N BROAD ST; HATFIELD TOWNSHIP; 2019-05-06 @ 17:03:59;,19446,Traffic: VEHICLE ACCIDENT -,2019-05-06 17:03:59,HATFIELD TOWNSHIP,COWPATH RD & N BROAD ST,1
40.0754213,-75.2931412,SPRING MILL AVE & E 8TH AVE;  CONSHOHOCKEN; Station 313A; 2020-06-27 @ 18:37:37;,19428,EMS: UNCONSCIOUS SUBJECT,2020-06-27 18:37:37,CONSHOHOCKEN,SPRING MILL AVE & E 8TH AVE,1
40.2290075,-75.3878525,RT422 BYP WB & RT100 UNDERPASS; CHESTER COUNTY; 2017-03-27 @ 08:12:49;,,Traffic: DISABLED VEHICLE -,2017-03-27 08:12:49,CHESTER COUNTY,RT422 BYP WB & RT100 UNDERPASS,1
40.3053703,-75.3049018,BRIGHTON PL & DEERFIELD DR;  FRANCONIA; Station 339; 2018-01-18 @ 08:56:06;,18964,EMS: CARDIAC EMERGENCY,2018-01-18 08:56:06,FRANCONIA,BRIGHTON PL & DEERFIELD DR,1
40.1339977,-75.4494634,EGYPT RD & BLACK ROCK RD; UPPER PROVIDENCE; 2017-09-27 @ 16:31:54;,19426,Traffic: DISABLED VEHICLE -,2017-09-27 16:31:54,UPPER PROVIDENCE,EGYPT RD & BLACK ROCK RD,1
40.2697532,-75.3794836,MAIN ST & OAK DR; LOWER SALFORD; 2017-12-08 @ 03:43:05;,19438,Traffic: VEHICLE ACCIDENT -,2017-12-08 03:43:05,LOWER SALFORD,MAIN ST & OAK DR,1
40.2428238,-75.2824703,N BROAD ST & E 3RD ST; LANSDALE; 2018-06-15 @ 14:23:21;,19446,Traffic: VEHICLE ACCIDENT -,2018-06-15 14:23:21,LANSDALE,N BROAD ST & E 3RD ST,1
40.2580614,-75.2646799,WHITEMARSH LN & BRIAR PATH;  HATFIELD TOWNSHIP; Station 345; 2016-10-29 @ 21:49:04;,19446,EMS: CARDIAC EMERGENCY,2016-10-29 21:49:04,HATFIELD TOWNSHIP,WHITEMARSH LN & BRIAR PATH,1
40.1357890,-75.3312000,SWEDE RD & HANCOCK AVE; EAST NORRITON; 2015-12-23 @ 15:39:31;,19401,Traffic: VEHICLE ACCIDENT -,2015-12-23 15:39:31,EAST NORRITON,SWEDE RD & HANCOCK AVE,1
40.0909145,-75.2070697,PAPER MILL RD & SKYLINE DR;  SPRINGFIELD; Station 351A; 2020-03-18 @ 21:35:03;,19038,EMS: ALTERED MENTAL STATUS,2020-03-18 21:35:03,SPRINGFIELD,PAPER MILL RD & SKYLINE DR,1
40.3133447,-75.5999134,ELM ST & W SPRUCE ST;  DOUGLASS; Station 332; 2016-01-12 @ 10:44:41;,19525,EMS: CARDIAC EMERGENCY,2016-01-12 10:44:41,DOUGLASS,ELM ST & W SPRUCE ST,1
40.1016118,-75.1940266,PAPER MILL RD & RAMP RT309 NB TO PAPER MILL RD; SPRINGFIELD; 2016-07-06 @ 10:13:31-Station:STA6;,,Fire: FIRE ALARM,2016-07-06 10:13:31,SPRINGFIELD,PAPER MILL RD & RAMP RT309 NB TO PAPER MILL RD,1
40.0812601,-75.1370254,WOODLAND AVE & DEAD END; CHELTENHAM; 2016-05-27 @ 21:58:24;,19012,Traffic: DISABLED VEHICLE -,2016-05-27 21:58:24,CHELTENHAM,WOODLAND AVE & DEAD END,1
40.2456734,-75.2796667,BROAD ST & E 6TH ST;  LANSDALE; Station 345; 2018-07-07 @ 16:24:48;,19446,EMS: HEMORRHAGING,2018-07-07 16:24:48,LANSDALE,BROAD ST & E 6TH ST,1
40.1198332,-75.1253492,WINGATE RD & DEAD END; ABINGTON; 2017-06-21 @ 17:15:00-Station:STA200;,,Fire: WOODS/FIELD FIRE,2017-06-21 17:15:00,ABINGTON,WINGATE RD & DEAD END,1
40.1184098,-75.3563498,LAFAYETTE ST & ROBERTS ALY;  NORRISTOWN; Station 308A; 2016-09-28 @ 14:09:27;,19401,EMS: SUBJECT IN PAIN,2016-09-28 14:09:27,NORRISTOWN,LAFAYETTE ST & ROBERTS ALY,1
40.2351976,-75.2399580,UPPER STATE RD & BETHLEHEM PIKE; MONTGOMERY; 2018-06-24 @ 13:40:34;,19454,Traffic: VEHICLE ACCIDENT -,2018-06-24 13:40:34,MONTGOMERY,UPPER STATE RD & BETHLEHEM PIKE,1
40.2299058,-75.4847898,S TOWNSHIP LINE RD & RAMP RT422 WB TO TOWNSHIP LINE RD; LIMERICK; 2020-05-22 @ 16:40:20;,,Traffic: VEHICLE ACCIDENT -,2020-05-22 16:40:20,LIMERICK,S TOWNSHIP LINE RD & RAMP RT422 WB TO TOWNSHIP LINE RD,1
40.2852276,-75.6406174,MAUGERS MILL RD & GILBERTSVILLE RD;  UPPER POTTSGROVE; Station 329; 2016-10-26 @ 08:52:15;,19464,EMS: CARDIAC EMERGENCY,2016-10-26 08:52:15,UPPER POTTSGROVE,MAUGERS MILL RD & GILBERTSVILLE RD,1
40.2041590,-75.1723943,HORSHAM RD & CAREDEAN DR;  HORSHAM; Station 352; 2017-07-09 @ 16:38:24;,19044,EMS: DEHYDRATION,2017-07-09 16:38:24,HORSHAM,HORSHAM RD & CAREDEAN DR,1
40.3209665,-75.6113493,PHILADELPHIA AVE & WILSON AVE;  DOUGLASS; Station 332; 2017-03-29 @ 17:26:46;,19525,EMS: LACERATIONS,2017-03-29 17:26:46,DOUGLASS,PHILADELPHIA AVE & WILSON AVE,1
40.0730140,-75.1316260,OLD YORK RD & SPRING AVE; CHELTENHAM; 2017-07-12 @ 10:16:44;,19027,Traffic: DISABLED VEHICLE -,2017-07-12 10:16:44,CHELTENHAM,OLD YORK RD & SPRING AVE,1
40.1812633,-75.1960297,WALDHEIM DR & CLINTON DR;  UPPER DUBLIN; Station 351; 2017-05-18 @ 07:13:03;,19002,EMS: SUBJECT IN PAIN,2017-05-18 07:13:03,UPPER DUBLIN,WALDHEIM DR & CLINTON DR,1
40.2435820,-75.2817220,E 4TH ST & N BROAD ST; LANSDALE; 2016-08-05 @ 07:48:52;,19446,Traffic: VEHICLE ACCIDENT -,2016-08-05 07:48:52,LANSDALE,E 4TH ST & N BROAD ST,1
40.0972222,-75.3761952,GULPH RD & WEADLEYTOWN RD;  UPPER MERION; Station 317; 2018-07-26 @ 17:45:12;,,EMS: CARDIAC ARREST,2018-07-26 17:45:12,UPPER MERION,GULPH RD & WEADLEYTOWN RD,1
40.0063942,-75.2323613,MONTGOMERY AVE & BALA AVE; LOWER MERION; 2019-04-28 @ 07:09:15-Station:STA28;,19004,Fire: GAS-ODOR/LEAK,2019-04-28 07:09:15,LOWER MERION,MONTGOMERY AVE & BALA AVE,1
40.0735396,-75.2432901,RIDGE PIKE & NORTHWESTERN AVE;  SPRINGFIELD; Station 318; 2019-10-27 @ 06:28:53;,19128,EMS: RESPIRATORY EMERGENCY,2019-10-27 06:28:53,SPRINGFIELD,RIDGE PIKE & NORTHWESTERN AVE,1
40.1164405,-75.1663574,NORTH HILLS AVE & LIMEKILN PIKE;  ABINGTON; Station 383; 2017-10-28 @ 20:23:45;,19038,EMS: GENERAL WEAKNESS,2017-10-28 20:23:45,ABINGTON,NORTH HILLS AVE & LIMEKILN PIKE,1
40.0878981,-75.2629699,RIDGE PIKE & OAKWYN RD; WHITEMARSH; 2019-11-27 @ 18:34:16-Station:STA29;,19444,Fire: CARDIAC ARREST,2019-11-27 18:34:16,WHITEMARSH,RIDGE PIKE & OAKWYN RD,1
40.2726351,-75.2545215,WALNUT ST & DISCOVERY DR; HATFIELD TOWNSHIP; 2017-10-30 @ 21:30:42-Station:STA12;,18915,Fire: FIRE ALARM,2017-10-30 21:30:42,HATFIELD TOWNSHIP,WALNUT ST & DISCOVERY DR,1
40.3097107,-75.5101999,DOGWOOD CT & DEAD END;  UPPER FREDERICK; Station 308C; 2018-07-25 @ 15:50:32;,,EMS: FALL VICTIM,2018-07-25 15:50:32,UPPER FREDERICK,DOGWOOD CT & DEAD END,1
40.1233907,-75.3369417,POWELL ST & E WOOD ST; NORRISTOWN; 2020-05-14 @ 10:43:06;,19401,Traffic: VEHICLE ACCIDENT -,2020-05-14 10:43:06,NORRISTOWN,POWELL ST & E WOOD ST,1
40.0781609,-75.3605701,MURRAY DR & LEWIS RD;  UPPER MERION; Station 356; 2020-05-13 @ 09:50:05;,19406,EMS: UNRESPONSIVE SUBJECT,2020-05-13 09:50:05,UPPER MERION,MURRAY DR & LEWIS RD,1
40.1422501,-75.2887532,LAKEVIEW DR & UNION MEETING RD;  WHITPAIN; Station 385; 2016-03-14 @ 09:12:19;,19422,EMS: MATERNITY,2016-03-14 09:12:19,WHITPAIN,LAKEVIEW DR & UNION MEETING RD,1
40.2309343,-75.5221245,LIGHTCAP RD & SANATOGA SPRINGS DR;  LIMERICK; Station 324A; 2017-02-18 @ 13:53:57;,19468,EMS: SYNCOPAL EPISODE,2017-02-18 13:53:57,LIMERICK,LIGHTCAP RD & SANATOGA SPRINGS DR,1
40.0547077,-75.1248715,OAK LANE RD & CHELTENHAM AVE; CHELTENHAM; 2020-01-30 @ 13:10:21;,19027,Traffic: VEHICLE ACCIDENT -,2020-01-30 13:10:21,CHELTENHAM,OAK LANE RD & CHELTENHAM AVE,1
40.1600540,-75.1233160,EASTON RD & WYANDOTTE RD; UPPER MORELAND; 2020-01-12 @ 14:58:47;,19090,Traffic: ROAD OBSTRUCTION -,2020-01-12 14:58:47,UPPER MORELAND,EASTON RD & WYANDOTTE RD,1
40.1214970,-75.3399048,LAFAYETTE ST & DEAD END; NORRISTOWN; 2020-07-28 @ 09:58:59;,,Traffic: VEHICLE ACCIDENT -,2020-07-28 09:58:59,NORRISTOWN,LAFAYETTE ST & DEAD END,1
40.2358106,-75.6248657,INDUSTRIAL HWY & MOSER RD; LOWER POTTSGROVE; 2016-10-14 @ 07:31:23;,19464,Traffic: DISABLED VEHICLE -,2016-10-14 07:31:23,LOWER POTTSGROVE,INDUSTRIAL HWY & MOSER RD,1
40.2720347,-75.5913905,BLEIM RD;  LOWER POTTSGROVE; Station 329B; 2019-03-05 @ 23:52:41;,19464,EMS: VEHICLE ACCIDENT,2019-03-05 23:52:41,LOWER POTTSGROVE,BLEIM RD,1
40.1600358,-75.2110812,MEADOWBROOK AVE & CAVENDISH DR;  UPPER DUBLIN; Station 351; 2017-09-02 @ 11:02:20;,19002,EMS: CARDIAC EMERGENCY,2017-09-02 11:02:20,UPPER DUBLIN,MEADOWBROOK AVE & CAVENDISH DR,1
40.3064426,-75.6314267,CROSS RD & MEGA LN;  DOUGLASS; Station 332; 2019-08-16 @ 14:18:46;,19525,EMS: CVA/STROKE,2019-08-16 14:18:46,DOUGLASS,CROSS RD & MEGA LN,1
40.1192546,-75.2362381,RT309 EXPY & PENNSYLVANIA AVE UNDERPASS; WHITEMARSH; 2016-05-15 @ 15:38:24;,,Traffic: VEHICLE ACCIDENT -,2016-05-15 15:38:24,WHITEMARSH,RT309 EXPY & PENNSYLVANIA AVE UNDERPASS,1
40.1024634,-75.1518963,EASTON RD & MENLO AVE; ABINGTON; 2019-01-25 @ 01:33:42;,19038,Traffic: HAZARDOUS ROAD CONDITIONS -,2019-01-25 01:33:42,ABINGTON,EASTON RD & MENLO AVE,1
40.1097407,-75.1065915,VALLEY RD & WOODLAND RD; ABINGTON; 2016-09-14 @ 17:35:09;,19046,Traffic: VEHICLE ACCIDENT -,2016-09-14 17:35:09,ABINGTON,VALLEY RD & WOODLAND RD,1
40.2690902,-75.3132642,FORTY FOOT RD;  HATFIELD TOWNSHIP; Station 345; 2016-10-31 @ 21:20:09;,,EMS: VEHICLE ACCIDENT,2016-10-31 21:20:09,HATFIELD TOWNSHIP,FORTY FOOT RD,1
40.2493949,-75.3348033,FORTY FOOT RD & TAPESTRY WAY; TOWAMENCIN; 2016-10-22 @ 11:59:24;,19438,Traffic: VEHICLE ACCIDENT -,2016-10-22 11:59:24,TOWAMENCIN,FORTY FOOT RD & TAPESTRY WAY,1
40.2465386,-75.6488196,KING ST & PENN ST;  POTTSTOWN; Station 329; 2018-03-11 @ 10:02:27;,19464,EMS: FALL VICTIM,2018-03-11 10:02:27,POTTSTOWN,KING ST & PENN ST,1
40.1497174,-75.2921184,JOLLY RD;  WHITPAIN; Station 385; 2017-07-28 @ 11:07:22;,19422,EMS: VEHICLE ACCIDENT,2017-07-28 11:07:22,WHITPAIN,JOLLY RD,1
40.2285620,-75.3196963,OBERLIN TER & WELLINGTON TER;  TOWAMENCIN; Station 345B; 2020-02-29 @ 01:02:37;,19446,EMS: BACK PAINS/INJURY,2020-02-29 01:02:37,TOWAMENCIN,OBERLIN TER & WELLINGTON TER,1
40.2864378,-75.2637619,BETHLEHEM PIKE & HILLTOWN PIKE;  HATFIELD TOWNSHIP; Station 345; 2017-05-13 @ 09:55:21;,19440,EMS: UNKNOWN MEDICAL EMERGENCY,2017-05-13 09:55:21,HATFIELD TOWNSHIP,BETHLEHEM PIKE & HILLTOWN PIKE,1
40.1633808,-75.1111903,YORK RD & MILL RD; UPPER MORELAND; 2019-12-14 @ 11:18:31;,19040,Traffic: VEHICLE ACCIDENT -,2019-12-14 11:18:31,UPPER MORELAND,YORK RD & MILL RD,1
40.1464658,-75.4755213,REGENCY HILLS DR;  UPPER PROVIDENCE; Station 3A85; 2016-04-24 @ 20:09:36;,19426,EMS: RESCUE - TECHNICAL,2016-04-24 20:09:36,UPPER PROVIDENCE,REGENCY HILLS DR,1
40.1316540,-75.3906230,EGYPT RD & MILL RD; WEST NORRITON; 2019-10-09 @ 16:52:07;,19403,Traffic: DISABLED VEHICLE -,2019-10-09 16:52:07,WEST NORRITON,EGYPT RD & MILL RD,1
40.1573244,-75.3843166,PARK AVE & CLARK HILL DR; WORCESTER; 2017-04-01 @ 17:21:28-Station:STA83;,19403,Fire: FIRE ALARM,2017-04-01 17:21:28,WORCESTER,PARK AVE & CLARK HILL DR,1
40.2514920,-75.6033497,ARMAND HAMMER BLVD & RR UNDERPASS; LOWER POTTSGROVE; 2016-06-20 @ 16:19:41-Station:STA58;,,Fire: VEHICLE ACCIDENT,2016-06-20 16:19:41,LOWER POTTSGROVE,ARMAND HAMMER BLVD & RR UNDERPASS,1
40.2612015,-75.6182295,BUCHERT RD & N ADAMS ST; LOWER POTTSGROVE; 2019-01-24 @ 11:23:12;,19464,Traffic: VEHICLE ACCIDENT -,2019-01-24 11:23:12,LOWER POTTSGROVE,BUCHERT RD & N ADAMS ST,1
40.1608699,-75.5062652,MAIN ST & SCHUYLKILL RIVER TRL; ROYERSFORD; 2016-03-01 @ 01:13:41-Station:STA98;,19460,Fire: FIRE ALARM,2016-03-01 01:13:41,ROYERSFORD,MAIN ST & SCHUYLKILL RIVER TRL,1
40.1700508,-75.1218654,PARKSIDE AVE & JUNIPER AVE;  UPPER MORELAND; Station 384; 2018-06-20 @ 11:05:48;,19040,EMS: SUBJECT IN PAIN,2018-06-20 11:05:48,UPPER MORELAND,PARKSIDE AVE & JUNIPER AVE,1
40.2054756,-75.3529714,SKIPPACK PIKE & MEADOWOOD DR;  WORCESTER; Station 336; 2019-01-11 @ 08:22:27;,19446,EMS: ALTERED MENTAL STATUS,2019-01-11 08:22:27,WORCESTER,SKIPPACK PIKE & MEADOWOOD DR,1
40.2552311,-75.6643060,RT100 SB & SHOEMAKER RD; POTTSTOWN; 2016-11-03 @ 06:16:22;,19464,Traffic: VEHICLE ACCIDENT -,2016-11-03 06:16:22,POTTSTOWN,RT100 SB & SHOEMAKER RD,1
40.0766069,-75.3830007,KING OF PRUSSIA RD & CROTON RD; UPPER MERION; 2016-07-02 @ 11:18:22;,19087,Traffic: VEHICLE FIRE -,2016-07-02 11:18:22,UPPER MERION,KING OF PRUSSIA RD & CROTON RD,1
40.1330371,-75.4084631,SHANNONDELL DR & SHANNONDELL BLVD;  LOWER PROVIDENCE; Station 322A; 2018-02-19 @ 19:57:01;,19403,EMS: FALL VICTIM,2018-02-19 19:57:01,LOWER PROVIDENCE,SHANNONDELL DR & SHANNONDELL BLVD,1
40.1618246,-75.1972391,VAN BUREN WALK & HONEY RUN RD;  UPPER DUBLIN; Station 351; 2019-10-05 @ 08:51:52;,19002,EMS: FALL VICTIM,2019-10-05 08:51:52,UPPER DUBLIN,VAN BUREN WALK & HONEY RUN RD,1
40.0039068,-75.2961780,SPRING AVE & LIPPINCOTT AVE; LOWER MERION; 2019-08-31 @ 16:23:58-Station:STA25;,19003,Fire: CARDIAC ARREST,2019-08-31 16:23:58,LOWER MERION,SPRING AVE & LIPPINCOTT AVE,1
40.3377933,-75.5489713,LAYFIELD RD & LITTLE RD; NEW HANOVER; 2018-03-24 @ 12:25:39-Station:STA37;,18074,Fire: VEHICLE ACCIDENT,2018-03-24 12:25:39,NEW HANOVER,LAYFIELD RD & LITTLE RD,1
40.0688245,-75.3112438,MATSONFORD RD & FAYETTE ST; WEST CONSHOHOCKEN; 2019-12-05 @ 17:52:23;,19428,Traffic: VEHICLE ACCIDENT -,2019-12-05 17:52:23,WEST CONSHOHOCKEN,MATSONFORD RD & FAYETTE ST,1
40.1515690,-75.3225254,STONEY CREEK RD & BROOKSIDE RD;  EAST NORRITON; Station 308; 2018-08-18 @ 05:38:37;,19401,EMS: RESPIRATORY EMERGENCY,2018-08-18 05:38:37,EAST NORRITON,STONEY CREEK RD & BROOKSIDE RD,1
40.2453741,-75.6496302,KING ST & RR CROSSING;  POTTSTOWN; Station 329; 2017-11-16 @ 11:25:02;,19464,EMS: ASSAULT VICTIM,2017-11-16 11:25:02,POTTSTOWN,KING ST & RR CROSSING,1
40.1706147,-75.1272607,WILLOW AVE & EASTON RD; UPPER MORELAND; 2020-01-09 @ 14:57:48;,19090,Traffic: VEHICLE ACCIDENT -,2020-01-09 14:57:48,UPPER MORELAND,WILLOW AVE & EASTON RD,1
40.0112563,-75.2598772,MONTGOMERY AVE & PRICE AVE; LOWER MERION; 2018-01-27 @ 07:36:25;,19072,Traffic: DISABLED VEHICLE -,2018-01-27 07:36:25,LOWER MERION,MONTGOMERY AVE & PRICE AVE,1
40.2759634,-75.3746520,PARK AVE & SARAHS LN; LOWER SALFORD; 2019-10-07 @ 05:25:39-Station:STA89;,19438,Fire: CARBON MONOXIDE DETECTOR,2019-10-07 05:25:39,LOWER SALFORD,PARK AVE & SARAHS LN,1
40.2421914,-75.2847748,MAIN ST & WALNUT ST; LANSDALE; 2018-02-24 @ 19:38:28;,19446,Traffic: DISABLED VEHICLE -,2018-02-24 19:38:28,LANSDALE,MAIN ST & WALNUT ST,1
40.2891014,-75.4887230,SIMMONS RD & LITTLE RD; LOWER FREDERICK; 2019-04-15 @ 12:50:05;,18074,Traffic: ROAD OBSTRUCTION -,2019-04-15 12:50:05,LOWER FREDERICK,SIMMONS RD & LITTLE RD,1
40.2461541,-75.6457942,KING ST;  POTTSTOWN; Station 329; 2018-03-17 @ 11:04:41;,19464,EMS: UNCONSCIOUS SUBJECT,2018-03-17 11:04:41,POTTSTOWN,KING ST,1
40.2485426,-75.6639648,W HIGH ST & GABLE AVE; POTTSTOWN; 2020-04-10 @ 20:18:41;,19464,Traffic: VEHICLE ACCIDENT -,2020-04-10 20:18:41,POTTSTOWN,W HIGH ST & GABLE AVE,1
40.2585266,-75.6504043,STATE ST & W 10TH ST;  POTTSTOWN; Station 329; 2019-12-26 @ 05:19:35;,19464,EMS: RESPIRATORY EMERGENCY,2019-12-26 05:19:35,POTTSTOWN,STATE ST & W 10TH ST,1
40.0674030,-75.1449708,CHELSEA RD & CEDAR LN; CHELTENHAM; 2016-10-19 @ 15:18:00-Station:STA2;,19027,Fire: FIRE SPECIAL SERVICE,2016-10-19 15:18:00,CHELTENHAM,CHELSEA RD & CEDAR LN,1
40.1118752,-75.2850076,W GERMANTOWN PIKE & PLYMOUTH RD; PLYMOUTH; 2019-03-28 @ 18:58:46;,19462,Traffic: ROAD OBSTRUCTION -,2019-03-28 18:58:46,PLYMOUTH,W GERMANTOWN PIKE & PLYMOUTH RD,1
40.1723141,-75.4927278,MILL RD & DEAD END; UPPER PROVIDENCE; 2019-02-02 @ 12:52:49-Station:STA99;,,Fire: GAS-ODOR/LEAK,2019-02-02 12:52:49,UPPER PROVIDENCE,MILL RD & DEAD END,1
40.1349890,-75.3477640,CIRCLE DR & LOWER FARM RD;  NORRISTOWN; Station 308A; 2019-01-13 @ 10:26:52;,19403,EMS: UNKNOWN MEDICAL EMERGENCY,2019-01-13 10:26:52,NORRISTOWN,CIRCLE DR & LOWER FARM RD,1
40.0946591,-75.3627488,E DEKALB PIKE & N HENDERSON RD; UPPER MERION; 2017-11-15 @ 15:09:18;,19406,Traffic: VEHICLE ACCIDENT -,2017-11-15 15:09:18,UPPER MERION,E DEKALB PIKE & N HENDERSON RD,1
40.1377813,-75.4830248,HANOVER RD & EDEN BLVD; UPPER PROVIDENCE; 2019-04-05 @ 05:54:22-Station:STA99;,19460,Fire: CARDIAC ARREST,2019-04-05 05:54:22,UPPER PROVIDENCE,HANOVER RD & EDEN BLVD,1
40.1922859,-75.1068796,W COUNTY LINE RD & BLAIR MILL RD; UPPER MORELAND; 2016-11-10 @ 14:56:20;,18974,Traffic: VEHICLE ACCIDENT -,2016-11-10 14:56:20,UPPER MORELAND,W COUNTY LINE RD & BLAIR MILL RD,1
40.1223374,-75.1356014,SUSQUEHANNA RD & BRADFIELD RD; ABINGTON; 2017-05-30 @ 13:01:18;,19001,Traffic: VEHICLE ACCIDENT -,2017-05-30 13:01:18,ABINGTON,SUSQUEHANNA RD & BRADFIELD RD,1
40.2501923,-75.2678678,MEDICAL CAMPUS DR & N LINE ST;  HATFIELD TOWNSHIP; Station 345; 2017-07-05 @ 10:24:51;,19446,EMS: DIZZINESS,2017-07-05 10:24:51,HATFIELD TOWNSHIP,MEDICAL CAMPUS DR & N LINE ST,1
40.2137100,-75.5384033,LINFIELD TRAPPE RD & WEAVER LN;  LIMERICK; Station 324A; 2017-04-25 @ 13:38:44;,19468,EMS: SYNCOPAL EPISODE,2017-04-25 13:38:44,LIMERICK,LINFIELD TRAPPE RD & WEAVER LN,1
40.0974678,-75.1258344,YORK RD & CHERRY ST; JENKINTOWN; 2020-01-07 @ 11:21:28-Station:STA96;,19046,Fire: FIRE INVESTIGATION,2020-01-07 11:21:28,JENKINTOWN,YORK RD & CHERRY ST,1
40.0059448,-75.2573330,ANTHWYN RD & IONA AVE; LOWER MERION; 2018-07-30 @ 19:39:21;,19072,Traffic: VEHICLE ACCIDENT -,2018-07-30 19:39:21,LOWER MERION,ANTHWYN RD & IONA AVE,1
40.2052931,-75.2550325,DEKALB PIKE & MEETINGHOUSE RD; LOWER GWYNEDD; 2019-01-03 @ 09:54:02-Station:STA62;,19454,Fire: VEHICLE ACCIDENT,2019-01-03 09:54:02,LOWER GWYNEDD,DEKALB PIKE & MEETINGHOUSE RD,1
40.2308551,-75.3984659,INSPIRATION ST & TRANQUILITY ST;  SKIPPACK; Station 336; 2016-01-02 @ 20:23:02;,19473,EMS: DIABETIC EMERGENCY,2016-01-02 20:23:02,SKIPPACK,INSPIRATION ST & TRANQUILITY ST,1
40.1318488,-75.4223093,LAWRENCE RD & JODE RD;  LOWER PROVIDENCE; Station 322A; 2017-05-02 @ 04:45:05;,19403,EMS: SUBJECT IN PAIN,2017-05-02 04:45:05,LOWER PROVIDENCE,LAWRENCE RD & JODE RD,1
40.1020026,-75.1815323,CHURCH RD & SANDY HILL RD; SPRINGFIELD; 2018-05-29 @ 18:36:58;,19075,Traffic: VEHICLE ACCIDENT -,2018-05-29 18:36:58,SPRINGFIELD,CHURCH RD & SANDY HILL RD,1
40.2892517,-75.3047801,BERGEY RD & PENN ST; HATFIELD TOWNSHIP; 2017-03-10 @ 20:10:46-Station:STA17;,19440,Fire: FIRE ALARM,2017-03-10 20:10:46,HATFIELD TOWNSHIP,BERGEY RD & PENN ST,1
40.1642314,-75.1083328,S WARMINSTER RD & GREENBELT DR; UPPER MORELAND; 2017-02-13 @ 10:39:13;,19040,Traffic: ROAD OBSTRUCTION -,2017-02-13 10:39:13,UPPER MORELAND,S WARMINSTER RD & GREENBELT DR,1
40.3179423,-75.3291573,E RELIANCE RD;  SOUDERTON; Station 339; 2016-10-12 @ 23:41:04;,,EMS: ALTERED MENTAL STATUS,2016-10-12 23:41:04,SOUDERTON,E RELIANCE RD,1
40.0769221,-75.1177095,STERLING RD & HIGH SCHOOL RD; CHELTENHAM; 2017-03-14 @ 13:02:25-Station:STA3;,19027,Fire: FIRE SPECIAL SERVICE,2017-03-14 13:02:25,CHELTENHAM,STERLING RD & HIGH SCHOOL RD,1
40.0312670,-75.3323759,COUNTY LINE RD & BRAXTON RD;  LOWER MERION; Station 313; 2020-03-16 @ 05:02:40;,19010,EMS: FRACTURE,2020-03-16 05:02:40,LOWER MERION,COUNTY LINE RD & BRAXTON RD,1
40.1198644,-75.4295623,AUDUBON RD & THRUSH LN; LOWER PROVIDENCE; 2017-12-13 @ 17:32:32;,19403,Traffic: VEHICLE ACCIDENT -,2017-12-13 17:32:32,LOWER PROVIDENCE,AUDUBON RD & THRUSH LN,1
40.1830024,-75.1161257,BLAIR MILL RD & W MORELAND AVE;  UPPER MORELAND; Station 384; 2016-04-21 @ 15:32:44;,19044,EMS: MEDICAL ALERT ALARM,2016-04-21 15:32:44,UPPER MORELAND,BLAIR MILL RD & W MORELAND AVE,1
40.1662161,-75.1075245,HORSESHOE LN & MILL RD;  HATBORO; Station 384; 2019-04-26 @ 18:31:18;,19040,EMS: UNKNOWN MEDICAL EMERGENCY,2019-04-26 18:31:18,HATBORO,HORSESHOE LN & MILL RD,1
40.1103920,-75.3201260,FAIRFIELD RD;  PLYMOUTH; Station 308; 2016-07-10 @ 07:03:54;,19462,EMS: VEHICLE ACCIDENT,2016-07-10 07:03:54,PLYMOUTH,FAIRFIELD RD,1
40.0855923,-75.3912204,GULPH RD & KIRK AVE; UPPER MERION; 2017-03-05 @ 18:20:09-Station:STA47;,19406,Fire: FIRE ALARM,2017-03-05 18:20:09,UPPER MERION,GULPH RD & KIRK AVE,1
40.0865421,-75.3807419,KINGWOOD RD & FORGE RD;  UPPER MERION; Station 317; 2017-04-07 @ 06:47:15;,19406,EMS: ALTERED MENTAL STATUS,2017-04-07 06:47:15,UPPER MERION,KINGWOOD RD & FORGE RD,1
40.0824467,-75.1132338,JENKINTOWN RD & OSCEOLA AVE;  ABINGTON; Station 382; 2016-08-26 @ 18:35:11;,19027,EMS: OVERDOSE,2016-08-26 18:35:11,ABINGTON,JENKINTOWN RD & OSCEOLA AVE,1
40.2440243,-75.6094326,SUNNYBROOK RD & E HIGH ST;  LOWER POTTSGROVE; Station 329; 2016-11-04 @ 12:18:16;,19464,EMS: RESPIRATORY EMERGENCY,2016-11-04 12:18:16,LOWER POTTSGROVE,SUNNYBROOK RD & E HIGH ST,1
40.1522357,-75.3486116,W GERMANTOWN PIKE & WHITEHALL RD; EAST NORRITON; 2017-11-25 @ 17:01:08;,19403,Traffic: VEHICLE ACCIDENT -,2017-11-25 17:01:08,EAST NORRITON,W GERMANTOWN PIKE & WHITEHALL RD,1
40.1448435,-75.4675546,BLACK ROCK RD & LONGFORD RD; UPPER PROVIDENCE; 2017-04-21 @ 17:14:25;,19426,Traffic: VEHICLE ACCIDENT -,2017-04-21 17:14:25,UPPER PROVIDENCE,BLACK ROCK RD & LONGFORD RD,1
40.1180581,-75.3446690,MARSHALL ST & NORRIS ST;  NORRISTOWN; Station 308A; 2018-11-02 @ 00:43:24;,19401,EMS: RESPIRATORY EMERGENCY,2018-11-02 00:43:24,NORRISTOWN,MARSHALL ST & NORRIS ST,1
40.0972222,-75.3761952,RAMP I76 WB TO S GULPH RD & SCHUYLKILL EXPY WB; UPPER MERION; 2016-06-20 @ 02:56:53;,,Traffic: VEHICLE FIRE -,2016-06-20 02:56:53,UPPER MERION,RAMP I76 WB TO S GULPH RD & SCHUYLKILL EXPY WB,1
40.2515799,-75.6447979,CHARLOTTE ST & JEFFERSON AVE; POTTSTOWN; 2018-02-27 @ 13:39:05-Station:STA69;,19464,Fire: CARBON MONOXIDE DETECTOR,2018-02-27 13:39:05,POTTSTOWN,CHARLOTTE ST & JEFFERSON AVE,1
40.1578389,-75.4161599,PRISON RD;  LOWER PROVIDENCE; Station 322; 2019-08-17 @ 20:44:39;,19426,EMS: SEIZURES,2019-08-17 20:44:39,LOWER PROVIDENCE,PRISON RD,1
39.9926890,-75.2845000,HAVERFORD RD & ARGYLE RD;  LOWER MERION; Station 313; 2016-01-21 @ 18:56:47;,19096,EMS: MEDICAL ALERT ALARM,2016-01-21 18:56:47,LOWER MERION,HAVERFORD RD & ARGYLE RD,1
40.2267219,-75.5331529,NOBLE WAY & KNIGHT DR; LIMERICK; 2019-08-13 @ 22:32:03-Station:STA54;,19468,Fire: FIRE ALARM,2019-08-13 22:32:03,LIMERICK,NOBLE WAY & KNIGHT DR,1
39.9991037,-75.2375615,OLD LANCASTER RD & UPLAND TER;  LOWER MERION; Station 313; 2016-05-05 @ 15:01:45;,19066,EMS: CARDIAC EMERGENCY,2016-05-05 15:01:45,LOWER MERION,OLD LANCASTER RD & UPLAND TER,1
40.1532684,-75.1895576,THORNBURY DR & DEAD END;  UPPER DUBLIN; Station 351; 2016-04-08 @ 20:24:03;,,EMS: UNCONSCIOUS SUBJECT,2016-04-08 20:24:03,UPPER DUBLIN,THORNBURY DR & DEAD END,1
40.1207805,-75.1584269,TENNIS AVE & WOODROW AVE;  ABINGTON; Station 383; 2019-07-17 @ 16:16:31;,19038,EMS: RESPIRATORY EMERGENCY,2019-07-17 16:16:31,ABINGTON,TENNIS AVE & WOODROW AVE,1
40.2890267,-75.3995896,MAIN ST & OLD SUMNEYTOWN PIKE;  LOWER SALFORD; Station 344; 2018-05-07 @ 22:46:17;,19438,EMS: FALL VICTIM,2018-05-07 22:46:17,LOWER SALFORD,MAIN ST & OLD SUMNEYTOWN PIKE,1
40.1433257,-75.4228190,DEFFORD PL & DEAD END;  LOWER PROVIDENCE; Station 322; 2016-03-13 @ 03:20:11;,,EMS: DIABETIC EMERGENCY,2016-03-13 03:20:11,LOWER PROVIDENCE,DEFFORD PL & DEAD END,1
40.2232482,-75.5646586,LIMERICK CENTER RD & SANATOGA RD; LIMERICK; 2016-10-28 @ 19:12:39;,19464,Traffic: VEHICLE ACCIDENT -,2016-10-28 19:12:39,LIMERICK,LIMERICK CENTER RD & SANATOGA RD,1
40.2214365,-75.5379804,CYPRESS CT & REDWOOD DR; LIMERICK; 2019-02-13 @ 21:25:42-Station:STA54;,19468,Fire: FIRE ALARM,2019-02-13 21:25:42,LIMERICK,CYPRESS CT & REDWOOD DR,1
40.1207991,-75.4099771,FORGE WAY & WAYFIELD DR;  WEST NORRITON; Station 308B; 2019-09-05 @ 16:44:05;,19403,EMS: SUBJECT IN PAIN,2019-09-05 16:44:05,WEST NORRITON,FORGE WAY & WAYFIELD DR,1
40.1974958,-75.2039050,TALAMORE DR & ASHRIDGE CT;  HORSHAM; Station 352A; 2019-12-06 @ 13:10:52;,19002,EMS: RESPIRATORY EMERGENCY,2019-12-06 13:10:52,HORSHAM,TALAMORE DR & ASHRIDGE CT,1
40.2321348,-75.5255249,W RIDGE PIKE;  LIMERICK; Station 324A; 2017-04-01 @ 12:54:16;,19468,EMS: VEHICLE ACCIDENT,2017-04-01 12:54:16,LIMERICK,W RIDGE PIKE,1
40.1056570,-75.3443770,4TH ST & MILL ST;  BRIDGEPORT; Station 356; 2019-06-18 @ 17:34:45;,19405,EMS: CVA/STROKE,2019-06-18 17:34:45,BRIDGEPORT,4TH ST & MILL ST,1
40.0972222,-75.3761952,SCHUYLKILL EXPY & N GULPH RD UNDERPASS; UPPER MERION; 2016-05-28 @ 10:00:46;,,Traffic: DISABLED VEHICLE -,2016-05-28 10:00:46,UPPER MERION,SCHUYLKILL EXPY & N GULPH RD UNDERPASS,1
40.2212266,-75.2887369,SUMNEYTOWN PIKE & RR OVERPASS;  UPPER GWYNEDD; Station 345B; 2019-08-01 @ 15:35:17;,,EMS: HEAT EXHAUSTION,2019-08-01 15:35:17,UPPER GWYNEDD,SUMNEYTOWN PIKE & RR OVERPASS,1
40.1168557,-75.1257837,SUSQUEHANNA RD & WHEATSHEAF LN; ABINGTON; 2017-08-28 @ 08:35:37-Station:STA100;,19001,Fire: VEHICLE ACCIDENT,2017-08-28 08:35:37,ABINGTON,SUSQUEHANNA RD & WHEATSHEAF LN,1
40.3161470,-75.5870877,BIG RD & SHORT RD;  NEW HANOVER; Station 332; 2018-01-06 @ 13:45:40;,19525,EMS: SYNCOPAL EPISODE,2018-01-06 13:45:40,NEW HANOVER,BIG RD & SHORT RD,1
40.1554438,-75.2051293,LOCH ALSH AVE;  UPPER DUBLIN; Station 351; 2016-11-11 @ 13:26:12;,,EMS: FALL VICTIM,2016-11-11 13:26:12,UPPER DUBLIN,LOCH ALSH AVE,1
40.2774679,-75.2604622,BETHLEHEM PIKE & TREWIGTOWN RD; HATFIELD TOWNSHIP; 2018-08-15 @ 14:07:21;,19440,Traffic: VEHICLE ACCIDENT -,2018-08-15 14:07:21,HATFIELD TOWNSHIP,BETHLEHEM PIKE & TREWIGTOWN RD,1
40.1696383,-75.1267540,EASTON RD & LINDEN AVE; UPPER MORELAND; 2016-05-19 @ 16:06:35;,19090,Traffic: VEHICLE ACCIDENT -,2016-05-19 16:06:35,UPPER MORELAND,EASTON RD & LINDEN AVE,1
40.1033767,-75.4124499,VALLEY FORGE CIR & OLD VALLEY FORGE RD; UPPER MERION; 2016-10-10 @ 07:59:18;,19406,Traffic: VEHICLE ACCIDENT -,2016-10-10 07:59:18,UPPER MERION,VALLEY FORGE CIR & OLD VALLEY FORGE RD,1
40.2088169,-75.3592846,SKIPPACK PIKE & WENTZ CHURCH RD; WORCESTER; 2018-11-15 @ 08:07:34;,19446,Traffic: DISABLED VEHICLE -,2018-11-15 08:07:34,WORCESTER,SKIPPACK PIKE & WENTZ CHURCH RD,1
40.0961190,-75.1367834,RUNNYMEDE AVE & RODMAN AVE;  JENKINTOWN; Station 382; 2016-08-04 @ 02:23:16;,19046,EMS: RESPIRATORY EMERGENCY,2016-08-04 02:23:16,JENKINTOWN,RUNNYMEDE AVE & RODMAN AVE,1
39.9864337,-75.3289605,CHARLES DR & DAVID DR; DELAWARE COUNTY; 2017-02-27 @ 20:22:55-Station:STA23;,19083,Fire: CARBON MONOXIDE DETECTOR,2017-02-27 20:22:55,DELAWARE COUNTY,CHARLES DR & DAVID DR,1
40.1600068,-77.6868167,PENNSYLVANIA TPKE & RAMP I76 EB TO SCHUYLKILL EXPY EB; UPPER MERION; 2019-08-08 @ 20:32:14;,,Traffic: DISABLED VEHICLE -,2019-08-08 20:32:14,UPPER MERION,PENNSYLVANIA TPKE & RAMP I76 EB TO SCHUYLKILL EXPY EB,1
40.1001300,-75.1771616,WILLOW GROVE AVE & W CHURCH RD; CHELTENHAM; 2017-06-29 @ 13:59:14;,19038,Traffic: DISABLED VEHICLE -,2017-06-29 13:59:14,CHELTENHAM,WILLOW GROVE AVE & W CHURCH RD,1
40.2552707,-75.3407218,WOODS DR & DETWILER RD;  TOWAMENCIN; Station 345B; 2018-12-04 @ 19:42:42;,19446,EMS: RESPIRATORY EMERGENCY,2018-12-04 19:42:42,TOWAMENCIN,WOODS DR & DETWILER RD,1
40.1824908,-75.0902100,E COUNTY LINE RD & N WARMINSTER RD; HATBORO; 2018-04-28 @ 12:35:16;,18974,Traffic: VEHICLE ACCIDENT -,2018-04-28 12:35:16,HATBORO,E COUNTY LINE RD & N WARMINSTER RD,1
40.1460846,-75.1022993,DIVISION AVE & LIMESTONE LN;  UPPER MORELAND; Station 381; 2020-03-04 @ 21:01:15;,19090,EMS: SEIZURES,2020-03-04 21:01:15,UPPER MORELAND,DIVISION AVE & LIMESTONE LN,1
40.2513271,-75.6399387,BUTLER AVE & N WASHINGTON ST;  POTTSTOWN; Station 329; 2018-02-16 @ 07:13:18;,19464,EMS: FALL VICTIM,2018-02-16 07:13:18,POTTSTOWN,BUTLER AVE & N WASHINGTON ST,1
40.1144040,-75.1217600,OLD YORK RD & SUSQUEHANNA RD; ABINGTON; 2019-04-04 @ 06:05:13;,19001,Traffic: VEHICLE ACCIDENT -,2019-04-04 06:05:13,ABINGTON,OLD YORK RD & SUSQUEHANNA RD,1
40.3628570,-75.5162295,WARD RD & KINGS RD;  UPPER HANOVER; Station 369; 2017-05-29 @ 04:40:53;,18073,EMS: HEAD INJURY,2017-05-29 04:40:53,UPPER HANOVER,WARD RD & KINGS RD,1
40.2573032,-75.5680788,PRUSS HILL RD & PROSPECT HILL LN;  LOWER POTTSGROVE; Station 329B; 2018-03-30 @ 14:01:29;,19464,EMS: RESPIRATORY EMERGENCY,2018-03-30 14:01:29,LOWER POTTSGROVE,PRUSS HILL RD & PROSPECT HILL LN,1
40.2168764,-75.5733755,PEBBLE BEACH DR & CALLOWAY CT;  LIMERICK; Station 324A; 2017-02-01 @ 10:17:42;,19468,EMS: DIABETIC EMERGENCY,2017-02-01 10:17:42,LIMERICK,PEBBLE BEACH DR & CALLOWAY CT,1
40.2624312,-75.6293102,EVANS ST & MASTER ST; POTTSTOWN; 2017-08-03 @ 20:48:47-Station:STA69;,19464,Fire: FIRE INVESTIGATION,2017-08-03 20:48:47,POTTSTOWN,EVANS ST & MASTER ST,1
40.1049418,-75.1080988,BARROWDALE RD & LEOPARD RD;  ABINGTON; Station 382; 2018-02-08 @ 12:38:47;,19046,EMS: MEDICAL ALERT ALARM,2018-02-08 12:38:47,ABINGTON,BARROWDALE RD & LEOPARD RD,1
40.1387130,-75.1126810,MORELAND RD & OLD YORK RD; ABINGTON; 2017-07-11 @ 14:53:44;,19001,Traffic: VEHICLE ACCIDENT -,2017-07-11 14:53:44,ABINGTON,MORELAND RD & OLD YORK RD,1
40.3977880,-75.4938630,MACOBY ST & E 5TH ST;  PENNSBURG; Station 369; 2016-10-25 @ 06:11:12;,18073,EMS: RESPIRATORY EMERGENCY,2016-10-25 06:11:12,PENNSBURG,MACOBY ST & E 5TH ST,1
40.0791824,-75.2996375,8TH AVE & HARRY ST; CONSHOHOCKEN; 2018-05-09 @ 20:48:25-Station:STA35;,19428,Fire: CARDIAC ARREST,2018-05-09 20:48:25,CONSHOHOCKEN,8TH AVE & HARRY ST,1
40.1483375,-75.0977475,TERWOOD RD & GREENWOOD DR;  UPPER MORELAND; Station 381; 2018-10-10 @ 09:26:55;,19090,EMS: SEIZURES,2018-10-10 09:26:55,UPPER MORELAND,TERWOOD RD & GREENWOOD DR,1
40.1289550,-75.3768355,SCHUYLKILL AVE & BUTLER AVE;  WEST NORRITON; Station 308B; 2017-07-13 @ 03:53:24;,19403,EMS: RESPIRATORY EMERGENCY,2017-07-13 03:53:24,WEST NORRITON,SCHUYLKILL AVE & BUTLER AVE,1
40.1417319,-75.3126075,GERMANTOWN PIKE & DEKALB PIKE;  EAST NORRITON; Station 308; 2016-08-01 @ 17:50:28;,19401,EMS: SYNCOPAL EPISODE,2016-08-01 17:50:28,EAST NORRITON,GERMANTOWN PIKE & DEKALB PIKE,1
40.1866747,-75.1024603,MADISON AVE & EVERGREEN AVE;  HATBORO; Station 384; 2016-01-13 @ 10:00:22;,19040,EMS: FALL VICTIM,2016-01-13 10:00:22,HATBORO,MADISON AVE & EVERGREEN AVE,1
40.3022405,-75.5264917,BIG RD & FREDERICK DR; UPPER FREDERICK; 2019-09-24 @ 19:39:31-Station:STA87;,19435,Fire: FIRE ALARM,2019-09-24 19:39:31,UPPER FREDERICK,BIG RD & FREDERICK DR,1
40.2517906,-75.5561118,MASTERS DR & TEE CT;  LIMERICK; Station 324A; 2019-11-19 @ 14:50:37;,19464,EMS: SUBJECT IN PAIN,2019-11-19 14:50:37,LIMERICK,MASTERS DR & TEE CT,1
40.1345727,-75.2068744,W PENNSYLVANIA AVE & COMMERCE DR; WHITEMARSH; 2017-05-21 @ 16:22:51;,19034,Traffic: VEHICLE ACCIDENT -,2017-05-21 16:22:51,WHITEMARSH,W PENNSYLVANIA AVE & COMMERCE DR,1
40.1028098,-75.3295202,RIVER RD & E 4TH ST; UPPER MERION; 2018-06-11 @ 01:45:56;,19405,Traffic: HAZARDOUS ROAD CONDITIONS -,2018-06-11 01:45:56,UPPER MERION,RIVER RD & E 4TH ST,1
40.2594148,-75.3246196,ALLENTOWN RD & FORTY FOOT RD; TOWAMENCIN; 2018-10-13 @ 19:09:29-Station:STA76;,19446,Fire: GAS-ODOR/LEAK,2018-10-13 19:09:29,TOWAMENCIN,ALLENTOWN RD & FORTY FOOT RD,1
40.1742786,-75.0860764,WILLARD RD & EXTON RD;  UPPER MORELAND; Station 384; 2016-10-16 @ 06:50:01;,19040,EMS: LACERATIONS,2016-10-16 06:50:01,UPPER MORELAND,WILLARD RD & EXTON RD,1
40.1652231,-75.1248493,EASTON RD & HOME DEPOT DR;  UPPER MORELAND; Station 384; 2017-11-21 @ 00:51:24;,19090,EMS: ASSAULT VICTIM,2017-11-21 00:51:24,UPPER MORELAND,EASTON RD & HOME DEPOT DR,1
40.086567,-75.166432,EASTON RD & RAMP S EASTON RD TO RT309 SB;  CHELTENHAM; Station 358A; 2017-01-20 @ 14:33:46;,,EMS: SEIZURES,2017-01-20 14:33:46,CHELTENHAM,EASTON RD & RAMP S EASTON RD TO RT309 SB,1
40.1241473,-75.0609301,RED LION RD & MURRAY AVE;  LOWER MORELAND; Station 355; 2016-12-09 @ 05:26:23;,19006,EMS: EMS SPECIAL SERVICE,2016-12-09 05:26:23,LOWER MORELAND,RED LION RD & MURRAY AVE,1
40.1203536,-75.3549840,W AIRY ST & STANBRIDGE ST; NORRISTOWN; 2016-07-20 @ 17:37:59;,19401,Traffic: VEHICLE ACCIDENT -,2016-07-20 17:37:59,NORRISTOWN,W AIRY ST & STANBRIDGE ST,1
40.0232984,-75.2638167,MARGO LN & ARDLEIGH RD; LOWER MERION; 2017-03-04 @ 11:03:53-Station:STA26;,19072,Fire: FIRE ALARM,2017-03-04 11:03:53,LOWER MERION,MARGO LN & ARDLEIGH RD,1
40.1793752,-75.2362381,RT309 EXPY & MCKEAN RD UNDERPASS; LOWER GWYNEDD; 2019-10-27 @ 23:23:57;,,Traffic: VEHICLE ACCIDENT -,2019-10-27 23:23:57,LOWER GWYNEDD,RT309 EXPY & MCKEAN RD UNDERPASS,1
40.2043007,-75.1965176,MCKEAN RD & MULLIN RD; HORSHAM; 2019-10-31 @ 21:56:07-Station:STA15;,19002,Fire: BUILDING FIRE,2019-10-31 21:56:07,HORSHAM,MCKEAN RD & MULLIN RD,1
40.086567,-75.166432,EASTON RD & RAMP S EASTON RD TO RT309 SB;  CHELTENHAM; Station 358A; 2017-05-31 @ 16:02:18;,,EMS: GENERAL WEAKNESS,2017-05-31 16:02:18,CHELTENHAM,EASTON RD & RAMP S EASTON RD TO RT309 SB,1
40.2523706,-75.6403232,SOUTH ST & DAUB ALY;  POTTSTOWN; Station 329; 2020-06-27 @ 06:08:15;,19464,EMS: CARDIAC EMERGENCY,2020-06-27 06:08:15,POTTSTOWN,SOUTH ST & DAUB ALY,1
40.1176758,-75.3360594,ARCH ST & MINOR ST; NORRISTOWN; 2017-01-01 @ 16:47:05-Station:STA27;,19401,Fire: FIRE SPECIAL SERVICE,2017-01-01 16:47:05,NORRISTOWN,ARCH ST & MINOR ST,1
40.0855923,-75.3912204,GULPH RD & KIRK AVE;  UPPER MERION; Station 317; 2018-01-09 @ 10:22:23;,19406,EMS: FALL VICTIM,2018-01-09 10:22:23,UPPER MERION,GULPH RD & KIRK AVE,1
40.1414828,-75.1171420,MORELAND RD & EASTON RD;  ABINGTON; Station 381; 2018-12-23 @ 15:04:27;,19090,EMS: RESPIRATORY EMERGENCY,2018-12-23 15:04:27,ABINGTON,MORELAND RD & EASTON RD,1
40.1035238,-75.4165262,PENN CIR & PARKVIEW DR; UPPER MERION; 2017-03-13 @ 18:48:18;,19406,Traffic: VEHICLE ACCIDENT -,2017-03-13 18:48:18,UPPER MERION,PENN CIR & PARKVIEW DR,1
40.0797044,-75.1149724,HIGH SCHOOL RD & TOWNSHIP LINE RD; ABINGTON; 2018-03-07 @ 15:55:04;,19027,Traffic: ROAD OBSTRUCTION -,2018-03-07 15:55:04,ABINGTON,HIGH SCHOOL RD & TOWNSHIP LINE RD,1
40.1137280,-75.3423513,MAIN ST & DEKALB ST;  NORRISTOWN; Station 308A; 2017-01-14 @ 13:33:08;,19401,EMS: FALL VICTIM,2017-01-14 13:33:08,NORRISTOWN,MAIN ST & DEKALB ST,1
40.2412244,-75.2518768,HEMLOCK DR & ACORN PL;  MONTGOMERY; Station 345A; 2020-01-20 @ 21:43:00;,19446,EMS: FEVER,2020-01-20 21:43:00,MONTGOMERY,HEMLOCK DR & ACORN PL,1
40.1847975,-75.2868790,TWIN SILO DR & MORRIS RD; WHITPAIN; 2017-04-10 @ 16:14:58-Station:STA33;,19422,Fire: FIRE ALARM,2017-04-10 16:14:58,WHITPAIN,TWIN SILO DR & MORRIS RD,1
40.1398490,-75.1651480,SUSQUEHANNA RD; UPPER DUBLIN; 2016-01-23 @ 15:10:55-Station:STA88;,19025,Fire: FIRE SPECIAL SERVICE,2016-01-23 15:10:55,UPPER DUBLIN,SUSQUEHANNA RD,1
40.1195768,-75.0622361,PHILMONT AVE & ANNE ST; LOWER MORELAND; 2017-02-10 @ 08:57:26;,19006,Traffic: VEHICLE ACCIDENT -,2017-02-10 08:57:26,LOWER MORELAND,PHILMONT AVE & ANNE ST,1
40.3946575,-75.4950057,MAIN ST & W 6TH ST;  PENNSBURG; Station 369; 2016-01-06 @ 22:52:30;,18073,EMS: BACK PAINS/INJURY,2016-01-06 22:52:30,PENNSBURG,MAIN ST & W 6TH ST,1
40.1532684,-75.1895576,RAMP I276 TO RT309  & RAMP I276 TO RT309 SB; UPPER DUBLIN; 2016-10-27 @ 16:21:55;,,Traffic: VEHICLE ACCIDENT -,2016-10-27 16:21:55,UPPER DUBLIN,RAMP I276 TO RT309  & RAMP I276 TO RT309 SB,1
40.1464721,-75.1109932,DAVISVILLE RD & FERN AVE;  UPPER MORELAND; Station 381; 2020-01-08 @ 04:20:40;,19090,EMS: SYNCOPAL EPISODE,2020-01-08 04:20:40,UPPER MORELAND,DAVISVILLE RD & FERN AVE,1
40.1079176,-75.1633472,EDGE HILL RD & LIMEKILN PIKE;  ABINGTON; Station 383; 2020-01-15 @ 13:00:24;,19038,EMS: CARDIAC EMERGENCY,2020-01-15 13:00:24,ABINGTON,EDGE HILL RD & LIMEKILN PIKE,1
40.2250075,-75.3260225,ANDERS RD & MEADOW GLEN DR;  TOWAMENCIN; Station 345B; 2020-07-20 @ 19:20:04;,19446,EMS: UNCONSCIOUS SUBJECT,2020-07-20 19:20:04,TOWAMENCIN,ANDERS RD & MEADOW GLEN DR,1
40.0172181,-75.2316082,OVERHILL RD & E PRINCETON RD; LOWER MERION; 2017-11-20 @ 13:11:42;,19004,Traffic: VEHICLE FIRE -,2017-11-20 13:11:42,LOWER MERION,OVERHILL RD & E PRINCETON RD,1
40.0959438,-75.1251743,GREENWOOD AVE & PEAR ALY; JENKINTOWN; 2016-07-14 @ 05:33:14-Station:STA96;,19046,Fire: GAS-ODOR/LEAK,2016-07-14 05:33:14,JENKINTOWN,GREENWOOD AVE & PEAR ALY,1
40.1993611,-75.1715752,BABYLON RD & SHEEHY DR; HORSHAM; 2016-11-24 @ 13:35:32-Station:STA15;,19044,Fire: FIRE ALARM,2016-11-24 13:35:32,HORSHAM,BABYLON RD & SHEEHY DR,1
40.0794421,-75.3068746,WOOD ST & W 5TH AVE; CONSHOHOCKEN; 2016-01-28 @ 16:10:03;,19428,Traffic: DISABLED VEHICLE -,2016-01-28 16:10:03,CONSHOHOCKEN,WOOD ST & W 5TH AVE,1
40.1771402,-75.4588517,AMERICAS GAS  ; COLLEGEVILLE; 2019-10-26 @ 03:40:42;,19426,Traffic: DISABLED VEHICLE -,2019-10-26 03:40:42,COLLEGEVILLE,AMERICAS GAS,1
40.1525024,-75.2663117,SKIPPACK PIKE & PENLLYN BLUE BELL PIKE;  WHITPAIN; Station 385; 2017-11-05 @ 18:48:40;,19422,EMS: ALLERGIC REACTION,2017-11-05 18:48:40,WHITPAIN,SKIPPACK PIKE & PENLLYN BLUE BELL PIKE,1
40.0924902,-75.3633137,TYLER RD & GARFIELD RD;  UPPER MERION; Station 317; 2016-05-29 @ 09:33:23;,19406,EMS: MEDICAL ALERT ALARM,2016-05-29 09:33:23,UPPER MERION,TYLER RD & GARFIELD RD,1
40.1886799,-75.4538586,MAIN ST & GLENWOOD AVE;  COLLEGEVILLE; Station 324; 2018-04-02 @ 19:00:55;,19426,EMS: SYNCOPAL EPISODE,2018-04-02 19:00:55,COLLEGEVILLE,MAIN ST & GLENWOOD AVE,1
40.3136580,-75.5124580,SHOEMAKER RD & CONNECTING ROAD;  POTTSTOWN; Station 329; 2019-07-31 @ 10:17:44;,18074,EMS: RESPIRATORY EMERGENCY,2019-07-31 10:17:44,POTTSTOWN,SHOEMAKER RD & CONNECTING ROAD,1
40.1156170,-75.3185390,RIVERVIEW BLVD & SANDY HILL RD;  PLYMOUTH; Station 308; 2018-07-11 @ 14:14:41;,19462,EMS: NAUSEA/VOMITING,2018-07-11 14:14:41,PLYMOUTH,RIVERVIEW BLVD & SANDY HILL RD,1
40.0183286,-75.3047343,MONTGOMERY AVE & ROSE LN;  LOWER MERION; Station 313; 2016-06-11 @ 17:17:15;,19041,EMS: SYNCOPAL EPISODE,2016-06-11 17:17:15,LOWER MERION,MONTGOMERY AVE & ROSE LN,1
40.2288994,-75.2624611,WELSH RD & NORTH WALES RD; MONTGOMERY; 2017-06-03 @ 12:16:17;,19454,Traffic: VEHICLE ACCIDENT -,2017-06-03 12:16:17,MONTGOMERY,WELSH RD & NORTH WALES RD,1
40.1116354,-75.1293017,HIGHLAND AVE & CANTERBURY RD; ABINGTON; 2016-11-28 @ 09:28:35-Station:STA100;,19038,Fire: FIRE ALARM,2016-11-28 09:28:35,ABINGTON,HIGHLAND AVE & CANTERBURY RD,1
40.2423803,-75.6289417,CENTER AVE & SOUTH ST;  POTTSTOWN; Station 329; 2016-04-13 @ 23:37:51;,19464,EMS: UNKNOWN MEDICAL EMERGENCY,2016-04-13 23:37:51,POTTSTOWN,CENTER AVE & SOUTH ST,1
40.2000943,-75.2679154,WHITE OAK RD & MEADOWBROOK RD;  UPPER GWYNEDD; Station 345A; 2017-03-10 @ 01:43:39;,19454,EMS: CARDIAC EMERGENCY,2017-03-10 01:43:39,UPPER GWYNEDD,WHITE OAK RD & MEADOWBROOK RD,1
40.2351769,-75.2900842,BROAD ST & WHITES RD; LANSDALE; 2019-01-09 @ 17:09:04;,19446,Traffic: VEHICLE ACCIDENT -,2019-01-09 17:09:04,LANSDALE,BROAD ST & WHITES RD,1
40.2641352,-75.2994747,SOURWOOD DR & APPLE BLOSSOM DR;  HATFIELD TOWNSHIP; Station 345; 2017-10-02 @ 10:15:15;,19440,EMS: SYNCOPAL EPISODE,2017-10-02 10:15:15,HATFIELD TOWNSHIP,SOURWOOD DR & APPLE BLOSSOM DR,1
40.0084820,-75.2806160,MONTGOMERY AVE & CHURCH RD; LOWER MERION; 2018-05-07 @ 16:35:39;,19003,Traffic: VEHICLE ACCIDENT -,2018-05-07 16:35:39,LOWER MERION,MONTGOMERY AVE & CHURCH RD,1
39.9887344,-75.2785831,REMINGTON RD & HAVERFORD RD; LOWER MERION; 2020-01-18 @ 11:00:32;,19096,Traffic: VEHICLE ACCIDENT -,2020-01-18 11:00:32,LOWER MERION,REMINGTON RD & HAVERFORD RD,1
40.2890267,-75.3995896,MAIN ST & OLD SUMNEYTOWN PIKE;  LOWER SALFORD; Station 344; 2016-01-16 @ 20:49:41;,19438,EMS: FALL VICTIM,2016-01-16 20:49:41,LOWER SALFORD,MAIN ST & OLD SUMNEYTOWN PIKE,1
40.1022557,-75.2028008,HAWS LN & FRASER RD;  SPRINGFIELD; Station 351A; 2020-04-05 @ 17:14:00;,19038,EMS: RESPIRATORY EMERGENCY,2020-04-05 17:14:00,SPRINGFIELD,HAWS LN & FRASER RD,1
40.2608956,-75.6758079,GROSSTOWN RD & MORELLO DR; WEST POTTSGROVE; 2017-01-11 @ 00:54:31;,19464,Traffic: HAZARDOUS ROAD CONDITIONS -,2017-01-11 00:54:31,WEST POTTSGROVE,GROSSTOWN RD & MORELLO DR,1
40.0955556,-75.1225038,WASHINGTON LN & VERNON RD; ABINGTON; 2018-09-27 @ 07:50:34;,19046,Traffic: VEHICLE ACCIDENT -,2018-09-27 07:50:34,ABINGTON,WASHINGTON LN & VERNON RD,1
40.1523192,-75.1965726,FORT WASHINGTON AVE & HAWTHORNE LN; UPPER DUBLIN; 2019-11-18 @ 13:22:00-Station:STA88;,19034,Fire: FIRE INVESTIGATION,2019-11-18 13:22:00,UPPER DUBLIN,FORT WASHINGTON AVE & HAWTHORNE LN,1
40.1823738,-75.1049136,YORK RD & VILLAGE PL; HATBORO; 2018-12-23 @ 11:56:52-Station:STA95;,19040,Fire: FIRE INVESTIGATION,2018-12-23 11:56:52,HATBORO,YORK RD & VILLAGE PL,1
40.2417516,-75.6030926,MAPLE GLEN CIR & PINETREE CT;  LOWER POTTSGROVE; Station 329; 2019-07-31 @ 00:59:44;,19464,EMS: NAUSEA/VOMITING,2019-07-31 00:59:44,LOWER POTTSGROVE,MAPLE GLEN CIR & PINETREE CT,1
40.1338583,-75.1244262,EASTON RD;  ABINGTON; Station 383; 2019-03-17 @ 14:55:44;,,EMS: FALL VICTIM,2019-03-17 14:55:44,ABINGTON,EASTON RD,1
40.1016118,-75.1940266,RT309 EXPY & RAMP RT309 NB TO PAPER MILL RD; SPRINGFIELD; 2016-12-17 @ 04:33:12;,,Traffic: VEHICLE ACCIDENT -,2016-12-17 04:33:12,SPRINGFIELD,RT309 EXPY & RAMP RT309 NB TO PAPER MILL RD,1
40.1808725,-75.0988209,JACKSONVILLE RD;  HATBORO; Station 384; 2016-09-24 @ 19:45:38;,19040,EMS: VEHICLE ACCIDENT,2016-09-24 19:45:38,HATBORO,JACKSONVILLE RD,1
40.2407157,-75.2890642,YORK AVE & SUSQUEHANNA AVE;  LANSDALE; Station 345B; 2016-01-17 @ 21:41:15;,19446,EMS: CARDIAC EMERGENCY,2016-01-17 21:41:15,LANSDALE,YORK AVE & SUSQUEHANNA AVE,1
39.9735453,-75.3014675,MERCER AVE & DARBY RD;  DELAWARE COUNTY; Station EMS; 2016-11-25 @ 14:56:10;,19083,EMS: RESPIRATORY EMERGENCY,2016-11-25 14:56:10,DELAWARE COUNTY,MERCER AVE & DARBY RD,1
40.0249667,-75.2829046,ROSEMONT AVE & DEAD END;  LOWER MERION; Station 313; 2018-06-02 @ 11:36:35;,,EMS: UNCONSCIOUS SUBJECT,2018-06-02 11:36:35,LOWER MERION,ROSEMONT AVE & DEAD END,1
40.2118999,-75.4948307,RIDGE PIKE & KLINE RD; UPPER PROVIDENCE; 2019-11-17 @ 13:23:17;,19468,Traffic: VEHICLE ACCIDENT -,2019-11-17 13:23:17,UPPER PROVIDENCE,RIDGE PIKE & KLINE RD,1
40.0354865,-75.2890693,BLACK ROCK RD; LOWER MERION; 2019-04-12 @ 14:26:45-Station:STA23;,19035,Fire: ELECTRICAL FIRE OUTSIDE,2019-04-12 14:26:45,LOWER MERION,BLACK ROCK RD,1
40.2290075,-75.3878525,RT422  & TURNPIKE OVERPASS; CHESTER COUNTY; 2017-08-15 @ 16:58:18;,,Traffic: VEHICLE ACCIDENT -,2017-08-15 16:58:18,CHESTER COUNTY,RT422  & TURNPIKE OVERPASS,1
40.4106035,-75.4736714,GERYVILLE PIKE & RT663;  UPPER HANOVER; Station 369; 2017-11-15 @ 14:38:08;,18073,EMS: CARDIAC EMERGENCY,2017-11-15 14:38:08,UPPER HANOVER,GERYVILLE PIKE & RT663,1
40.1016118,-75.1940266,RT309 OVERPASS & PAPER MILL RD; SPRINGFIELD; 2017-06-05 @ 22:54:40;,,Traffic: DISABLED VEHICLE -,2017-06-05 22:54:40,SPRINGFIELD,RT309 OVERPASS & PAPER MILL RD,1
40.2389039,-75.6200824,MAPLE ST & UNNAMED ALY;  POTTSTOWN; Station 329; 2019-10-02 @ 22:04:51;,19464,EMS: DIABETIC EMERGENCY,2019-10-02 22:04:51,POTTSTOWN,MAPLE ST & UNNAMED ALY,1
40.1795116,-75.2777325,DEKALB PIKE & MORRIS RD; WHITPAIN; 2019-07-08 @ 17:16:46;,19422,Traffic: VEHICLE ACCIDENT -,2019-07-08 17:16:46,WHITPAIN,DEKALB PIKE & MORRIS RD,1
40.1195300,-75.7722503,PENNSYLVANIA TPKE & THOMAS RD UNDERPASS;  CHESTER COUNTY; Station 356; 2019-07-18 @ 00:44:47;,,EMS: VEHICLE ACCIDENT,2019-07-18 00:44:47,CHESTER COUNTY,PENNSYLVANIA TPKE & THOMAS RD UNDERPASS,1
40.1758382,-75.0921117,TANNER AVE & BENSAL RD; UPPER MORELAND; 2019-08-08 @ 19:07:19-Station:STA10;,19040,Fire: BUILDING FIRE,2019-08-08 19:07:19,UPPER MORELAND,TANNER AVE & BENSAL RD,1
40.1784422,-75.1285061,EASTON RD & WGNAS MAIN GATE; HORSHAM; 2017-04-05 @ 11:49:12;,,Traffic: VEHICLE ACCIDENT -,2017-04-05 11:49:12,HORSHAM,EASTON RD & WGNAS MAIN GATE,1
40.3096758,-75.5150333,SWEIFFORD RD & LITTLE RD; UPPER FREDERICK; 2016-02-24 @ 22:11:32;,18074,Traffic: DISABLED VEHICLE -,2016-02-24 22:11:32,UPPER FREDERICK,SWEIFFORD RD & LITTLE RD,1
40.2250992,-75.2076515,HORSHAM RD & GREEN TREE TAVERN RD; HORSHAM; 2017-07-21 @ 19:10:50-Station:STA15;,19454,Fire: FIRE ALARM,2017-07-21 19:10:50,HORSHAM,HORSHAM RD & GREEN TREE TAVERN RD,1
40.1330371,-75.4084631,SHANNONDELL DR & SHANNONDELL BLVD;  LOWER PROVIDENCE; Station 322A; 2017-04-04 @ 22:50:37;,19403,EMS: FALL VICTIM,2017-04-04 22:50:37,LOWER PROVIDENCE,SHANNONDELL DR & SHANNONDELL BLVD,1
40.0696156,-75.3404267,HOLSTEIN RD & TRINITY LN; UPPER MERION; 2018-11-15 @ 16:37:49;,19428,Traffic: DISABLED VEHICLE -,2018-11-15 16:37:49,UPPER MERION,HOLSTEIN RD & TRINITY LN,1
40.1147142,-75.3399519,AIRY ST & HIGH ALY;  NORRISTOWN; Station 308A; 2017-03-12 @ 20:03:16;,19401,EMS: SUBJECT IN PAIN,2017-03-12 20:03:16,NORRISTOWN,AIRY ST & HIGH ALY,1
40.0729171,-75.2990696,E ELM ST; CONSHOHOCKEN; 2020-06-02 @ 18:56:56-Station:STA35;,19428,Fire: DEBRIS/FLUIDS ON HIGHWAY,2020-06-02 18:56:56,CONSHOHOCKEN,E ELM ST,1
40.2303230,-75.3925804,TOWNSHIP LINE RD & STORE RD; LOWER SALFORD; 2019-07-06 @ 18:31:59;,19438,Traffic: ROAD OBSTRUCTION -,2019-07-06 18:31:59,LOWER SALFORD,TOWNSHIP LINE RD & STORE RD,1
40.0117673,-75.2946732,MONTGOMERY AVE & WOODSIDE RD;  LOWER MERION; Station 313; 2019-05-18 @ 16:53:50;,19041,EMS: UNRESPONSIVE SUBJECT,2019-05-18 16:53:50,LOWER MERION,MONTGOMERY AVE & WOODSIDE RD,1
40.0039548,-75.2207009,BELMONT AVE & E CITY AVE; LOWER MERION; 2016-04-06 @ 12:08:37;,19004,Traffic: VEHICLE ACCIDENT -,2016-04-06 12:08:37,LOWER MERION,BELMONT AVE & E CITY AVE,1
40.1022274,-75.3915443,VALLEY FORGE RD & GENERAL STEUBEN RD;  UPPER MERION; Station 317; 2017-08-22 @ 13:04:54;,19406,EMS: CARDIAC EMERGENCY,2017-08-22 13:04:54,UPPER MERION,VALLEY FORGE RD & GENERAL STEUBEN RD,1
40.2326676,-75.1736068,W COUNTY LINE RD & BRADFORD AVE; BUCKS COUNTY; 2018-02-05 @ 21:29:05;,18976,Traffic: VEHICLE ACCIDENT -,2018-02-05 21:29:05,BUCKS COUNTY,W COUNTY LINE RD & BRADFORD AVE,1
40.1041852,-75.4399451,VALLEY CREEK RD & VALLEY FORGE PARK RD; UPPER MERION; 2016-07-17 @ 15:22:42;,,Traffic: VEHICLE ACCIDENT -,2016-07-17 15:22:42,UPPER MERION,VALLEY CREEK RD & VALLEY FORGE PARK RD,1
40.0887507,-75.1217530,MEETINGHOUSE RD & SUNSET AVE; ABINGTON; 2016-12-22 @ 09:41:16-Station:STA200;,19046,Fire: FIRE ALARM,2016-12-22 09:41:16,ABINGTON,MEETINGHOUSE RD & SUNSET AVE,1
40.2315111,-75.6545599,HANOVER ST & E URNER ST;  CHESTER COUNTY; Station 3A84; 2020-03-29 @ 03:10:02;,19465,EMS: EYE INJURY,2020-03-29 03:10:02,CHESTER COUNTY,HANOVER ST & E URNER ST,1
40.1745629,-75.4560356,LARCHWOOD CT & PERKIOMEN BLVD;  UPPER PROVIDENCE; Station 324; 2018-03-08 @ 03:09:30;,19426,EMS: RESPIRATORY EMERGENCY,2018-03-08 03:09:30,UPPER PROVIDENCE,LARCHWOOD CT & PERKIOMEN BLVD,1
40.1248180,-75.1044358,LYNAM RD & HAMPTON RD;  ABINGTON; Station 381; 2018-12-05 @ 17:33:06;,19006,EMS: CARDIAC EMERGENCY,2018-12-05 17:33:06,ABINGTON,LYNAM RD & HAMPTON RD,1
40.0142283,-75.2986296,CHESWOLD LN & W MONTGOMERY AVE;  LOWER MERION; Station 313; 2017-01-24 @ 18:20:37;,19041,EMS: HEAD INJURY,2017-01-24 18:20:37,LOWER MERION,CHESWOLD LN & W MONTGOMERY AVE,1
40.1614701,-75.1301588,COMMERCE AVE & MARYLAND RD;  UPPER MORELAND; Station 384; 2019-05-29 @ 14:55:52;,19090,EMS: ALTERED MENTAL STATUS,2019-05-29 14:55:52,UPPER MORELAND,COMMERCE AVE & MARYLAND RD,1
40.1042063,-75.3676652,HAMPTON RD & BELMONT RD;  UPPER MERION; Station 317; 2018-05-31 @ 04:29:18;,19406,EMS: CARDIAC EMERGENCY,2018-05-31 04:29:18,UPPER MERION,HAMPTON RD & BELMONT RD,1
40.0900968,-75.1265843,OLD YORK RD & YORK RD;  ABINGTON; Station 382; 2017-01-06 @ 19:14:23;,19046,EMS: VEHICLE ACCIDENT,2017-01-06 19:14:23,ABINGTON,OLD YORK RD & YORK RD,1
40.2450540,-75.3405363,SUMNEYTOWN PIKE & FRANKLIN ST;  TOWAMENCIN; Station 345B; 2018-10-15 @ 12:30:11;,19438,EMS: OVERDOSE,2018-10-15 12:30:11,TOWAMENCIN,SUMNEYTOWN PIKE & FRANKLIN ST,1
40.1786998,-75.2051086,NORRISTOWN RD & TENNIS AVE;  LOWER GWYNEDD; Station 351; 2020-02-07 @ 13:44:04;,19002,EMS: OVERDOSE,2020-02-07 13:44:04,LOWER GWYNEDD,NORRISTOWN RD & TENNIS AVE,1
40.0972222,-75.3761952,GULPH RD & WEADLEYTOWN RD;  UPPER MERION; Station 317; 2016-08-25 @ 19:19:52;,,EMS: ALLERGIC REACTION,2016-08-25 19:19:52,UPPER MERION,GULPH RD & WEADLEYTOWN RD,1
40.2018782,-75.1925928,GOLDFINCH LN & MCKEAN RD; HORSHAM; 2018-05-18 @ 21:01:10;,19002,Traffic: DISABLED VEHICLE -,2018-05-18 21:01:10,HORSHAM,GOLDFINCH LN & MCKEAN RD,1
40.2563601,-75.6400219,CHARLOTTE ST & NIGHTINGALE ST;  POTTSTOWN; Station 329B; 2019-08-13 @ 08:25:33;,19464,EMS: UNCONSCIOUS SUBJECT,2019-08-13 08:25:33,POTTSTOWN,CHARLOTTE ST & NIGHTINGALE ST,1
40.1193872,-75.3919230,INDIAN LN & PORT INDIAN RD;  WEST NORRITON; Station 308B; 2017-12-16 @ 09:04:17;,19403,EMS: RESPIRATORY EMERGENCY,2017-12-16 09:04:17,WEST NORRITON,INDIAN LN & PORT INDIAN RD,1
40.1024996,-75.2783186,BUTLER PIKE; WHITEMARSH; 2016-02-13 @ 18:08:18-Station:STA29;,,Fire: VEHICLE ACCIDENT,2016-02-13 18:08:18,WHITEMARSH,BUTLER PIKE,1
40.1076415,-75.3975409,GEERDES BLVD & DEER CREEK DR; UPPER MERION; 2016-06-11 @ 07:24:07-Station:STA47;,19406,Fire: TRAIN CRASH,2016-06-11 07:24:07,UPPER MERION,GEERDES BLVD & DEER CREEK DR,1
40.0786042,-75.3054052,5TH AVE & MAPLE ST;  CONSHOHOCKEN; Station 313A; 2017-01-02 @ 20:04:18;,19428,EMS: UNRESPONSIVE SUBJECT,2017-01-02 20:04:18,CONSHOHOCKEN,5TH AVE & MAPLE ST,1
40.1990253,-75.2567041,DEKALB PIKE & PLYMOUTH RD; LOWER GWYNEDD; 2018-05-14 @ 06:38:19;,19002,Traffic: DISABLED VEHICLE -,2018-05-14 06:38:19,LOWER GWYNEDD,DEKALB PIKE & PLYMOUTH RD,1
40.1003438,-75.2939548,CHEMICAL RD & GALLAGHER RD;  PLYMOUTH; Station 308; 2019-05-06 @ 10:11:57;,19462,EMS: FALL VICTIM,2019-05-06 10:11:57,PLYMOUTH,CHEMICAL RD & GALLAGHER RD,1
40.0936150,-75.2837750,RIDGE PIKE & BUTLER PIKE;  WHITEMARSH; Station 318; 2019-11-13 @ 21:04:35;,19428,EMS: HEAD INJURY,2019-11-13 21:04:35,WHITEMARSH,RIDGE PIKE & BUTLER PIKE,1
40.1274502,-75.3618445,MARSHALL ST & N MONTGOMERY AVE;  WEST NORRITON; Station 308B; 2018-03-29 @ 13:34:06;,19403,EMS: BACK PAINS/INJURY,2018-03-29 13:34:06,WEST NORRITON,MARSHALL ST & N MONTGOMERY AVE,1
40.1330371,-75.4084631,SHANNONDELL DR & SHANNONDELL BLVD;  LOWER PROVIDENCE; Station 322A; 2019-06-10 @ 09:14:41;,19403,EMS: CARDIAC EMERGENCY,2019-06-10 09:14:41,LOWER PROVIDENCE,SHANNONDELL DR & SHANNONDELL BLVD,1
40.2890267,-75.3995896,MAIN ST & OLD SUMNEYTOWN PIKE;  LOWER SALFORD; Station 344; 2016-09-23 @ 11:58:37;,19438,EMS: GENERAL WEAKNESS,2016-09-23 11:58:37,LOWER SALFORD,MAIN ST & OLD SUMNEYTOWN PIKE,1
40.1174316,-75.1702482,LOGAN AVE & WALNUT AVE;  UPPER DUBLIN; Station 383; 2019-12-11 @ 05:11:35;,19038,EMS: RESPIRATORY EMERGENCY,2019-12-11 05:11:35,UPPER DUBLIN,LOGAN AVE & WALNUT AVE,1
40.2610160,-75.3179154,NORTH BEND CT & JACOBS HALL LN;  TOWAMENCIN; Station 345B; 2018-09-15 @ 14:30:05;,19446,EMS: CARDIAC EMERGENCY,2018-09-15 14:30:05,TOWAMENCIN,NORTH BEND CT & JACOBS HALL LN,1
40.1198332,-75.1253492,SUSQUEHANNA RD & RR CROSSING; ABINGTON; 2015-12-11 @ 10:47:46;,,Traffic: DISABLED VEHICLE -,2015-12-11 10:47:46,ABINGTON,SUSQUEHANNA RD & RR CROSSING,1
40.0900968,-75.1265843,OLD YORK RD & YORK RD;  ABINGTON; Station 382; 2016-12-29 @ 11:52:01;,19046,EMS: FALL VICTIM,2016-12-29 11:52:01,ABINGTON,OLD YORK RD & YORK RD,1
40.1568468,-75.1019942,S WARMINSTER RD & RR CROSSING; UPPER MORELAND; 2018-04-21 @ 16:11:54;,,Traffic: DISABLED VEHICLE -,2018-04-21 16:11:54,UPPER MORELAND,S WARMINSTER RD & RR CROSSING,1
40.3081136,-75.3324874,PARKVIEW DR & GREEN ST; SOUDERTON; 2018-05-23 @ 02:39:28-Station:STA74;,18964,Fire: BUILDING FIRE,2018-05-23 02:39:28,SOUDERTON,PARKVIEW DR & GREEN ST,1
40.0274163,-75.2563324,TOWER LN & ROSEMARY LN; LOWER MERION; 2017-10-11 @ 13:03:35-Station:STA22;,19072,Fire: FIRE ALARM,2017-10-11 13:03:35,LOWER MERION,TOWER LN & ROSEMARY LN,1
40.0788880,-75.3551040,HENDERSON RD & SHOEMAKER RD;  UPPER MERION; Station 317; 2017-03-07 @ 12:10:41;,19406,EMS: DIABETIC EMERGENCY,2017-03-07 12:10:41,UPPER MERION,HENDERSON RD & SHOEMAKER RD,1
40.2212266,-75.2887369,DEKALB PIKE & RT202 PKWY; UPPER GWYNEDD; 2017-05-17 @ 18:19:12;,,Traffic: DISABLED VEHICLE -,2017-05-17 18:19:12,UPPER GWYNEDD,DEKALB PIKE & RT202 PKWY,1
40.2290075,-75.3878525,PENNSYLVANIA TPKE & MILL RD OVERPASS; CHESTER COUNTY; 2017-12-02 @ 15:42:03-Station:STA47;,,Fire: VEHICLE ACCIDENT,2017-12-02 15:42:03,CHESTER COUNTY,PENNSYLVANIA TPKE & MILL RD OVERPASS,1
40.2782040,-75.3963637,OAK DR & HARLEYSVILLE PIKE;  LOWER SALFORD; Station 344; 2017-05-05 @ 15:28:38;,19438,EMS: VEHICLE ACCIDENT,2017-05-05 15:28:38,LOWER SALFORD,OAK DR & HARLEYSVILLE PIKE,1
40.2467856,-75.2785662,BROAD ST & E 7TH ST; LANSDALE; 2018-12-21 @ 21:55:45-Station:STA14;,19446,Fire: FIRE ALARM,2018-12-21 21:55:45,LANSDALE,BROAD ST & E 7TH ST,1
40.0923530,-75.1383250,E GLENSIDE AVE & GREENWOOD AVE; CHELTENHAM; 2019-10-16 @ 22:07:56;,19095,Traffic: ROAD OBSTRUCTION -,2019-10-16 22:07:56,CHELTENHAM,E GLENSIDE AVE & GREENWOOD AVE,1
40.1074003,-75.1132060,THE FAIRWAY  & RYDAL RD;  ABINGTON; Station 382; 2016-06-10 @ 07:56:49;,19046,EMS: SEIZURES,2016-06-10 07:56:49,ABINGTON,THE FAIRWAY  & RYDAL RD,1
40.1341512,-75.1200890,PROSPECT AVE & RUBICAM AVE;  ABINGTON; Station 381; 2018-11-11 @ 05:38:50;,19090,EMS: RESPIRATORY EMERGENCY,2018-11-11 05:38:50,ABINGTON,PROSPECT AVE & RUBICAM AVE,1
40.1532684,-75.1895576,PENNSYLVANIA TPKE & WELSH RD OVERPASS; UPPER DUBLIN; 2019-10-08 @ 01:22:36-Station:STA10;,,Fire: VEHICLE ACCIDENT,2019-10-08 01:22:36,UPPER DUBLIN,PENNSYLVANIA TPKE & WELSH RD OVERPASS,1
40.1805757,-75.1333253,HORSHAM RD & DRESHER RD; HORSHAM; 2016-01-13 @ 09:42:10;,19044,Traffic: DISABLED VEHICLE -,2016-01-13 09:42:10,HORSHAM,HORSHAM RD & DRESHER RD,1
40.3839063,-75.4214445,SWAMP CREEK RD & UPPER RIDGE RD;  MARLBOROUGH; Station 344A; 2020-03-01 @ 13:04:08;,18073,EMS: UNCONSCIOUS SUBJECT,2020-03-01 13:04:08,MARLBOROUGH,SWAMP CREEK RD & UPPER RIDGE RD,1
40.1561194,-75.4314728,HILLTOP CT & HI VUE RD;  LOWER PROVIDENCE; Station 322; 2020-04-14 @ 11:27:32;,19426,EMS: CARBON MONOXIDE DETECTOR,2020-04-14 11:27:32,LOWER PROVIDENCE,HILLTOP CT & HI VUE RD,1
40.1042160,-75.3321007,HURST ST & E 4TH ST;  BRIDGEPORT; Station 356; 2019-10-12 @ 23:28:04;,19405,EMS: CARDIAC ARREST,2019-10-12 23:28:04,BRIDGEPORT,HURST ST & E 4TH ST,1
40.0819503,-75.1717099,CHELTENHAM AVE & S EASTON RD; CHELTENHAM; 2018-02-16 @ 15:45:24;,19038,Traffic: VEHICLE ACCIDENT -,2018-02-16 15:45:24,CHELTENHAM,CHELTENHAM AVE & S EASTON RD,1
40.1032746,-75.4006816,W VALLEY FORGE RD & GEERDES BLVD; UPPER MERION; 2020-03-07 @ 19:40:37;,19406,Traffic: VEHICLE ACCIDENT -,2020-03-07 19:40:37,UPPER MERION,W VALLEY FORGE RD & GEERDES BLVD,1
40.1786998,-75.2051086,NORRISTOWN RD & TENNIS AVE;  LOWER GWYNEDD; Station 351; 2017-08-28 @ 08:03:35;,19002,EMS: UNKNOWN MEDICAL EMERGENCY,2017-08-28 08:03:35,LOWER GWYNEDD,NORRISTOWN RD & TENNIS AVE,1
40.1842742,-75.2276629,PENLLYN PIKE & N BETHLEHEM PIKE; LOWER GWYNEDD; 2016-08-10 @ 18:21:30;,19002,Traffic: VEHICLE ACCIDENT -,2016-08-10 18:21:30,LOWER GWYNEDD,PENLLYN PIKE & N BETHLEHEM PIKE,1
40.1162140,-75.1207460,OLD YORK RD & GUERNSEY AVE; ABINGTON; 2017-02-08 @ 18:55:00;,19001,Traffic: DISABLED VEHICLE -,2017-02-08 18:55:00,ABINGTON,OLD YORK RD & GUERNSEY AVE,1
40.1818065,-75.0946953,SPRINGDALE AVE;  HATBORO; Station 384; 2018-06-28 @ 16:03:20;,19040,EMS: HEAD INJURY,2018-06-28 16:03:20,HATBORO,SPRINGDALE AVE,1
40.2405261,-75.2624269,KNAPP RD & SYCAMORE DR; LANSDALE; 2017-05-19 @ 09:06:18-Station:STA14;,19446,Fire: ELECTRICAL FIRE OUTSIDE,2017-05-19 09:06:18,LANSDALE,KNAPP RD & SYCAMORE DR,1
40.3180114,-75.5692286,BIG RD & LUDWIG RD; NEW HANOVER; 2018-07-14 @ 08:26:36;,19525,Traffic: VEHICLE ACCIDENT -,2018-07-14 08:26:36,NEW HANOVER,BIG RD & LUDWIG RD,1
40.1425676,-75.1314296,FLEMING AVE & OLD WELSH RD;  ABINGTON; Station 381; 2019-03-04 @ 21:37:55;,19090,EMS: BACK PAINS/INJURY,2019-03-04 21:37:55,ABINGTON,FLEMING AVE & OLD WELSH RD,1
40.0539696,-75.3502404,MEADOWCROFT RD & S COUNTY LINE RD; UPPER MERION; 2016-09-01 @ 07:37:53;,19087,Traffic: VEHICLE ACCIDENT -,2016-09-01 07:37:53,UPPER MERION,MEADOWCROFT RD & S COUNTY LINE RD,1
40.0812601,-75.1370254,LIMEKILN PIKE & RT309 EXPY SB;  CHELTENHAM; Station 358A; 2016-04-28 @ 07:57:40;,,EMS: CARDIAC EMERGENCY,2016-04-28 07:57:40,CHELTENHAM,LIMEKILN PIKE & RT309 EXPY SB,1
40.0715721,-75.3018042,WASHINGTON ST & POPLAR ST; CONSHOHOCKEN; 2016-08-23 @ 11:33:10-Station:STA36;,19428,Fire: RESCUE - ELEVATOR,2016-08-23 11:33:10,CONSHOHOCKEN,WASHINGTON ST & POPLAR ST,1
40.0249667,-75.2829046,SCHUYLKILL EXPY & BELMONT AVE UNDERPASS; LOWER MERION; 2017-04-25 @ 10:40:19;,,Traffic: VEHICLE ACCIDENT -,2017-04-25 10:40:19,LOWER MERION,SCHUYLKILL EXPY & BELMONT AVE UNDERPASS,1
40.2443439,-75.5849795,HIGH ST & S SANATOGA RD; LOWER POTTSGROVE; 2018-08-03 @ 07:02:43;,19464,Traffic: VEHICLE ACCIDENT -,2018-08-03 07:02:43,LOWER POTTSGROVE,HIGH ST & S SANATOGA RD,1
40.2898803,-75.3736208,MAPLEWOOD DR & CRESCENT CIR;  FRANCONIA; Station 344; 2020-03-20 @ 15:27:19;,19438,EMS: MEDICAL ALERT ALARM,2020-03-20 15:27:19,FRANCONIA,MAPLEWOOD DR & CRESCENT CIR,1
40.2206391,-75.3758207,TOWNSHIP LINE RD;  WORCESTER; Station 322; 2017-12-26 @ 23:24:33;,19438,EMS: SUBJECT IN PAIN,2017-12-26 23:24:33,WORCESTER,TOWNSHIP LINE RD,1
40.1605669,-75.3560539,EISENHOWER DR & SENATOR RD; EAST NORRITON; 2018-04-19 @ 23:34:19-Station:STA61;,19403,Fire: S/B AT HELICOPTER LANDING,2018-04-19 23:34:19,EAST NORRITON,EISENHOWER DR & SENATOR RD,1
40.1346887,-75.1495806,FITZWATERTOWN RD & RAYMOND AVE; UPPER DUBLIN; 2019-05-30 @ 09:57:05-Station:STA88;,19001,Fire: GAS-ODOR/LEAK,2019-05-30 09:57:05,UPPER DUBLIN,FITZWATERTOWN RD & RAYMOND AVE,1
40.3158128,-75.5987346,ELM ST & E PHILADELPHIA AVE; DOUGLASS; 2016-02-24 @ 18:09:10;,19525,Traffic: DISABLED VEHICLE -,2016-02-24 18:09:10,DOUGLASS,ELM ST & E PHILADELPHIA AVE,1
40.0972222,-75.3761952,SCHUYLKILL EXPY & WEADLEY RD OVERPASS; UPPER MERION; 2018-10-27 @ 19:45:46;,,Traffic: DISABLED VEHICLE -,2018-10-27 19:45:46,UPPER MERION,SCHUYLKILL EXPY & WEADLEY RD OVERPASS,1
40.1571783,-75.0718282,BYBERRY RD & READING WAY;  BRYN ATHYN; Station 355; 2017-11-06 @ 15:11:23;,19006,EMS: RESPIRATORY EMERGENCY,2017-11-06 15:11:23,BRYN ATHYN,BYBERRY RD & READING WAY,1
40.0988044,-75.2128240,BETHLEHEM PIKE & HAWS LN; SPRINGFIELD; 2018-03-02 @ 15:11:01;,19031,Traffic: VEHICLE ACCIDENT -,2018-03-02 15:11:01,SPRINGFIELD,BETHLEHEM PIKE & HAWS LN,1
40.0824307,-75.2475835,ANDORRA HILL RD & ANDORRA RD; WHITEMARSH; 2019-11-01 @ 01:34:48;,19444,Traffic: ROAD OBSTRUCTION -,2019-11-01 01:34:48,WHITEMARSH,ANDORRA HILL RD & ANDORRA RD,1
40.2450058,-75.5930476,HIGH ST & BROWN ST;  LOWER POTTSGROVE; Station 329; 2016-01-25 @ 11:46:33;,19464,EMS: SUBJECT IN PAIN,2016-01-25 11:46:33,LOWER POTTSGROVE,HIGH ST & BROWN ST,1
40.1864995,-75.4275538,EVANSBURG RD & LISA LN; SKIPPACK; 2020-01-16 @ 15:25:23;,19426,Traffic: ROAD OBSTRUCTION -,2020-01-16 15:25:23,SKIPPACK,EVANSBURG RD & LISA LN,1
40.1053082,-75.2815426,CHEMICAL RD & W GERMANTOWN PIKE; PLYMOUTH; 2019-06-07 @ 17:33:22;,19462,Traffic: DISABLED VEHICLE -,2019-06-07 17:33:22,PLYMOUTH,CHEMICAL RD & W GERMANTOWN PIKE,1
40.1550603,-75.1022513,DAVISVILLE RD & PENNYPACK RD;  UPPER MORELAND; Station 381; 2016-08-21 @ 12:19:11;,19040,EMS: ABDOMINAL PAINS,2016-08-21 12:19:11,UPPER MORELAND,DAVISVILLE RD & PENNYPACK RD,1
40.0723570,-75.0947610,COTTMAN AVE & ZANE AVE; CHELTENHAM; 2017-11-09 @ 07:40:58;,19046,Traffic: VEHICLE ACCIDENT -,2017-11-09 07:40:58,CHELTENHAM,COTTMAN AVE & ZANE AVE,1
40.0354582,-75.2560428,HOLLOW RD & RAMP I76 WB TO HOLLOW RD; LOWER MERION; 2018-07-14 @ 21:54:17;,19072,Traffic: VEHICLE ACCIDENT -,2018-07-14 21:54:17,LOWER MERION,HOLLOW RD & RAMP I76 WB TO HOLLOW RD,1
40.0679762,-75.1274950,SPRING AVE & ASHBOURNE RD;  CHELTENHAM; Station 358; 2019-03-20 @ 22:06:38;,19027,EMS: UNKNOWN MEDICAL EMERGENCY,2019-03-20 22:06:38,CHELTENHAM,SPRING AVE & ASHBOURNE RD,1
40.1743848,-75.1526262,BROWNSTONE DR & SCHOOL RD;  HORSHAM; Station 352; 2020-07-09 @ 17:25:29;,19044,EMS: CARDIAC EMERGENCY,2020-07-09 17:25:29,HORSHAM,BROWNSTONE DR & SCHOOL RD,1
40.0702032,-75.1341943,OLD YORK RD & STETSON RD; CHELTENHAM; 2018-06-26 @ 07:50:41-Station:STA3;,19027,Fire: ELECTRICAL FIRE OUTSIDE,2018-06-26 07:50:41,CHELTENHAM,OLD YORK RD & STETSON RD,1
40.0926859,-75.1371067,GREENWOOD AVE & WEST AVE; JENKINTOWN; 2018-04-16 @ 20:55:58-Station:STA96;,19046,Fire: RESCUE - ELEVATOR,2018-04-16 20:55:58,JENKINTOWN,GREENWOOD AVE & WEST AVE,1
40.2009354,-75.4809106,W MAIN ST & W 7TH AVE; TRAPPE; 2018-04-24 @ 11:27:00;,19426,Traffic: VEHICLE ACCIDENT -,2018-04-24 11:27:00,TRAPPE,W MAIN ST & W 7TH AVE,1
40.2288917,-75.2367048,BETHLEHEM PIKE & KNAPP RD;  MONTGOMERY; Station 345A; 2016-08-25 @ 12:08:26;,18936,EMS: OVERDOSE,2016-08-25 12:08:26,MONTGOMERY,BETHLEHEM PIKE & KNAPP RD,1
40.1592800,-75.2174259,FAIRVIEW AVE & ROSEMONT AVE;  AMBLER; Station 351; 2017-02-19 @ 08:51:16;,19002,EMS: UNCONSCIOUS SUBJECT,2017-02-19 08:51:16,AMBLER,FAIRVIEW AVE & ROSEMONT AVE,1
40.1504673,-75.1344874,KIMBALL AVE & WILLOW AVE; UPPER DUBLIN; 2018-07-09 @ 09:08:27-Station:STA88;,19090,Fire: GAS-ODOR/LEAK,2018-07-09 09:08:27,UPPER DUBLIN,KIMBALL AVE & WILLOW AVE,1
40.1533049,-75.2014598,LOCH ALSH AVE & SPARK DR;  UPPER DUBLIN; Station 351; 2019-01-08 @ 03:56:57;,19034,EMS: EMS SPECIAL SERVICE,2019-01-08 03:56:57,UPPER DUBLIN,LOCH ALSH AVE & SPARK DR,1
40.1317263,-75.2985667,VALLEY CREEK RD & KORMAR RD;  PLYMOUTH; Station 308; 2020-01-13 @ 20:22:14;,19462,EMS: CARDIAC EMERGENCY,2020-01-13 20:22:14,PLYMOUTH,VALLEY CREEK RD & KORMAR RD,1
40.0596696,-75.0959951,TOOKANY CREEK PKWY & CENTRAL AVE; CHELTENHAM; 2017-09-08 @ 12:05:40;,19012,Traffic: VEHICLE ACCIDENT -,2017-09-08 12:05:40,CHELTENHAM,TOOKANY CREEK PKWY & CENTRAL AVE,1
40.0856644,-75.1333487,LINDEN DR & RIVER BIRCH CIR;  CHELTENHAM; Station 358; 2016-08-15 @ 09:09:50;,19027,EMS: CARDIAC EMERGENCY,2016-08-15 09:09:50,CHELTENHAM,LINDEN DR & RIVER BIRCH CIR,1
40.1157691,-75.3471818,BARBADOES ST;  NORRISTOWN; Station 308A; 2016-03-28 @ 05:37:09;,19401,EMS: VEHICLE ACCIDENT,2016-03-28 05:37:09,NORRISTOWN,BARBADOES ST,1
40.0820670,-75.4024450,SWEDESFORD RD & S WARNER RD;  UPPER MERION; Station 356A; 2020-07-07 @ 16:37:34;,19406,EMS: VEHICLE ACCIDENT,2020-07-07 16:37:34,UPPER MERION,SWEDESFORD RD & S WARNER RD,1
40.1257391,-75.3398220,MARKLEY ST & W WOOD ST; NORRISTOWN; 2017-06-06 @ 13:32:31;,19401,Traffic: VEHICLE ACCIDENT -,2017-06-06 13:32:31,NORRISTOWN,MARKLEY ST & W WOOD ST,1
40.1147605,-75.3378565,MOORE ST & ARCH ST;  NORRISTOWN; Station 308A; 2019-08-26 @ 19:40:39;,19401,EMS: OVERDOSE,2019-08-26 19:40:39,NORRISTOWN,MOORE ST & ARCH ST,1
40.1571783,-75.0718282,BYBERRY RD & READING WAY;  BRYN ATHYN; Station 355; 2016-05-05 @ 17:46:12;,19006,EMS: CARDIAC EMERGENCY,2016-05-05 17:46:12,BRYN ATHYN,BYBERRY RD & READING WAY,1
40.1830378,-75.5238511,PROVIDENCE FORGE  & VAUGHN RD;  UPPER PROVIDENCE; Station 325; 2019-11-09 @ 11:29:18;,19468,EMS: SUBJECT IN PAIN,2019-11-09 11:29:18,UPPER PROVIDENCE,PROVIDENCE FORGE  & VAUGHN RD,1
40.0249667,-75.2829046,SCHUYLKILL EXPY & WAVERLY RD UNDERPASS; LOWER MERION; 2017-05-24 @ 16:58:31;,,Traffic: VEHICLE ACCIDENT -,2017-05-24 16:58:31,LOWER MERION,SCHUYLKILL EXPY & WAVERLY RD UNDERPASS,1
40.0335780,-75.2670955,SCHUYLKILL EXPY & CONSHOHOCKEN STATE UNDERPASS;  LOWER MERION; Station 313; 2019-06-30 @ 19:34:19;,,EMS: VEHICLE ACCIDENT,2019-06-30 19:34:19,LOWER MERION,SCHUYLKILL EXPY & CONSHOHOCKEN STATE UNDERPASS,1
40.0899730,-75.1410849,FERNBROOK AVE & MAPLE AVE;  CHELTENHAM; Station 358A; 2016-07-25 @ 09:41:40;,19095,EMS: CARDIAC EMERGENCY,2016-07-25 09:41:40,CHELTENHAM,FERNBROOK AVE & MAPLE AVE,1
40.0862295,-75.1791176,CHELTENHAM AVE & MERMAID LN; SPRINGFIELD; 2019-11-07 @ 17:19:53;,19038,Traffic: VEHICLE ACCIDENT -,2019-11-07 17:19:53,SPRINGFIELD,CHELTENHAM AVE & MERMAID LN,1
39.9991037,-75.2375615,OLD LANCASTER RD & UPLAND TER; LOWER MERION; 2017-10-17 @ 15:42:43;,19066,Traffic: VEHICLE ACCIDENT -,2017-10-17 15:42:43,LOWER MERION,OLD LANCASTER RD & UPLAND TER,1
40.3057210,-75.3739320,INDIAN CREEK RD; FRANCONIA; 2017-12-09 @ 17:08:17-Station:STA89;,18969,Fire: VEHICLE ACCIDENT,2017-12-09 17:08:17,FRANCONIA,INDIAN CREEK RD,1
40.2309343,-75.5221245,LIGHTCAP RD & SANATOGA SPRINGS DR; LIMERICK; 2017-05-13 @ 15:50:54;,19468,Traffic: VEHICLE ACCIDENT -,2017-05-13 15:50:54,LIMERICK,LIGHTCAP RD & SANATOGA SPRINGS DR,1
40.1813816,-75.0935206,JEFFERSON AVE & CORINTHIAN AVE; HATBORO; 2017-07-21 @ 09:19:49;,19040,Traffic: ROAD OBSTRUCTION -,2017-07-21 09:19:49,HATBORO,JEFFERSON AVE & CORINTHIAN AVE,1
40.1034519,-75.3379905,2ND ST & CHERRY ALY;  BRIDGEPORT; Station 317; 2018-05-10 @ 19:32:26;,19405,EMS: SUBJECT IN PAIN,2018-05-10 19:32:26,BRIDGEPORT,2ND ST & CHERRY ALY,1
40.1126850,-75.3257860,LUXOR LN & KELLY DR;  NORRISTOWN; Station 308A; 2020-01-04 @ 04:58:56;,19401,EMS: CARBON MONOXIDE DETECTOR,2020-01-04 04:58:56,NORRISTOWN,LUXOR LN & KELLY DR,1
40.2791827,-75.2515887,COUNTY LINE RD; HATFIELD TOWNSHIP; 2016-06-14 @ 09:52:29-Station:STA12;,,Fire: VEHICLE FIRE,2016-06-14 09:52:29,HATFIELD TOWNSHIP,COUNTY LINE RD,1
40.1196640,-75.3483610,MARSHALL ST & ASTOR ST; NORRISTOWN; 2017-10-08 @ 17:12:39-Station:STA27;,19401,Fire: FIRE ALARM,2017-10-08 17:12:39,NORRISTOWN,MARSHALL ST & ASTOR ST,1
40.1452231,-75.3186843,SWEDE RD & W GERMANTOWN PIKE; EAST NORRITON; 2019-08-30 @ 13:55:11;,19401,Traffic: VEHICLE ACCIDENT -,2019-08-30 13:55:11,EAST NORRITON,SWEDE RD & W GERMANTOWN PIKE,1
40.3229120,-75.4769038,CRUSHER RD & PERKIOMEN TRL; MARLBOROUGH; 2019-09-05 @ 16:37:35;,18074,Traffic: VEHICLE ACCIDENT -,2019-09-05 16:37:35,MARLBOROUGH,CRUSHER RD & PERKIOMEN TRL,1
40.0865385,-75.3862840,W DEKALB PIKE & MALL BLVD; UPPER MERION; 2016-08-19 @ 17:18:26;,19406,Traffic: DISABLED VEHICLE -,2016-08-19 17:18:26,UPPER MERION,W DEKALB PIKE & MALL BLVD,1
40.2476169,-75.6415844,WALNUT ST & N WASHINGTON ST;  POTTSTOWN; Station 329; 2018-02-12 @ 16:07:30;,19464,EMS: FALL VICTIM,2018-02-12 16:07:30,POTTSTOWN,WALNUT ST & N WASHINGTON ST,1
40.1324581,-75.1204230,FRANKLIN AVE & DECATUR AVE;  ABINGTON; Station 381; 2016-05-03 @ 23:54:54;,19090,EMS: SEIZURES,2016-05-03 23:54:54,ABINGTON,FRANKLIN AVE & DECATUR AVE,1
40.1445995,-75.1187916,SUMMIT AVE & CENTER AVE; UPPER MORELAND; 2018-04-14 @ 22:24:45-Station:STA10;,19090,Fire: FIRE INVESTIGATION,2018-04-14 22:24:45,UPPER MORELAND,SUMMIT AVE & CENTER AVE,1
40.1179124,-75.3442823,MARSHALL ST & FRANKLIN ALY;  NORRISTOWN; Station 308A; 2019-01-05 @ 00:11:00;,19401,EMS: RESPIRATORY EMERGENCY,2019-01-05 00:11:00,NORRISTOWN,MARSHALL ST & FRANKLIN ALY,1
40.1166234,-75.1906352,LORRAINE AVE & ANDERSON AVE;  SPRINGFIELD; Station 311; 2016-01-10 @ 01:58:49;,19075,EMS: UNCONSCIOUS SUBJECT,2016-01-10 01:58:49,SPRINGFIELD,LORRAINE AVE & ANDERSON AVE,1
40.2228820,-75.3987889,PRISON RD & PIGGERY RD;  SKIPPACK; Station 336; 2017-03-02 @ 12:16:26;,,EMS: CARDIAC EMERGENCY,2017-03-02 12:16:26,SKIPPACK,PRISON RD & PIGGERY RD,1
40.3430294,-75.4555972,GERYVILLE PIKE & UPPER RIDGE RD; MARLBOROUGH; 2018-03-02 @ 13:32:35;,18054,Traffic: ROAD OBSTRUCTION -,2018-03-02 13:32:35,MARLBOROUGH,GERYVILLE PIKE & UPPER RIDGE RD,1
40.0174436,-75.2347223,YALE RD & E DARTMOUTH RD;  LOWER MERION; Station 313; 2016-01-30 @ 20:43:16;,19004,EMS: UNCONSCIOUS SUBJECT,2016-01-30 20:43:16,LOWER MERION,YALE RD & E DARTMOUTH RD,1
40.0809133,-75.2026651,EVERGREEN AVE & STENTON AVE;  SPRINGFIELD; Station 311; 2016-08-14 @ 12:42:52;,19038,EMS: NAUSEA/VOMITING,2016-08-14 12:42:52,SPRINGFIELD,EVERGREEN AVE & STENTON AVE,1
40.0972222,-75.3761952,PENNSYLVANIA TPKE & FLINT HILL RD OVERPASS; UPPER MERION; 2018-11-14 @ 15:14:45;,,Traffic: ROAD OBSTRUCTION -,2018-11-14 15:14:45,UPPER MERION,PENNSYLVANIA TPKE & FLINT HILL RD OVERPASS,1
40.0855923,-75.3912204,GULPH RD & KIRK AVE; UPPER MERION; 2018-04-12 @ 19:49:23;,19406,Traffic: VEHICLE ACCIDENT -,2018-04-12 19:49:23,UPPER MERION,GULPH RD & KIRK AVE,1
40.1757818,-75.3553237,N TROOPER RD & W TOWNSHIP LINE RD; WORCESTER; 2017-11-07 @ 16:02:26;,19403,Traffic: VEHICLE ACCIDENT -,2017-11-07 16:02:26,WORCESTER,N TROOPER RD & W TOWNSHIP LINE RD,1
40.1144365,-75.3380575,ARCH ST & CLAY ALY;  NORRISTOWN; Station 308A; 2017-06-08 @ 00:15:17;,19401,EMS: FALL VICTIM,2017-06-08 00:15:17,NORRISTOWN,ARCH ST & CLAY ALY,1
40.1082672,-75.3062326,BLUEROUTE  & RAMP I476 SB TO RIDGE PIKE WB; PLYMOUTH; 2019-07-04 @ 07:20:31;,,Traffic: DISABLED VEHICLE -,2019-07-04 07:20:31,PLYMOUTH,BLUEROUTE  & RAMP I476 SB TO RIDGE PIKE WB,1
40.2514920,-75.6033497,RT422 BYP & S PLEASANTVIEW RD OVERPASS; LOWER POTTSGROVE; 2017-07-05 @ 12:34:07;,,Traffic: VEHICLE ACCIDENT -,2017-07-05 12:34:07,LOWER POTTSGROVE,RT422 BYP & S PLEASANTVIEW RD OVERPASS,1
40.2541003,-75.3388642,DOCK DR & DETWILER RD;  TOWAMENCIN; Station 345B; 2016-01-05 @ 13:42:54;,19446,EMS: RESPIRATORY EMERGENCY,2016-01-05 13:42:54,TOWAMENCIN,DOCK DR & DETWILER RD,1
40.2456734,-75.2796667,BROAD ST & E 6TH ST;  LANSDALE; Station 345; 2018-02-01 @ 20:19:29;,19446,EMS: HEAD INJURY,2018-02-01 20:19:29,LANSDALE,BROAD ST & E 6TH ST,1
40.0675330,-75.1465640,CHELTENHAM AVE & PENROSE AVE; CHELTENHAM; 2017-06-10 @ 21:08:08;,19027,Traffic: VEHICLE ACCIDENT -,2017-06-10 21:08:08,CHELTENHAM,CHELTENHAM AVE & PENROSE AVE,1
40.0864554,-75.1573831,RICES MILL RD & PANTHER RD; CHELTENHAM; 2019-06-28 @ 15:05:39-Station:STA1;,19095,Fire: FIRE ALARM,2019-06-28 15:05:39,CHELTENHAM,RICES MILL RD & PANTHER RD,1
40.0787170,-75.1598163,OGONTZ AVE & LIMEKILN PIKE; CHELTENHAM; 2020-02-14 @ 16:26:06;,19095,Traffic: VEHICLE ACCIDENT -,2020-02-14 16:26:06,CHELTENHAM,OGONTZ AVE & LIMEKILN PIKE,1
40.1540529,-75.3365950,MICHELE DR & BARBARA DR;  EAST NORRITON; Station 308B; 2017-04-16 @ 02:10:11;,19403,EMS: CARDIAC EMERGENCY,2017-04-16 02:10:11,EAST NORRITON,MICHELE DR & BARBARA DR,1
40.3097481,-75.3373782,COWPATH RD & W RELIANCE RD;  FRANCONIA; Station 339; 2016-06-29 @ 18:29:46;,18964,EMS: ALLERGIC REACTION,2016-06-29 18:29:46,FRANCONIA,COWPATH RD & W RELIANCE RD,1
40.1330371,-75.4084631,SHANNONDELL DR & SHANNONDELL BLVD;  LOWER PROVIDENCE; Station 322A; 2018-10-15 @ 22:01:37;,19403,EMS: MEDICAL ALERT ALARM,2018-10-15 22:01:37,LOWER PROVIDENCE,SHANNONDELL DR & SHANNONDELL BLVD,1
40.1635075,-75.1541222,JARRETTOWN RD & WELSH RD; UPPER DUBLIN; 2016-03-15 @ 22:28:17;,19002,Traffic: VEHICLE ACCIDENT -,2016-03-15 22:28:17,UPPER DUBLIN,JARRETTOWN RD & WELSH RD,1
40.2173945,-75.4687469,STEWART RD & CRANBERRY BLVD; PERKIOMEN; 2018-01-25 @ 19:19:58-Station:STA66;,19426,Fire: FIRE SPECIAL SERVICE,2018-01-25 19:19:58,PERKIOMEN,STEWART RD & CRANBERRY BLVD,1
40.1038678,-75.1297875,BAEDER RD & WANAMAKER RD; ABINGTON; 2017-11-24 @ 14:23:05;,19046,Traffic: VEHICLE ACCIDENT -,2017-11-24 14:23:05,ABINGTON,BAEDER RD & WANAMAKER RD,1
40.2797430,-75.2770721,IVY LN & SAULIN BLVD; HATFIELD TOWNSHIP; 2019-09-25 @ 18:05:34;,19406,Traffic: VEHICLE ACCIDENT -,2019-09-25 18:05:34,HATFIELD TOWNSHIP,IVY LN & SAULIN BLVD,1
40.2570092,-75.6704950,PULASKI ST & GLASGOW ST;  WEST POTTSGROVE; Station 329; 2018-08-16 @ 18:09:36;,19464,EMS: HEMORRHAGING,2018-08-16 18:09:36,WEST POTTSGROVE,PULASKI ST & GLASGOW ST,1
40.0729112,-75.3432774,TRINITY LN & SWEDELAND RD;  UPPER MERION; Station 317; 2018-06-15 @ 16:25:55;,19406,EMS: SYNCOPAL EPISODE,2018-06-15 16:25:55,UPPER MERION,TRINITY LN & SWEDELAND RD,1
40.1573591,-75.0689141,DAYLILY WAY & SILVER BIRCH RD;  LOWER MORELAND; Station 355; 2017-07-23 @ 17:17:38;,19006,EMS: GENERAL WEAKNESS,2017-07-23 17:17:38,LOWER MORELAND,DAYLILY WAY & SILVER BIRCH RD,1
40.3517337,-75.3724671,RIDGE RD & S COUNTY LINE RD; SALFORD; 2016-07-14 @ 20:11:45;,18960,Traffic: VEHICLE ACCIDENT -,2016-07-14 20:11:45,SALFORD,RIDGE RD & S COUNTY LINE RD,1
40.1245477,-75.3487262,ELM ST & HAWS AVE;  NORRISTOWN; Station 308A; 2017-01-01 @ 15:34:36;,19401,EMS: SYNCOPAL EPISODE,2017-01-01 15:34:36,NORRISTOWN,ELM ST & HAWS AVE,1
40.1209424,-75.0687719,WELSH RD & WALTON RD;  LOWER MORELAND; Station 355; 2018-09-09 @ 11:48:52;,19006,EMS: RESPIRATORY EMERGENCY,2018-09-09 11:48:52,LOWER MORELAND,WELSH RD & WALTON RD,1
40.2552707,-75.3407218,WOODS DR & DETWILER RD;  TOWAMENCIN; Station 345B; 2016-04-15 @ 14:27:52;,19446,EMS: ALTERED MENTAL STATUS,2016-04-15 14:27:52,TOWAMENCIN,WOODS DR & DETWILER RD,1
40.1524351,-75.1356188,WELSH RD & CARLSON DR; UPPER DUBLIN; 2019-09-02 @ 14:40:57;,19090,Traffic: VEHICLE ACCIDENT -,2019-09-02 14:40:57,UPPER DUBLIN,WELSH RD & CARLSON DR,1
40.3642933,-75.5191738,KINGS RD;  UPPER HANOVER; Station 369; 2016-04-17 @ 18:20:48;,18073,EMS: VEHICLE ACCIDENT,2016-04-17 18:20:48,UPPER HANOVER,KINGS RD,1
40.2288803,-75.4828164,ABBEY LN & GREENSHIRE BLVD; PERKIOMEN; 2017-07-21 @ 05:38:47-Station:STA66;,19473,Fire: FIRE POLICE NEEDED,2017-07-21 05:38:47,PERKIOMEN,ABBEY LN & GREENSHIRE BLVD,1
40.1981174,-75.5215331,S TOWNSHIP LINE RD & BUCKWALTER RD; LIMERICK; 2020-02-10 @ 14:44:58;,19468,Traffic: VEHICLE ACCIDENT -,2020-02-10 14:44:58,LIMERICK,S TOWNSHIP LINE RD & BUCKWALTER RD,1
40.2513703,-75.4657098,PERKIOMEN AVE & 3RD ST;  SCHWENKSVILLE; Station 308C; 2017-08-13 @ 12:34:09;,19473,EMS: HEAD INJURY,2017-08-13 12:34:09,SCHWENKSVILLE,PERKIOMEN AVE & 3RD ST,1
40.3139613,-75.3284431,MAIN ST & W SUMMIT ST;  SOUDERTON; Station 339; 2017-04-25 @ 02:29:43;,18964,EMS: ABDOMINAL PAINS,2017-04-25 02:29:43,SOUDERTON,MAIN ST & W SUMMIT ST,1
40.0855923,-75.3912204,GULPH RD & KIRK AVE;  UPPER MERION; Station 356; 2019-08-13 @ 21:14:42;,19406,EMS: HEAD INJURY,2019-08-13 21:14:42,UPPER MERION,GULPH RD & KIRK AVE,1
40.1217247,-75.1176582,OLD YORK RD & BRENTWOOD RD; ABINGTON; 2018-12-24 @ 17:00:52;,19001,Traffic: VEHICLE ACCIDENT -,2018-12-24 17:00:52,ABINGTON,OLD YORK RD & BRENTWOOD RD,1
40.2582531,-75.2482301,BETHLEHEM PIKE & TAYLOR RD;  MONTGOMERY; Station 345; 2017-08-21 @ 04:22:07;,19446,EMS: FRACTURE,2017-08-21 04:22:07,MONTGOMERY,BETHLEHEM PIKE & TAYLOR RD,1
40.0855923,-75.3912204,GULPH RD & KIRK AVE;  UPPER MERION; Station 317; 2018-06-08 @ 11:03:29;,19406,EMS: HEAD INJURY,2018-06-08 11:03:29,UPPER MERION,GULPH RD & KIRK AVE,1
40.1225722,-75.3453273,ELM ST & ASTOR ST;  NORRISTOWN; Station 308A; 2018-06-29 @ 22:04:34;,19401,EMS: OVERDOSE,2018-06-29 22:04:34,NORRISTOWN,ELM ST & ASTOR ST,1
40.2250992,-75.2076515,HORSHAM RD & GREEN TREE TAVERN RD;  HORSHAM; Station 352; 2016-08-03 @ 08:52:18;,19454,EMS: HEMORRHAGING,2016-08-03 08:52:18,HORSHAM,HORSHAM RD & GREEN TREE TAVERN RD,1
40.2898803,-75.3736208,MAPLEWOOD DR & CRESCENT CIR;  FRANCONIA; Station 344; 2020-05-21 @ 09:14:28;,19438,EMS: FALL VICTIM,2020-05-21 09:14:28,FRANCONIA,MAPLEWOOD DR & CRESCENT CIR,1
40.0855923,-75.3912204,GULPH RD & KIRK AVE; UPPER MERION; 2020-07-22 @ 08:37:43-Station:STA56;,19406,Fire: WOODS/FIELD FIRE,2020-07-22 08:37:43,UPPER MERION,GULPH RD & KIRK AVE,1
40.0935279,-75.1337202,FLORENCE AVE & GREENWOOD AVE;  JENKINTOWN; Station 382; 2016-07-30 @ 19:26:34;,19046,EMS: GENERAL WEAKNESS,2016-07-30 19:26:34,JENKINTOWN,FLORENCE AVE & GREENWOOD AVE,1
40.0384898,-75.2888939,ROCK CREEK RD & IDLEWILD RD;  LOWER MERION; Station 313; 2016-01-16 @ 11:20:18;,19035,EMS: UNRESPONSIVE SUBJECT,2016-01-16 11:20:18,LOWER MERION,ROCK CREEK RD & IDLEWILD RD,1
40.1756430,-75.5220170,GEORGETOWNE CT & MINGO RD; UPPER PROVIDENCE; 2015-12-24 @ 16:04:31;,19468,Traffic: VEHICLE ACCIDENT -,2015-12-24 16:04:31,UPPER PROVIDENCE,GEORGETOWNE CT & MINGO RD,1
40.0792149,-75.1282157,WESTMINSTER RD & OLD YORK ROAD SPUR; CHELTENHAM; 2018-03-07 @ 14:56:11;,19027,Traffic: DISABLED VEHICLE -,2018-03-07 14:56:11,CHELTENHAM,WESTMINSTER RD & OLD YORK ROAD SPUR,1
40.2780745,-75.3123382,FAIRGROUNDS RD & JEAN DR;  HATFIELD TOWNSHIP; Station 345; 2017-03-13 @ 20:05:55;,19440,EMS: RESPIRATORY EMERGENCY,2017-03-13 20:05:55,HATFIELD TOWNSHIP,FAIRGROUNDS RD & JEAN DR,1
40.0138560,-75.2279595,BELMONT AVE; LOWER MERION; 2016-08-11 @ 18:15:23-Station:STA22;,19004,Fire: BUILDING FIRE,2016-08-11 18:15:23,LOWER MERION,BELMONT AVE,1
40.0296652,-75.3242811,MONTGOMERY AVE & AIRDALE RD; LOWER MERION; 2018-07-09 @ 16:02:18;,19010,Traffic: DISABLED VEHICLE -,2018-07-09 16:02:18,LOWER MERION,MONTGOMERY AVE & AIRDALE RD,1
40.1217339,-75.3250136,HIGH ST & CAROLINE DR;  NORRISTOWN; Station 308A; 2016-05-26 @ 11:17:55;,19401,EMS: HEMORRHAGING,2016-05-26 11:17:55,NORRISTOWN,HIGH ST & CAROLINE DR,1
40.2052931,-75.2550325,MEETINGHOUSE RD & DEKALB PIKE;  LOWER GWYNEDD; Station 351; 2016-09-03 @ 17:07:12;,19454,EMS: RESPIRATORY EMERGENCY,2016-09-03 17:07:12,LOWER GWYNEDD,MEETINGHOUSE RD & DEKALB PIKE,1
40.2212266,-75.2887369,RT202 PKWY & WELSH RD; UPPER GWYNEDD; 2018-09-15 @ 19:30:22;,,Traffic: DISABLED VEHICLE -,2018-09-15 19:30:22,UPPER GWYNEDD,RT202 PKWY & WELSH RD,1
40.0756034,-75.1078088,TOWNSHIP LINE RD & JENKINTOWN RD; ABINGTON; 2018-08-28 @ 15:47:41;,19027,Traffic: VEHICLE ACCIDENT -,2018-08-28 15:47:41,ABINGTON,TOWNSHIP LINE RD & JENKINTOWN RD,1
40.0947849,-75.4172601,1ST AVE & N GULPH RD; UPPER MERION; 2018-12-01 @ 17:03:15;,19087,Traffic: VEHICLE ACCIDENT -,2018-12-01 17:03:15,UPPER MERION,1ST AVE & N GULPH RD,1
40.1699246,-75.1295282,BLAIR MILL RD & GIBRALTAR RD; HORSHAM; 2017-10-23 @ 17:56:43;,19090,Traffic: VEHICLE ACCIDENT -,2017-10-23 17:56:43,HORSHAM,BLAIR MILL RD & GIBRALTAR RD,1
40.2543624,-75.6508587,6TH ST & JOHNSON ST;  POTTSTOWN; Station 329; 2019-10-13 @ 12:52:30;,19464,EMS: SUBJECT IN PAIN,2019-10-13 12:52:30,POTTSTOWN,6TH ST & JOHNSON ST,1
40.1245072,-75.2648985,TOWNSHIP LINE RD & SPARANGO LN; PLYMOUTH; 2018-04-06 @ 12:36:14;,19422,Traffic: VEHICLE ACCIDENT -,2018-04-06 12:36:14,PLYMOUTH,TOWNSHIP LINE RD & SPARANGO LN,1
40.0685737,-75.3212564,BLUEROUTE  & SCHUYLKILL EXPY UNDERPASS;  WEST CONSHOHOCKEN; Station 313A; 2017-01-30 @ 08:40:58;,19428,EMS: UNKNOWN MEDICAL EMERGENCY,2017-01-30 08:40:58,WEST CONSHOHOCKEN,BLUEROUTE  & SCHUYLKILL EXPY UNDERPASS,1
40.1828533,-75.4039410,GRANGE AVE & MILL RD;  WORCESTER; Station 322; 2019-05-11 @ 03:45:02;,19426,EMS: ALTERED MENTAL STATUS,2019-05-11 03:45:02,WORCESTER,GRANGE AVE & MILL RD,1
40.4637571,-74.6572119,PIKE MEAD  ; LOWER MERION; 2018-11-15 @ 17:08:26;,08502,Traffic: DISABLED VEHICLE -,2018-11-15 17:08:26,LOWER MERION,PIKE MEAD,1
40.3404340,-75.4723350,GRAVEL PIKE & LUMBER ST;  GREEN LANE; Station 344A; 2016-10-31 @ 15:13:45;,18054,EMS: RESPIRATORY EMERGENCY,2016-10-31 15:13:45,GREEN LANE,GRAVEL PIKE & LUMBER ST,1
40.2584961,-75.6380333,SPRUCE ST & WILSON ST; POTTSTOWN; 2019-05-24 @ 10:12:15;,19464,Traffic: ROAD OBSTRUCTION -,2019-05-24 10:12:15,POTTSTOWN,SPRUCE ST & WILSON ST,1
40.0711763,-75.1530171,CHELTENHAM AVE;  CHELTENHAM; Station 358A; 2016-06-16 @ 16:29:38;,,EMS: VEHICLE ACCIDENT,2016-06-16 16:29:38,CHELTENHAM,CHELTENHAM AVE,1
40.4039658,-75.5004776,MAIN ST & 2ND ST; EAST GREENVILLE; 2018-04-16 @ 14:26:42-Station:STA38;,18041,Fire: FIRE INVESTIGATION,2018-04-16 14:26:42,EAST GREENVILLE,MAIN ST & 2ND ST,1
40.1173442,-75.2646220,BUTLER PIKE & DICKINSON LN; PLYMOUTH; 2019-01-08 @ 12:05:04;,19462,Traffic: VEHICLE ACCIDENT -,2019-01-08 12:05:04,PLYMOUTH,BUTLER PIKE & DICKINSON LN,1
40.1414828,-75.1171420,MORELAND RD & EASTON RD; ABINGTON; 2018-06-23 @ 12:25:00;,19090,Traffic: VEHICLE ACCIDENT -,2018-06-23 12:25:00,ABINGTON,MORELAND RD & EASTON RD,1
40.1401269,-75.0280380,BROOKDALE DR & BRADFORD RD;  LOWER MORELAND; Station 355; 2019-02-21 @ 19:36:05;,19006,EMS: UNCONSCIOUS SUBJECT,2019-02-21 19:36:05,LOWER MORELAND,BROOKDALE DR & BRADFORD RD,1
40.1344435,-75.1089148,CORINTHIAN AVE & HARDING AVE;  ABINGTON; Station 381; 2019-12-14 @ 13:13:07;,19001,EMS: ALTERED MENTAL STATUS,2019-12-14 13:13:07,ABINGTON,CORINTHIAN AVE & HARDING AVE,1
40.2994905,-75.5851590,SWAMP PIKE & N CHARLOTTE ST; NEW HANOVER; 2017-08-23 @ 16:30:46;,19525,Traffic: VEHICLE ACCIDENT -,2017-08-23 16:30:46,NEW HANOVER,SWAMP PIKE & N CHARLOTTE ST,1
40.0064170,-75.2939860,CRICKET AVE & SCHOOL LN; LOWER MERION; 2016-05-28 @ 08:44:11;,19003,Traffic: HAZARDOUS ROAD CONDITIONS -,2016-05-28 08:44:11,LOWER MERION,CRICKET AVE & SCHOOL LN,1
40.2480891,-75.3134491,STONYBROOK LN & PICKWICK LN;  TOWAMENCIN; Station 345B; 2016-05-18 @ 23:12:33;,19446,EMS: SUBJECT IN PAIN,2016-05-18 23:12:33,TOWAMENCIN,STONYBROOK LN & PICKWICK LN,1
40.1113914,-75.2705422,MILITIA HILL RD & BUTLER PIKE; WHITEMARSH; 2016-03-24 @ 12:19:24;,19462,Traffic: ROAD OBSTRUCTION -,2016-03-24 12:19:24,WHITEMARSH,MILITIA HILL RD & BUTLER PIKE,1
40.1458472,-75.3215388,GERMANTOWN PIKE & HILLCREST AVE;  EAST NORRITON; Station 308; 2017-01-26 @ 15:11:57;,19401,EMS: HEAD INJURY,2017-01-26 15:11:57,EAST NORRITON,GERMANTOWN PIKE & HILLCREST AVE,1
40.0032856,-75.2281053,CONSHOHOCKEN STATE RD & ST ASAPHS RD; LOWER MERION; 2016-04-19 @ 12:28:41;,19004,Traffic: VEHICLE ACCIDENT -,2016-04-19 12:28:41,LOWER MERION,CONSHOHOCKEN STATE RD & ST ASAPHS RD,1
40.2518170,-75.2921323,VALLEY FORGE RD; UPPER GWYNEDD; 2019-08-07 @ 12:31:00-Station:STA80;,19446,Fire: VEHICLE ACCIDENT,2019-08-07 12:31:00,UPPER GWYNEDD,VALLEY FORGE RD,1
40.2449124,-75.6443631,HIGH ST & S FRANKLIN ST;  POTTSTOWN; Station 329; 2016-10-20 @ 21:20:44;,19464,EMS: RESPIRATORY EMERGENCY,2016-10-20 21:20:44,POTTSTOWN,HIGH ST & S FRANKLIN ST,1
40.1247752,-75.2931878,GERMANTOWN PIKE & HALLOWELL RD;  PLYMOUTH; Station 308; 2019-02-22 @ 01:39:19;,19462,EMS: RESPIRATORY EMERGENCY,2019-02-22 01:39:19,PLYMOUTH,GERMANTOWN PIKE & HALLOWELL RD,1
40.2741374,-75.6604687,UPLAND SQUARE DR & SELL RD; WEST POTTSGROVE; 2016-02-20 @ 13:35:24;,19464,Traffic: VEHICLE ACCIDENT -,2016-02-20 13:35:24,WEST POTTSGROVE,UPLAND SQUARE DR & SELL RD,1
40.2472854,-75.6592033,COLLEGE DR & W HIGH ST; POTTSTOWN; 2016-02-26 @ 23:48:45;,19464,Traffic: HAZARDOUS ROAD CONDITIONS -,2016-02-26 23:48:45,POTTSTOWN,COLLEGE DR & W HIGH ST,1
40.3295887,-75.5961102,HICKORY VALLEY DR & MIDDLE CREEK RD; DOUGLASS; 2017-02-12 @ 20:28:13-Station:STA67;,19525,Fire: GAS-ODOR/LEAK,2017-02-12 20:28:13,DOUGLASS,HICKORY VALLEY DR & MIDDLE CREEK RD,1
40.0947849,-75.4172601,1ST AVE & N GULPH RD; UPPER MERION; 2018-01-15 @ 11:29:47;,19087,Traffic: VEHICLE ACCIDENT -,2018-01-15 11:29:47,UPPER MERION,1ST AVE & N GULPH RD,1
40.0838437,-75.1623136,RT309 EXPY & OLD MILL RD; CHELTENHAM; 2016-04-05 @ 22:20:57;,19095,Traffic: ROAD OBSTRUCTION -,2016-04-05 22:20:57,CHELTENHAM,RT309 EXPY & OLD MILL RD,1
40.1305916,-75.0851083,WASHINGTON LN & COLD SPRING RD; LOWER MORELAND; 2020-06-03 @ 14:21:14;,19006,Traffic: HAZARDOUS ROAD CONDITIONS -,2020-06-03 14:21:14,LOWER MORELAND,WASHINGTON LN & COLD SPRING RD,1
40.0039548,-75.2207009,BELMONT AVE & E CITY AVE; LOWER MERION; 2017-10-08 @ 20:41:59;,19004,Traffic: VEHICLE ACCIDENT -,2017-10-08 20:41:59,LOWER MERION,BELMONT AVE & E CITY AVE,1
40.0965171,-75.2014600,HARSTON LN & PAPER MILL RD; SPRINGFIELD; 2017-11-20 @ 17:20:44;,19038,Traffic: VEHICLE ACCIDENT -,2017-11-20 17:20:44,SPRINGFIELD,HARSTON LN & PAPER MILL RD,1
40.0255649,-75.2451187,WOODBINE AVE & GREENTREE LN; LOWER MERION; 2018-02-20 @ 15:34:14-Station:STA22;,19072,Fire: FIRE ALARM,2018-02-20 15:34:14,LOWER MERION,WOODBINE AVE & GREENTREE LN,1
40.0792766,-75.3015714,WASHINGTON ST & FAYETTE ST OVERPASS; CONSHOHOCKEN; 2019-01-14 @ 08:27:57;,,Traffic: VEHICLE ACCIDENT -,2019-01-14 08:27:57,CONSHOHOCKEN,WASHINGTON ST & FAYETTE ST OVERPASS,1
40.2694794,-75.3311661,DERSTINE RD & KIMBERLY WAY;  HATFIELD TOWNSHIP; Station 345; 2018-12-08 @ 02:59:42;,19440,EMS: FALL VICTIM,2018-12-08 02:59:42,HATFIELD TOWNSHIP,DERSTINE RD & KIMBERLY WAY,1
40.2524142,-75.6338502,ADAMS ST & MORRIS ST;  POTTSTOWN; Station 329; 2020-01-20 @ 13:25:12;,19464,EMS: CVA/STROKE,2020-01-20 13:25:12,POTTSTOWN,ADAMS ST & MORRIS ST,1
40.2890267,-75.3995896,MAIN ST & OLD SUMNEYTOWN PIKE;  LOWER SALFORD; Station 344; 2020-05-21 @ 06:37:38;,19438,EMS: FALL VICTIM,2020-05-21 06:37:38,LOWER SALFORD,MAIN ST & OLD SUMNEYTOWN PIKE,1
40.1039635,-75.3465606,W 6TH ST;  BRIDGEPORT; Station 317; 2017-11-23 @ 02:54:44;,19405,EMS: UNKNOWN MEDICAL EMERGENCY,2017-11-23 02:54:44,BRIDGEPORT,W 6TH ST,1
40.1169230,-75.1374440,EASTON RD & BRADFIELD RD; ABINGTON; 2017-12-28 @ 14:18:52;,19001,Traffic: VEHICLE ACCIDENT -,2017-12-28 14:18:52,ABINGTON,EASTON RD & BRADFIELD RD,1
40.2173080,-75.3935573,HEISER RD & EVANSBURG RD;  SKIPPACK; Station 336; 2020-05-14 @ 17:37:13;,19426,EMS: ABDOMINAL PAINS,2020-05-14 17:37:13,SKIPPACK,HEISER RD & EVANSBURG RD,1
40.1118631,-75.2860000,IRWINS LN & PLYMOUTH RD;  PLYMOUTH; Station 308; 2016-03-25 @ 12:59:59;,19462,EMS: FALL VICTIM,2016-03-25 12:59:59,PLYMOUTH,IRWINS LN & PLYMOUTH RD,1
40.0125578,-75.3024985,LANCASTER AVE & OLD RAILROAD AVE;  LOWER MERION; Station 313; 2018-01-27 @ 17:26:57;,19041,EMS: SYNCOPAL EPISODE,2018-01-27 17:26:57,LOWER MERION,LANCASTER AVE & OLD RAILROAD AVE,1
40.1077517,-75.3803538,SWEETBRIAR CIR & SWEETBRIAR RD;  UPPER MERION; Station 317; 2019-02-04 @ 04:00:42;,19406,EMS: CVA/STROKE,2019-02-04 04:00:42,UPPER MERION,SWEETBRIAR CIR & SWEETBRIAR RD,1
40.0756019,-75.1359024,HEATHER RD & SPRING AVE; CHELTENHAM; 2016-12-17 @ 12:32:45;,19027,Traffic: HAZARDOUS ROAD CONDITIONS -,2016-12-17 12:32:45,CHELTENHAM,HEATHER RD & SPRING AVE,1
40.1532684,-75.1895576,RT309 EXPY & TURNPIKE RAMP UNDERPASS; UPPER DUBLIN; 2017-12-21 @ 18:44:06;,,Traffic: DISABLED VEHICLE -,2017-12-21 18:44:06,UPPER DUBLIN,RT309 EXPY & TURNPIKE RAMP UNDERPASS,1
40.2274680,-75.2828395,STATION SQUARE BLVD & PENNBROOK PKWY;  UPPER GWYNEDD; Station 345B; 2018-10-21 @ 03:12:40;,19446,EMS: CARDIAC EMERGENCY,2018-10-21 03:12:40,UPPER GWYNEDD,STATION SQUARE BLVD & PENNBROOK PKWY,1
40.3210361,-75.3464322,HARVEY LN & VALLEY DR;  FRANCONIA; Station 339; 2016-05-19 @ 20:51:50;,18969,EMS: EMS SPECIAL SERVICE,2016-05-19 20:51:50,FRANCONIA,HARVEY LN & VALLEY DR,1
40.2387237,-75.5785160,EVERGREEN RD & W LIGHTCAP RD;  LOWER POTTSGROVE; Station 329; 2017-09-25 @ 16:26:34;,19464,EMS: CARDIAC EMERGENCY,2017-09-25 16:26:34,LOWER POTTSGROVE,EVERGREEN RD & W LIGHTCAP RD,1
40.1666567,-75.1464961,BUSINESS CENTER DR & DRESHER RD; HORSHAM; 2019-04-17 @ 09:47:33-Station:STA15;,19044,Fire: FIRE ALARM,2019-04-17 09:47:33,HORSHAM,BUSINESS CENTER DR & DRESHER RD,1
40.0782759,-75.2498518,RIDGE PIKE & BARREN HILL RD;  WHITEMARSH; Station 318; 2017-03-22 @ 10:18:44;,19444,EMS: RESPIRATORY EMERGENCY,2017-03-22 10:18:44,WHITEMARSH,RIDGE PIKE & BARREN HILL RD,1
40.1793752,-75.2362381,RT309 EXPY & RAMP NORRISTOWN RD TO RT309 SB; LOWER GWYNEDD; 2019-12-09 @ 06:29:47;,,Traffic: VEHICLE ACCIDENT -,2019-12-09 06:29:47,LOWER GWYNEDD,RT309 EXPY & RAMP NORRISTOWN RD TO RT309 SB,1
40.2247150,-75.4789407,BREWSTER RD & BUYERS RD;  PERKIOMEN; Station 324; 2017-04-25 @ 19:59:32;,19426,EMS: UNCONSCIOUS SUBJECT,2017-04-25 19:59:32,PERKIOMEN,BREWSTER RD & BUYERS RD,1
40.1198260,-75.1345440,EASTON RD & TYSON AVE; ABINGTON; 2016-05-10 @ 08:31:48-Station:STA500;,19001,Fire: VEHICLE ACCIDENT,2016-05-10 08:31:48,ABINGTON,EASTON RD & TYSON AVE,1
40.0742725,-75.3003309,SPRING MILL AVE & E 4TH AVE; CONSHOHOCKEN; 2016-03-07 @ 08:04:15-Station:STA36;,19428,Fire: FIRE ALARM,2016-03-07 08:04:15,CONSHOHOCKEN,SPRING MILL AVE & E 4TH AVE,1
40.0972222,-75.3761952,RAMP RT202 SB TO I76 EB & SCHUYLKILL EXPY EB; UPPER MERION; 2017-08-26 @ 17:45:30;,,Traffic: VEHICLE ACCIDENT -,2017-08-26 17:45:30,UPPER MERION,RAMP RT202 SB TO I76 EB & SCHUYLKILL EXPY EB,1
40.4573235,-75.5810436,SEISHOLTZVILLE RD & GUNCLUB RD;  BERKS COUNTY; Station EMS; 2018-12-01 @ 09:52:21;,19504,EMS: BUILDING FIRE,2018-12-01 09:52:21,BERKS COUNTY,SEISHOLTZVILLE RD & GUNCLUB RD,1
40.2888607,-75.2677526,BETHLEHEM PIKE & ORVILLA RD; HATFIELD TOWNSHIP; 2017-12-15 @ 23:14:51;,19440,Traffic: VEHICLE ACCIDENT -,2017-12-15 23:14:51,HATFIELD TOWNSHIP,BETHLEHEM PIKE & ORVILLA RD,1
40.1162545,-75.2781791,RAMP I476 SB TO I76 WB;  UPPER MORELAND; Station 313A; 2018-06-11 @ 00:08:58;,,EMS: RESCUE - WATER,2018-06-11 00:08:58,UPPER MORELAND,RAMP I476 SB TO I76 WB,1
40.1065770,-75.2138360,WAWA  ; SPRINGFIELD; 2018-02-16 @ 07:25:31;,19031,Traffic: VEHICLE ACCIDENT -,2018-02-16 07:25:31,SPRINGFIELD,WAWA,1
40.0972222,-75.3761952,SCHUYLKILL EXPY & WEADLEY RD OVERPASS; UPPER MERION; 2018-07-30 @ 15:45:47;,,Traffic: ROAD OBSTRUCTION -,2018-07-30 15:45:47,UPPER MERION,SCHUYLKILL EXPY & WEADLEY RD OVERPASS,1
40.0566047,-75.1149095,BONCOUER RD & WATERS RD; CHELTENHAM; 2017-05-22 @ 21:33:42-Station:STA4;,19012,Fire: FIRE INVESTIGATION,2017-05-22 21:33:42,CHELTENHAM,BONCOUER RD & WATERS RD,1
40.0878981,-75.2629699,RIDGE PIKE & OAKWYN RD;  WHITEMARSH; Station 318; 2017-12-19 @ 20:00:49;,19444,EMS: ALTERED MENTAL STATUS,2017-12-19 20:00:49,WHITEMARSH,RIDGE PIKE & OAKWYN RD,1
40.0936150,-75.2837750,RIDGE PIKE & BUTLER PIKE;  WHITEMARSH; Station 318; 2020-04-05 @ 09:45:47;,19428,EMS: FEVER,2020-04-05 09:45:47,WHITEMARSH,RIDGE PIKE & BUTLER PIKE,1
40.2018408,-75.1869877,LIMEKILN PIKE & MCKEAN RD; HORSHAM; 2017-07-08 @ 01:21:32;,19002,Traffic: VEHICLE ACCIDENT -,2017-07-08 01:21:32,HORSHAM,LIMEKILN PIKE & MCKEAN RD,1
40.1685378,-75.4982005,BLACK ROCK RD & S TRAPPE RD; UPPER PROVIDENCE; 2019-10-09 @ 10:04:05-Station:STA98;,19468,Fire: FIRE ALARM,2019-10-09 10:04:05,UPPER PROVIDENCE,BLACK ROCK RD & S TRAPPE RD,1
40.0045623,-75.2511136,MEADOW LN & MERION RD;  LOWER MERION; Station 313; 2016-12-03 @ 15:25:50;,19066,EMS: HEAD INJURY,2016-12-03 15:25:50,LOWER MERION,MEADOW LN & MERION RD,1
40.1395605,-75.3808588,CRAWFORD DR & GALBRAITH AVE; WEST NORRITON; 2016-05-03 @ 20:53:30-Station:STA46;,19403,Fire: UNKNOWN TYPE FIRE,2016-05-03 20:53:30,WEST NORRITON,CRAWFORD DR & GALBRAITH AVE,1
40.1349001,-75.0618234,HUNTINGDON PIKE & CATHEDRAL RD; BRYN ATHYN; 2018-05-22 @ 09:13:11;,19006,Traffic: VEHICLE ACCIDENT -,2018-05-22 09:13:11,BRYN ATHYN,HUNTINGDON PIKE & CATHEDRAL RD,1
40.1119130,-75.4124312,LIBERTY CT & SENTINEL RDG; WEST NORRITON; 2016-02-16 @ 08:03:51-Station:STA46;,19403,Fire: FIRE ALARM,2016-02-16 08:03:51,WEST NORRITON,LIBERTY CT & SENTINEL RDG,1
40.0183286,-75.3047343,W MONTGOMERY AVE & ROSE LN; LOWER MERION; 2019-11-07 @ 08:30:20;,19041,Traffic: VEHICLE ACCIDENT -,2019-11-07 08:30:20,LOWER MERION,W MONTGOMERY AVE & ROSE LN,1
40.1338299,-75.1326547,ARLINE AVE & PATANE AVE;  ABINGTON; Station 381; 2018-07-07 @ 05:38:07;,19001,EMS: HEAD INJURY,2018-07-07 05:38:07,ABINGTON,ARLINE AVE & PATANE AVE,1
40.1308499,-75.2704174,NORRISTOWN RD & SENTRY PKWY; WHITPAIN; 2018-08-30 @ 23:33:17-Station:STA33;,19422,Fire: FIRE ALARM,2018-08-30 23:33:17,WHITPAIN,NORRISTOWN RD & SENTRY PKWY,1
40.3123887,-75.5911680,TULIP LN & MIDDLE CREEK RD; NEW HANOVER; 2016-08-18 @ 13:11:27;,19525,Traffic: VEHICLE ACCIDENT -,2016-08-18 13:11:27,NEW HANOVER,TULIP LN & MIDDLE CREEK RD,1
40.1861366,-75.2303140,BANGOR LN & WELLINGTON DR;  LOWER GWYNEDD; Station 351; 2020-06-07 @ 23:11:22;,19002,EMS: UNCONSCIOUS SUBJECT,2020-06-07 23:11:22,LOWER GWYNEDD,BANGOR LN & WELLINGTON DR,1
39.9991037,-75.2375615,OLD LANCASTER RD & UPLAND TER;  LOWER MERION; Station 313; 2017-09-10 @ 07:30:02;,19066,EMS: FALL VICTIM,2017-09-10 07:30:02,LOWER MERION,OLD LANCASTER RD & UPLAND TER,1
40.1221838,-75.2171866,PENNSYLVANIA TPKE & SKIPPACK PIKE UNDERPASS; WHITEMARSH; 2018-09-28 @ 18:41:42;,19034,Traffic: VEHICLE FIRE -,2018-09-28 18:41:42,WHITEMARSH,PENNSYLVANIA TPKE & SKIPPACK PIKE UNDERPASS,1
40.1977430,-75.1160348,COUNTY LINE RD & MEETINGHOUSE RD;  HORSHAM; Station 352; 2018-05-20 @ 16:30:42;,19040,EMS: CARDIAC EMERGENCY,2018-05-20 16:30:42,HORSHAM,COUNTY LINE RD & MEETINGHOUSE RD,1
40.2413204,-75.2428276,NORTH WALES RD & BETHLEHEM PIKE; MONTGOMERY; 2017-03-20 @ 03:12:10;,19454,Traffic: DISABLED VEHICLE -,2017-03-20 03:12:10,MONTGOMERY,NORTH WALES RD & BETHLEHEM PIKE,1
40.0989858,-75.4691194,VALLEY FORGE RD & DAVIS RD; CHESTER COUNTY; 2019-10-27 @ 18:47:39;,19460,Traffic: DISABLED VEHICLE -,2019-10-27 18:47:39,CHESTER COUNTY,VALLEY FORGE RD & DAVIS RD,1
40.3055665,-75.6179859,HAWTHORNE AVE & GROSSER RD;  DOUGLASS; Station 332; 2018-04-23 @ 13:26:40;,19525,EMS: CVA/STROKE,2018-04-23 13:26:40,DOUGLASS,HAWTHORNE AVE & GROSSER RD,1
40.1090753,-75.1088691,VALLEY RD & CLOVERLY LN; ABINGTON; 2019-09-03 @ 16:25:48;,19046,Traffic: VEHICLE ACCIDENT -,2019-09-03 16:25:48,ABINGTON,VALLEY RD & CLOVERLY LN,1
40.2711494,-75.6134790,CHARLOTTE ST & WHITE PINE LN;  LOWER POTTSGROVE; Station 329B; 2018-06-06 @ 09:11:22;,19464,EMS: RESPIRATORY EMERGENCY,2018-06-06 09:11:22,LOWER POTTSGROVE,CHARLOTTE ST & WHITE PINE LN,1
40.0611470,-75.3395290,NEW GULPH RD & REBEL HILL RD; UPPER MERION; 2019-07-11 @ 13:46:28;,19428,Traffic: VEHICLE ACCIDENT -,2019-07-11 13:46:28,UPPER MERION,NEW GULPH RD & REBEL HILL RD,1
40.0789932,-75.0873102,BLAKE AVE & HUNTINGDON PIKE; ROCKLEDGE; 2017-01-13 @ 23:21:57;,19046,Traffic: VEHICLE ACCIDENT -,2017-01-13 23:21:57,ROCKLEDGE,BLAKE AVE & HUNTINGDON PIKE,1
40.1874095,-75.5420999,N 4TH AVE; ROYERSFORD; 2016-02-24 @ 14:55:38-Station:STA98;,19468,Fire: DEBRIS/FLUIDS ON HIGHWAY,2016-02-24 14:55:38,ROYERSFORD,N 4TH AVE,1
40.2432831,-75.5669161,RIDGE PIKE & EVERGREEN RD; LIMERICK; 2016-05-31 @ 06:28:00;,19464,Traffic: VEHICLE ACCIDENT -,2016-05-31 06:28:00,LIMERICK,RIDGE PIKE & EVERGREEN RD,1
40.0929049,-75.2617156,GERMANTOWN PIKE & JOSHUA RD; WHITEMARSH; 2018-10-01 @ 13:05:18;,19444,Traffic: VEHICLE ACCIDENT -,2018-10-01 13:05:18,WHITEMARSH,GERMANTOWN PIKE & JOSHUA RD,1
40.1532684,-75.1895576,RT309 EXPY & RAMP BUTLER PIKE TO RT309 NB; UPPER DUBLIN; 2016-10-31 @ 03:18:54;,,Traffic: DISABLED VEHICLE -,2016-10-31 03:18:54,UPPER DUBLIN,RT309 EXPY & RAMP BUTLER PIKE TO RT309 NB,1
40.1759563,-75.4359812,LEVEL RD & RIDGE PIKE; LOWER PROVIDENCE; 2018-11-11 @ 17:17:41;,19426,Traffic: VEHICLE ACCIDENT -,2018-11-11 17:17:41,LOWER PROVIDENCE,LEVEL RD & RIDGE PIKE,1
40.0711763,-75.1530171,CHELTENHAM AVE;  CHELTENHAM; Station 358; 2016-10-21 @ 15:50:14;,,EMS: VEHICLE FIRE,2016-10-21 15:50:14,CHELTENHAM,CHELTENHAM AVE,1
40.2288994,-75.2624611,WELSH RD & NORTH WALES RD;  MONTGOMERY; Station 345A; 2020-01-17 @ 00:01:35;,19454,EMS: SEIZURES,2020-01-17 00:01:35,MONTGOMERY,WELSH RD & NORTH WALES RD,1
40.1558109,-75.4854115,BLACK ROCK RD & S COLLEGEVILLE RD; UPPER PROVIDENCE; 2016-01-27 @ 08:07:56-Station:STA99;,19460,Fire: FIRE ALARM,2016-01-27 08:07:56,UPPER PROVIDENCE,BLACK ROCK RD & S COLLEGEVILLE RD,1
40.2250992,-75.2076515,HORSHAM RD & GREEN TREE TAVERN RD;  HORSHAM; Station 352; 2016-02-03 @ 07:40:41;,19454,EMS: UNKNOWN MEDICAL EMERGENCY,2016-02-03 07:40:41,HORSHAM,HORSHAM RD & GREEN TREE TAVERN RD,1
40.2385426,-75.3381755,CANTERBURY DR & GREEN LANE RD;  TOWAMENCIN; Station 345B; 2018-04-19 @ 09:11:28;,19446,EMS: LACERATIONS,2018-04-19 09:11:28,TOWAMENCIN,CANTERBURY DR & GREEN LANE RD,1
40.1192546,-75.2362381,PENNSYLVANIA TPKE & JOSHUA RD OVERPASS;  WHITEMARSH; Station 308; 2018-05-18 @ 18:03:42;,,EMS: VEHICLE ACCIDENT,2018-05-18 18:03:42,WHITEMARSH,PENNSYLVANIA TPKE & JOSHUA RD OVERPASS,1
40.1176050,-75.1202430,OLD YORK RD & HORACE AVE;  ABINGTON; Station 381; 2017-10-24 @ 11:18:38;,19001,EMS: DIZZINESS,2017-10-24 11:18:38,ABINGTON,OLD YORK RD & HORACE AVE,1
40.1564481,-75.1220797,EASTON RD & ANDREA DR;  UPPER MORELAND; Station 381; 2018-08-07 @ 06:23:35;,19090,EMS: CARDIAC ARREST,2018-08-07 06:23:35,UPPER MORELAND,EASTON RD & ANDREA DR,1
40.3197376,-75.6100761,PHILADELPHIA AVE & CONGO RD;  DOUGLASS; Station 332; 2016-07-19 @ 14:35:25;,19525,EMS: SYNCOPAL EPISODE,2016-07-19 14:35:25,DOUGLASS,PHILADELPHIA AVE & CONGO RD,1
40.1852483,-75.5391013,MAIN ST & N 4TH AVE; ROYERSFORD; 2017-03-05 @ 12:19:40;,19468,Traffic: VEHICLE ACCIDENT -,2017-03-05 12:19:40,ROYERSFORD,MAIN ST & N 4TH AVE,1
40.4030729,-75.4998641,CHURCH ST & MAIN ST; EAST GREENVILLE; 2018-09-22 @ 15:35:36;,18041,Traffic: VEHICLE ACCIDENT -,2018-09-22 15:35:36,EAST GREENVILLE,CHURCH ST & MAIN ST,1
40.1195768,-75.0622361,PHILMONT AVE & ANNE ST; LOWER MORELAND; 2019-08-07 @ 20:51:57;,19006,Traffic: DISABLED VEHICLE -,2019-08-07 20:51:57,LOWER MORELAND,PHILMONT AVE & ANNE ST,1
40.0969036,-75.0918213,SUSQUEHANNA RD & HUNTINGDON PIKE; ABINGTON; 2016-12-18 @ 15:42:51;,19006,Traffic: DISABLED VEHICLE -,2016-12-18 15:42:51,ABINGTON,SUSQUEHANNA RD & HUNTINGDON PIKE,1
40.2215922,-75.5111464,RIDGE PIKE & MAIN DR;  LIMERICK; Station 324A; 2016-10-18 @ 20:16:53;,19468,EMS: RESPIRATORY EMERGENCY,2016-10-18 20:16:53,LIMERICK,RIDGE PIKE & MAIN DR,1
40.1435172,-75.3152937,GERMANTOWN PIKE & MILL RD; EAST NORRITON; 2019-03-12 @ 08:21:18-Station:STA61;,19401,Fire: FIRE ALARM,2019-03-12 08:21:18,EAST NORRITON,GERMANTOWN PIKE & MILL RD,1
40.0812601,-75.1370254,VALLEY RD & RR OVERPASS; CHELTENHAM; 2017-08-18 @ 13:10:52;,,Traffic: ROAD OBSTRUCTION -,2017-08-18 13:10:52,CHELTENHAM,VALLEY RD & RR OVERPASS,1
40.2449588,-75.2433330,BETHLEHEM PIKE & VILSMEIER RD; MONTGOMERY; 2019-09-10 @ 14:46:14;,19454,Traffic: VEHICLE ACCIDENT -,2019-09-10 14:46:14,MONTGOMERY,BETHLEHEM PIKE & VILSMEIER RD,1
40.4135167,-75.5566964,COUNTY LINE RD & SCHULTZ RD;  UPPER HANOVER; Station 7A505; 2017-11-11 @ 19:56:58;,18070,EMS: SEIZURES,2017-11-11 19:56:58,UPPER HANOVER,COUNTY LINE RD & SCHULTZ RD,1
40.2212266,-75.2887369,PARKSIDE PL & KEYSTONE DR;  UPPER GWYNEDD; Station 345B; 2016-09-03 @ 17:20:33;,,EMS: OVERDOSE,2016-09-03 17:20:33,UPPER GWYNEDD,PARKSIDE PL & KEYSTONE DR,1
40.3729236,-75.4372198,ZIEGLER RD & UPPER RIDGE RD;  MARLBOROUGH; Station 344A; 2018-03-28 @ 20:02:23;,18073,EMS: FALL VICTIM,2018-03-28 20:02:23,MARLBOROUGH,ZIEGLER RD & UPPER RIDGE RD,1
40.1540915,-75.3877173,PARK AVE & VILLAGE GREEN LN; LOWER PROVIDENCE; 2016-03-27 @ 19:17:37;,19403,Traffic: VEHICLE ACCIDENT -,2016-03-27 19:17:37,LOWER PROVIDENCE,PARK AVE & VILLAGE GREEN LN,1
40.0960437,-75.2961605,RIDGE PIKE & COLWELL LN; PLYMOUTH; 2020-03-26 @ 19:16:48-Station:STA43;,19428,Fire: FIRE ALARM,2020-03-26 19:16:48,PLYMOUTH,RIDGE PIKE & COLWELL LN,1
40.0927439,-75.1208340,GREENWOOD AVE & JENKINTOWN RD;  ABINGTON; Station 382; 2017-07-05 @ 10:59:31;,19046,EMS: FALL VICTIM,2017-07-05 10:59:31,ABINGTON,GREENWOOD AVE & JENKINTOWN RD,1
40.1700093,-75.2227144,BETHLEHEM PIKE & ALENE RD;  LOWER GWYNEDD; Station 351; 2016-06-08 @ 08:49:56;,19002,EMS: CARDIAC EMERGENCY,2016-06-08 08:49:56,LOWER GWYNEDD,BETHLEHEM PIKE & ALENE RD,1
40.1602878,-75.0943924,DAVISVILLE RD;  UPPER MORELAND; Station 384; 2018-11-05 @ 06:54:22;,,EMS: MATERNITY,2018-11-05 06:54:22,UPPER MORELAND,DAVISVILLE RD,1
40.1145789,-75.3446406,MAIN ST & SWEDE ST;  NORRISTOWN; Station 308A; 2019-05-30 @ 10:02:38;,19401,EMS: RESPIRATORY EMERGENCY,2019-05-30 10:02:38,NORRISTOWN,MAIN ST & SWEDE ST,1
40.1950397,-75.4157844,MILL RD & BITLER RD; SKIPPACK; 2019-10-14 @ 15:24:00;,19426,Traffic: VEHICLE ACCIDENT -,2019-10-14 15:24:00,SKIPPACK,MILL RD & BITLER RD,1
40.1007177,-75.4205099,W VALLEY FORGE RD & N OUTER LINE DR; UPPER MERION; 2017-04-25 @ 07:41:03;,19087,Traffic: VEHICLE ACCIDENT -,2017-04-25 07:41:03,UPPER MERION,W VALLEY FORGE RD & N OUTER LINE DR,1
40.0267682,-75.2755496,CROSBY BROWN RD; LOWER MERION; 2018-03-20 @ 07:22:31-Station:STA24;,19035,Fire: FIRE INVESTIGATION,2018-03-20 07:22:31,LOWER MERION,CROSBY BROWN RD,1
40.0933585,-75.0916791,SIOUX AVE & ROSELAND AVE;  ABINGTON; Station 382; 2017-12-13 @ 20:04:34;,19006,EMS: BACK PAINS/INJURY,2017-12-13 20:04:34,ABINGTON,SIOUX AVE & ROSELAND AVE,1
40.1429770,-75.3229250,SWEDE RD & MILL RD;  EAST NORRITON; Station 308; 2018-04-09 @ 15:46:02;,19401,EMS: FALL VICTIM,2018-04-09 15:46:02,EAST NORRITON,SWEDE RD & MILL RD,1
40.1709400,-75.5447970,PIKELAND AVE & S CEDAR ST;  CHESTER COUNTY; Station EMS; 2016-10-04 @ 15:28:43;,19475,EMS: FALL VICTIM,2016-10-04 15:28:43,CHESTER COUNTY,PIKELAND AVE & S CEDAR ST,1
40.2598356,-75.6408240,N HANOVER ST & WILSON ST; POTTSTOWN; 2018-01-05 @ 14:41:11;,19464,Traffic: HAZARDOUS ROAD CONDITIONS -,2018-01-05 14:41:11,POTTSTOWN,N HANOVER ST & WILSON ST,1
40.0859891,-75.1463175,CHURCH RD & BENT RD;  CHELTENHAM; Station 358A; 2019-06-09 @ 00:27:55;,19095,EMS: HEMORRHAGING,2019-06-09 00:27:55,CHELTENHAM,CHURCH RD & BENT RD,1
40.1170874,-75.3308442,ELM ST & THOMAS ST;  NORRISTOWN; Station 308A; 2016-12-31 @ 19:11:48;,19401,EMS: SYNCOPAL EPISODE,2016-12-31 19:11:48,NORRISTOWN,ELM ST & THOMAS ST,1
40.2846914,-75.2622910,BETHLEHEM PIKE & LINE LEXINGTON RD; HATFIELD TOWNSHIP; 2018-02-09 @ 22:56:28;,19440,Traffic: VEHICLE ACCIDENT -,2018-02-09 22:56:28,HATFIELD TOWNSHIP,BETHLEHEM PIKE & LINE LEXINGTON RD,1
40.1786998,-75.2051086,TENNIS AVE & NORRISTOWN RD; UPPER DUBLIN; 2017-09-06 @ 22:50:52;,19002,Traffic: DISABLED VEHICLE -,2017-09-06 22:50:52,UPPER DUBLIN,TENNIS AVE & NORRISTOWN RD,1
40.3517337,-75.3724671,RIDGE RD & S COUNTY LINE RD; SALFORD; 2017-01-25 @ 21:53:50;,18960,Traffic: VEHICLE ACCIDENT -,2017-01-25 21:53:50,SALFORD,RIDGE RD & S COUNTY LINE RD,1
40.0963863,-75.1284422,WEST AVE & CEDAR ST; JENKINTOWN; 2019-03-07 @ 10:46:19-Station:STA96;,19046,Fire: RESCUE - GENERAL,2019-03-07 10:46:19,JENKINTOWN,WEST AVE & CEDAR ST,1
40.1293311,-75.3080788,BELVOIR RD & VALLEY RD;  PLYMOUTH; Station 308; 2020-06-23 @ 20:21:20;,19462,EMS: CARDIAC EMERGENCY,2020-06-23 20:21:20,PLYMOUTH,BELVOIR RD & VALLEY RD,1
40.2413204,-75.2428276,BETHLEHEM PIKE & NORTH WALES RD; MONTGOMERY; 2016-07-09 @ 15:33:30;,19454,Traffic: VEHICLE ACCIDENT -,2016-07-09 15:33:30,MONTGOMERY,BETHLEHEM PIKE & NORTH WALES RD,1
40.3037460,-75.4903283,PIN OAK DR & HUNTER LN; UPPER FREDERICK; 2019-11-11 @ 13:05:09-Station:STA87;,18074,Fire: FIRE ALARM,2019-11-11 13:05:09,UPPER FREDERICK,PIN OAK DR & HUNTER LN,1
40.1546984,-75.1392426,WELSH RD & COMPUTER AVE; UPPER MORELAND; 2016-02-29 @ 16:58:39;,19090,Traffic: VEHICLE ACCIDENT -,2016-02-29 16:58:39,UPPER MORELAND,WELSH RD & COMPUTER AVE,1
40.1303540,-75.4068501,SHANNONDELL BLVD & EGYPT RD; LOWER PROVIDENCE; 2016-07-19 @ 19:39:27;,19403,Traffic: DISABLED VEHICLE -,2016-07-19 19:39:27,LOWER PROVIDENCE,SHANNONDELL BLVD & EGYPT RD,1
40.2387237,-75.5785160,EVERGREEN RD & W LIGHTCAP RD;  LOWER POTTSGROVE; Station 329; 2017-09-15 @ 04:59:07;,19464,EMS: CARDIAC EMERGENCY,2017-09-15 04:59:07,LOWER POTTSGROVE,EVERGREEN RD & W LIGHTCAP RD,1
40.0249667,-75.2829046,INDIAN CREEK DR & DEAD END;  LOWER MERION; Station 313; 2016-08-13 @ 14:25:02;,,EMS: MEDICAL ALERT ALARM,2016-08-13 14:25:02,LOWER MERION,INDIAN CREEK DR & DEAD END,1
40.0855923,-75.3912204,GULPH RD & KIRK AVE; UPPER MERION; 2016-11-10 @ 17:28:57;,19406,Traffic: VEHICLE ACCIDENT -,2016-11-10 17:28:57,UPPER MERION,GULPH RD & KIRK AVE,1
40.0753031,-75.1604141,CHELTENHAM AVE & LIMEKILN PIKE; CHELTENHAM; 2020-03-04 @ 13:29:52;,19095,Traffic: VEHICLE ACCIDENT -,2020-03-04 13:29:52,CHELTENHAM,CHELTENHAM AVE & LIMEKILN PIKE,1
40.0618689,-75.1107108,ASHBOURNE RD & OAK LANE RD; CHELTENHAM; 2020-02-28 @ 22:12:26;,19012,Traffic: VEHICLE ACCIDENT -,2020-02-28 22:12:26,CHELTENHAM,ASHBOURNE RD & OAK LANE RD,1
40.1129820,-75.3428384,DEKALB ST & E LAFAYETTE ST; NORRISTOWN; 2019-08-10 @ 22:58:47;,19401,Traffic: DISABLED VEHICLE -,2019-08-10 22:58:47,NORRISTOWN,DEKALB ST & E LAFAYETTE ST,1
40.0959438,-75.1251743,HIGHLAND AVE & DEAD END;  JENKINTOWN; Station 382; 2017-09-20 @ 08:24:33;,,EMS: UNCONSCIOUS SUBJECT,2017-09-20 08:24:33,JENKINTOWN,HIGHLAND AVE & DEAD END,1
40.1239366,-75.4074962,WILLIAM PENN DR & NORRIS HALL LN;  WEST NORRITON; Station 308B; 2017-01-27 @ 13:29:50;,19403,EMS: ALTERED MENTAL STATUS,2017-01-27 13:29:50,WEST NORRITON,WILLIAM PENN DR & NORRIS HALL LN,1
40.0885710,-75.2553952,GERMANTOWN PIKE; WHITEMARSH; 2020-06-03 @ 14:07:19-Station:STA29;,,Fire: ELECTRICAL FIRE OUTSIDE,2020-06-03 14:07:19,WHITEMARSH,GERMANTOWN PIKE,1
40.2087158,-75.2832289,N CENTER ST;  NORTH WALES; Station 345B; 2016-09-11 @ 10:19:06;,19454,EMS: UNKNOWN MEDICAL EMERGENCY,2016-09-11 10:19:06,NORTH WALES,N CENTER ST,1
40.0604496,-75.3380650,E MATSONFORD RD & NEW GULPH RD; LOWER MERION; 2018-07-12 @ 17:57:57;,19428,Traffic: DISABLED VEHICLE -,2018-07-12 17:57:57,LOWER MERION,E MATSONFORD RD & NEW GULPH RD,1
40.2126850,-75.2515847,DEKALB PIKE & HANCOCK RD;  UPPER GWYNEDD; Station 345A; 2017-03-21 @ 20:00:33;,19454,EMS: CARDIAC EMERGENCY,2017-03-21 20:00:33,UPPER GWYNEDD,DEKALB PIKE & HANCOCK RD,1
40.2122222,-75.5265222,RT422 WB & COUNTRY CLUB RD OVERPASS; LIMERICK; 2019-07-31 @ 14:18:31;,19468,Traffic: DISABLED VEHICLE -,2019-07-31 14:18:31,LIMERICK,RT422 WB & COUNTRY CLUB RD OVERPASS,1
40.2547522,-75.2181564,STRATFORD CT & CLAREMONT DR;  MONTGOMERY; Station 345A; 2018-10-05 @ 21:49:49;,19446,EMS: OVERDOSE,2018-10-05 21:49:49,MONTGOMERY,STRATFORD CT & CLAREMONT DR,1
40.3288971,-75.3325228,E CHURCH AVE & N HAMILTON ST; TELFORD; 2018-01-02 @ 19:02:56;,18969,Traffic: VEHICLE ACCIDENT -,2018-01-02 19:02:56,TELFORD,E CHURCH AVE & N HAMILTON ST,1
40.0826803,-75.1930201,FLOURTOWN AVE & ABINGTON AVE; SPRINGFIELD; 2017-10-12 @ 11:24:38-Station:STA82;,19038,Fire: GAS-ODOR/LEAK,2017-10-12 11:24:38,SPRINGFIELD,FLOURTOWN AVE & ABINGTON AVE,1
40.2605355,-75.3666079,MAIN ST & GODSHALL DR;  LOWER SALFORD; Station 344; 2017-10-10 @ 18:19:06;,19438,EMS: CARDIAC EMERGENCY,2017-10-10 18:19:06,LOWER SALFORD,MAIN ST & GODSHALL DR,1
40.1160679,-75.3449381,ANN ST & CHERRY ST;  NORRISTOWN; Station 308A; 2020-03-22 @ 18:41:35;,19401,EMS: NAUSEA/VOMITING,2020-03-22 18:41:35,NORRISTOWN,ANN ST & CHERRY ST,1
40.1221838,-75.2171866,CAMP HILL RD & BETHLEHEM PIKE; WHITEMARSH; 2017-01-09 @ 12:11:48;,19034,Traffic: DISABLED VEHICLE -,2017-01-09 12:11:48,WHITEMARSH,CAMP HILL RD & BETHLEHEM PIKE,1
40.1168824,-75.3521905,LAFAYETTE ST & CHAIN ST;  NORRISTOWN; Station 308A; 2020-02-22 @ 05:25:08;,19401,EMS: OVERDOSE,2020-02-22 05:25:08,NORRISTOWN,LAFAYETTE ST & CHAIN ST,1
40.2803176,-75.5685654,SWAMP PIKE & WAGNER RD; NEW HANOVER; 2019-06-04 @ 17:03:07;,19525,Traffic: VEHICLE ACCIDENT -,2019-06-04 17:03:07,NEW HANOVER,SWAMP PIKE & WAGNER RD,1
40.2578203,-75.6242943,ADAMS ST & PARK DR;  POTTSTOWN; Station 329B; 2019-05-18 @ 10:42:10;,19464,EMS: FALL VICTIM,2019-05-18 10:42:10,POTTSTOWN,ADAMS ST & PARK DR,1
40.1016118,-75.1940266,RT309 EXPY & RAMP RT309 SB TO PAPER MILL RD; SPRINGFIELD; 2018-12-11 @ 22:25:14;,,Traffic: DISABLED VEHICLE -,2018-12-11 22:25:14,SPRINGFIELD,RT309 EXPY & RAMP RT309 SB TO PAPER MILL RD,1
40.0770203,-75.1103624,TOWNSHIP LINE RD & MARTIN RD; ABINGTON; 2018-10-01 @ 20:07:50-Station:STA5;,19027,Fire: GAS-ODOR/LEAK,2018-10-01 20:07:50,ABINGTON,TOWNSHIP LINE RD & MARTIN RD,1
40.0341850,-75.2586790,HAGYS FORD RD & HOLLOW RD; LOWER MERION; 2017-04-25 @ 07:30:15;,19072,Traffic: DISABLED VEHICLE -,2017-04-25 07:30:15,LOWER MERION,HAGYS FORD RD & HOLLOW RD,1
40.1670212,-75.2902532,DEKALB PIKE & SKIPPACK PIKE; WHITPAIN; 2017-12-13 @ 12:18:42;,19422,Traffic: VEHICLE ACCIDENT -,2017-12-13 12:18:42,WHITPAIN,DEKALB PIKE & SKIPPACK PIKE,1
40.0972222,-75.3761952,SCHUYLKILL EXPY & WEADLEY RD OVERPASS; UPPER MERION; 2017-09-03 @ 14:57:44;,,Traffic: VEHICLE ACCIDENT -,2017-09-03 14:57:44,UPPER MERION,SCHUYLKILL EXPY & WEADLEY RD OVERPASS,1
40.0850736,-75.3886248,GULPH RD & W DEKALB PIKE; UPPER MERION; 2016-11-04 @ 17:28:43;,19406,Traffic: VEHICLE ACCIDENT -,2016-11-04 17:28:43,UPPER MERION,GULPH RD & W DEKALB PIKE,1
40.1040774,-75.4220931,VALLEY FORGE PARK RD & COUNTY LINE RD; UPPER MERION; 2016-01-05 @ 18:15:00;,19406,Traffic: DISABLED VEHICLE -,2016-01-05 18:15:00,UPPER MERION,VALLEY FORGE PARK RD & COUNTY LINE RD,1
40.2254007,-75.2566905,BELL RUN BLVD & WELSH RD; MONTGOMERY; 2016-09-15 @ 17:55:03;,19454,Traffic: VEHICLE ACCIDENT -,2016-09-15 17:55:03,MONTGOMERY,BELL RUN BLVD & WELSH RD,1
40.1016472,-75.2527502,JOSHUA RD;  WHITEMARSH; Station 318; 2019-10-04 @ 20:09:58;,19444,EMS: VEHICLE ACCIDENT,2019-10-04 20:09:58,WHITEMARSH,JOSHUA RD,1
40.0972222,-75.3761952,SCHUYLKILL EXPY & E MATSONFORD RD UNDERPASS; UPPER MERION; 2017-05-06 @ 06:03:55;,,Traffic: VEHICLE ACCIDENT -,2017-05-06 06:03:55,UPPER MERION,SCHUYLKILL EXPY & E MATSONFORD RD UNDERPASS,1
40.1137920,-75.4079867,S TROOPER RD; WEST NORRITON; 2017-09-20 @ 07:59:55-Station:STA46;,19403,Fire: ELECTRICAL FIRE OUTSIDE,2017-09-20 07:59:55,WEST NORRITON,S TROOPER RD,1
40.1588655,-75.2142109,BETHLEHEM PIKE & HOMESTEAD LN; UPPER DUBLIN; 2016-02-03 @ 07:52:11;,19002,Traffic: VEHICLE ACCIDENT -,2016-02-03 07:52:11,UPPER DUBLIN,BETHLEHEM PIKE & HOMESTEAD LN,1
40.1375934,-75.4326057,PINETOWN RD & BRENDA LN;  LOWER PROVIDENCE; Station 322A; 2019-02-17 @ 02:10:31;,19403,EMS: FALL VICTIM,2019-02-17 02:10:31,LOWER PROVIDENCE,PINETOWN RD & BRENDA LN,1
40.2391632,-75.3045683,VALLEY FORGE RD & BOYD AVE;  UPPER GWYNEDD; Station 345B; 2016-02-10 @ 08:20:19;,19446,EMS: CARDIAC EMERGENCY,2016-02-10 08:20:19,UPPER GWYNEDD,VALLEY FORGE RD & BOYD AVE,1
40.0855923,-75.3912204,GULPH RD & KIRK AVE;  UPPER MERION; Station 317; 2018-05-03 @ 20:35:23;,19406,EMS: CARDIAC EMERGENCY,2018-05-03 20:35:23,UPPER MERION,GULPH RD & KIRK AVE,1
40.0816185,-75.3884344,SCHUYLKILL EXPY & RT202 OVERPASS; UPPER MERION; 2018-12-27 @ 22:00:04;,19406,Traffic: VEHICLE ACCIDENT -,2018-12-27 22:00:04,UPPER MERION,SCHUYLKILL EXPY & RT202 OVERPASS,1
40.0832750,-75.3830780,GULPH RD & HAYLEY JACKSON WAY; UPPER MERION; 2019-02-07 @ 03:10:44;,19406,Traffic: DISABLED VEHICLE -,2019-02-07 03:10:44,UPPER MERION,GULPH RD & HAYLEY JACKSON WAY,1
40.0829813,-75.2063031,STENTON AVE & NEWTON ST;  SPRINGFIELD; Station 351A; 2019-05-09 @ 10:20:32;,19038,EMS: HEMORRHAGING,2019-05-09 10:20:32,SPRINGFIELD,STENTON AVE & NEWTON ST,1
40.2309343,-75.5221245,N LEWIS RD & RAMP N LEWIS RD TO RT422 EB; LIMERICK; 2018-05-21 @ 11:09:46;,19468,Traffic: VEHICLE ACCIDENT -,2018-05-21 11:09:46,LIMERICK,N LEWIS RD & RAMP N LEWIS RD TO RT422 EB,1
40.2013867,-75.5086892,FAIRFIELD CIR & PLYMOUTH DR; UPPER PROVIDENCE; 2019-04-24 @ 21:28:31-Station:STA77;,19468,Fire: CARBON MONOXIDE DETECTOR,2019-04-24 21:28:31,UPPER PROVIDENCE,FAIRFIELD CIR & PLYMOUTH DR,1
40.3400721,-75.5917092,RT100 NB & E PHILADELPHIA AVE OVERPASS; DOUGLASS; 2018-03-16 @ 10:04:17;,,Traffic: ROAD OBSTRUCTION -,2018-03-16 10:04:17,DOUGLASS,RT100 NB & E PHILADELPHIA AVE OVERPASS,1
40.0587316,-75.2662182,RIVER RD & MANOR RD; WHITEMARSH; 2017-02-09 @ 22:42:06;,19428,Traffic: HAZARDOUS ROAD CONDITIONS -,2017-02-09 22:42:06,WHITEMARSH,RIVER RD & MANOR RD,1
40.1830735,-75.1342709,HORSHAM RD;  HORSHAM; Station 352; 2018-04-26 @ 08:58:48;,19044,EMS: VEHICLE ACCIDENT,2018-04-26 08:58:48,HORSHAM,HORSHAM RD,1
40.1532684,-75.1895576,RT309 EXPY & TENNIS AVE UNDERPASS; UPPER DUBLIN; 2016-11-17 @ 06:34:12;,,Traffic: ROAD OBSTRUCTION -,2016-11-17 06:34:12,UPPER DUBLIN,RT309 EXPY & TENNIS AVE UNDERPASS,1
40.2806101,-75.2924128,MAPLE AVE & CHESTNUT ST;  HATFIELD TOWNSHIP; Station 345; 2016-01-22 @ 23:30:34;,19440,EMS: NAUSEA/VOMITING,2016-01-22 23:30:34,HATFIELD TOWNSHIP,MAPLE AVE & CHESTNUT ST,1
40.0853382,-75.3961351,GULPH RD & MALL BLVD; UPPER MERION; 2020-05-08 @ 10:06:46-Station:STA56;,19406,Fire: FIRE ALARM,2020-05-08 10:06:46,UPPER MERION,GULPH RD & MALL BLVD,1
40.1192546,-75.2362381,RT309 EXPY & RAMP RT309 NB TO I276; WHITEMARSH; 2019-03-05 @ 06:54:07;,,Traffic: VEHICLE FIRE -,2019-03-05 06:54:07,WHITEMARSH,RT309 EXPY & RAMP RT309 NB TO I276,1
40.3143122,-75.3239316,2ND ST & UNNAMED ALY;  SOUDERTON; Station 339; 2019-03-17 @ 11:40:26;,18964,EMS: CARDIAC EMERGENCY,2019-03-17 11:40:26,SOUDERTON,2ND ST & UNNAMED ALY,1
40.1455430,-75.1170200,EASTON RD & CENTER AVE; UPPER MORELAND; 2016-04-12 @ 10:37:22;,19090,Traffic: VEHICLE ACCIDENT -,2016-04-12 10:37:22,UPPER MORELAND,EASTON RD & CENTER AVE,1
40.1682992,-75.1030495,WARMINSTER RD & FULMOR AVE;  UPPER MORELAND; Station 384; 2020-06-22 @ 08:01:16;,19040,EMS: VEHICLE ACCIDENT,2020-06-22 08:01:16,UPPER MORELAND,WARMINSTER RD & FULMOR AVE,1
40.2122959,-75.5445674,RAMP RT422 WB TO N LEWIS RD & N LEWIS RD; LIMERICK; 2018-10-13 @ 18:41:10;,19468,Traffic: VEHICLE ACCIDENT -,2018-10-13 18:41:10,LIMERICK,RAMP RT422 WB TO N LEWIS RD & N LEWIS RD,1
40.1048289,-75.1582546,TYSON AVE & W MT CARMEL AVE;  ABINGTON; Station 383; 2018-08-29 @ 18:53:49;,19038,EMS: CARDIAC EMERGENCY,2018-08-29 18:53:49,ABINGTON,TYSON AVE & W MT CARMEL AVE,1
40.2566279,-75.2612699,LINE ST & COWPATH RD;  HATFIELD TOWNSHIP; Station 345; 2016-04-11 @ 16:39:27;,19446,EMS: DIABETIC EMERGENCY,2016-04-11 16:39:27,HATFIELD TOWNSHIP,LINE ST & COWPATH RD,1
40.1117737,-75.3369314,WALNUT ST & E MAIN ST; NORRISTOWN; 2018-10-06 @ 19:16:16-Station:STA27;,19401,Fire: FIRE ALARM,2018-10-06 19:16:16,NORRISTOWN,WALNUT ST & E MAIN ST,1
40.1856597,-75.4515710,MAIN CAMPUS DR & DEAD END;  COLLEGEVILLE; Station 324; 2016-12-03 @ 15:30:16;,19426,EMS: SUBJECT IN PAIN,2016-12-03 15:30:16,COLLEGEVILLE,MAIN CAMPUS DR & DEAD END,1
40.1845001,-75.5380393,WALNUT ST & S 4TH AVE;  ROYERSFORD; Station 325; 2019-01-12 @ 22:36:02;,19468,EMS: HEMORRHAGING,2019-01-12 22:36:02,ROYERSFORD,WALNUT ST & S 4TH AVE,1
40.1356849,-75.4665147,EGYPT RD & GREEN TREE RD; UPPER PROVIDENCE; 2017-10-04 @ 08:32:24;,19460,Traffic: VEHICLE ACCIDENT -,2017-10-04 08:32:24,UPPER PROVIDENCE,EGYPT RD & GREEN TREE RD,1
40.1050429,-75.1866340,CHURCH RD & LANTERN LN; SPRINGFIELD; 2018-02-05 @ 08:47:57-Station:STA700;,19075,Fire: FIRE ALARM,2018-02-05 08:47:57,SPRINGFIELD,CHURCH RD & LANTERN LN,1
40.1193180,-75.3522687,KOHN ST & W AIRY ST; NORRISTOWN; 2018-10-18 @ 17:52:24;,19401,Traffic: VEHICLE ACCIDENT -,2018-10-18 17:52:24,NORRISTOWN,KOHN ST & W AIRY ST,1
40.1330908,-75.4414041,RT422  & RAMP EGYPT RD TO RT422 EB; LOWER PROVIDENCE; 2019-12-05 @ 10:01:29-Station:STA53;,,Fire: VEHICLE ACCIDENT,2019-12-05 10:01:29,LOWER PROVIDENCE,RT422  & RAMP EGYPT RD TO RT422 EB,1
40.1339977,-75.4494634,BLACK ROCK RD & EGYPT RD; UPPER PROVIDENCE; 2017-07-15 @ 15:31:14;,19426,Traffic: DISABLED VEHICLE -,2017-07-15 15:31:14,UPPER PROVIDENCE,BLACK ROCK RD & EGYPT RD,1
40.0216953,-75.3188027,LANCASTER AVE & MORTON RD; LOWER MERION; 2017-02-25 @ 09:59:50-Station:STA23;,19010,Fire: FIRE ALARM,2017-02-25 09:59:50,LOWER MERION,LANCASTER AVE & MORTON RD,1
40.4225670,-75.5140810,MILL HILL RD & VICTOR DR; UPPER HANOVER; 2018-03-22 @ 19:25:38-Station:STA38;,18041,Fire: FIRE SPECIAL SERVICE,2018-03-22 19:25:38,UPPER HANOVER,MILL HILL RD & VICTOR DR,1
40.0675330,-75.1465640,CHELTENHAM AVE & PENROSE AVE; CHELTENHAM; 2018-07-28 @ 15:54:04;,19027,Traffic: VEHICLE ACCIDENT -,2018-07-28 15:54:04,CHELTENHAM,CHELTENHAM AVE & PENROSE AVE,1
40.0972222,-75.3761952,SCHUYLKILL EXPY & WEADLEY RD OVERPASS; UPPER MERION; 2018-03-02 @ 10:14:28;,,Traffic: ROAD OBSTRUCTION -,2018-03-02 10:14:28,UPPER MERION,SCHUYLKILL EXPY & WEADLEY RD OVERPASS,1
40.1783846,-75.2256754,BETHLEHEM PIKE & SHEBLE LN;  LOWER GWYNEDD; Station 351; 2019-01-14 @ 18:19:56;,19002,EMS: CHOKING,2019-01-14 18:19:56,LOWER GWYNEDD,BETHLEHEM PIKE & SHEBLE LN,1
40.2560369,-75.5927008,BUCHERT RD & LAUREL WAY;  LOWER POTTSGROVE; Station 329B; 2020-06-14 @ 16:23:07;,19464,EMS: MEDICAL ALERT ALARM,2020-06-14 16:23:07,LOWER POTTSGROVE,BUCHERT RD & LAUREL WAY,1
40.1168824,-75.3521905,LAFAYETTE ST & CHAIN ST;  NORRISTOWN; Station 308A; 2018-01-01 @ 22:34:11;,19401,EMS: ASSAULT VICTIM,2018-01-01 22:34:11,NORRISTOWN,LAFAYETTE ST & CHAIN ST,1
40.2438810,-75.6161910,HIGH ST & BEECH ST;  POTTSTOWN; Station 329; 2019-06-13 @ 13:19:55;,19464,EMS: SEIZURES,2019-06-13 13:19:55,POTTSTOWN,HIGH ST & BEECH ST,1
40.1182493,-75.0553954,RED LION RD & DALE RD; LOWER MORELAND; 2016-03-01 @ 08:52:02;,19006,Traffic: VEHICLE ACCIDENT -,2016-03-01 08:52:02,LOWER MORELAND,RED LION RD & DALE RD,1
40.2937659,-75.3767229,MAPLE AVE & HARLEYSVILLE PIKE; FRANCONIA; 2016-10-24 @ 07:38:33;,19438,Traffic: DISABLED VEHICLE -,2016-10-24 07:38:33,FRANCONIA,MAPLE AVE & HARLEYSVILLE PIKE,1
40.2413204,-75.2428276,BETHLEHEM PIKE & NORTH WALES RD; MONTGOMERY; 2020-03-08 @ 14:11:24;,19454,Traffic: VEHICLE ACCIDENT -,2020-03-08 14:11:24,MONTGOMERY,BETHLEHEM PIKE & NORTH WALES RD,1
40.2421914,-75.2847748,WALNUT ST & W MAIN ST; LANSDALE; 2016-01-15 @ 13:42:37;,19446,Traffic: VEHICLE ACCIDENT -,2016-01-15 13:42:37,LANSDALE,WALNUT ST & W MAIN ST,1
40.2346744,-75.4466334,SCENIC VIEW DR & CREEKWOOD DR; SKIPPACK; 2018-10-19 @ 11:19:44-Station:STA86;,19473,Fire: FIRE ALARM,2018-10-19 11:19:44,SKIPPACK,SCENIC VIEW DR & CREEKWOOD DR,1
40.2492123,-75.5594226,MASTERS DR & PAR CIR; LIMERICK; 2016-03-05 @ 16:49:20-Station:STA54;,19464,Fire: FIRE SPECIAL SERVICE,2016-03-05 16:49:20,LIMERICK,MASTERS DR & PAR CIR,1
40.0972222,-75.3761952,RAMP RT202 NB TO I76  & RT202 NB; UPPER MERION; 2020-04-09 @ 23:47:51;,,Traffic: DISABLED VEHICLE -,2020-04-09 23:47:51,UPPER MERION,RAMP RT202 NB TO I76  & RT202 NB,1
40.2469315,-75.6439204,CHESTNUT ST & N FRANKLIN ST; POTTSTOWN; 2020-05-27 @ 04:42:46-Station:STA69;,19464,Fire: RESCUE - GENERAL,2020-05-27 04:42:46,POTTSTOWN,CHESTNUT ST & N FRANKLIN ST,1
40.1930534,-75.4623315,MAIN ST & E 9TH AVE;  COLLEGEVILLE; Station 324; 2016-04-10 @ 07:40:40;,19426,EMS: UNKNOWN MEDICAL EMERGENCY,2016-04-10 07:40:40,COLLEGEVILLE,MAIN ST & E 9TH AVE,1
40.1211202,-75.1818884,ORLANDO AVE & LAFAYETTE AVE; UPPER DUBLIN; 2017-08-11 @ 16:13:14;,19075,Traffic: ROAD OBSTRUCTION -,2017-08-11 16:13:14,UPPER DUBLIN,ORLANDO AVE & LAFAYETTE AVE,1
40.1330371,-75.4084631,SHANNONDELL DR & SHANNONDELL BLVD;  LOWER PROVIDENCE; Station 322A; 2017-11-25 @ 09:52:16;,19403,EMS: MEDICAL ALERT ALARM,2017-11-25 09:52:16,LOWER PROVIDENCE,SHANNONDELL DR & SHANNONDELL BLVD,1
40.1566208,-75.4113257,EAGLEVILLE RD & SUNDERLAND DR;  LOWER PROVIDENCE; Station 322; 2017-10-21 @ 14:30:07;,19403,EMS: GENERAL WEAKNESS,2017-10-21 14:30:07,LOWER PROVIDENCE,EAGLEVILLE RD & SUNDERLAND DR,1
40.2391632,-75.3045683,VALLEY FORGE RD & BOYD AVE;  UPPER GWYNEDD; Station 345B; 2017-08-18 @ 19:28:49;,19446,EMS: CARDIAC EMERGENCY,2017-08-18 19:28:49,UPPER GWYNEDD,VALLEY FORGE RD & BOYD AVE,1
40.0017114,-75.2750212,WYNNEWOOD RD & MORRIS RD; LOWER MERION; 2019-06-11 @ 09:02:26-Station:STA25;,19096,Fire: FIRE INVESTIGATION,2019-06-11 09:02:26,LOWER MERION,WYNNEWOOD RD & MORRIS RD,1
40.2403626,-75.6202026,MOSER RD & CHERRY LN;  POTTSTOWN; Station 329; 2018-07-26 @ 12:17:34;,19464,EMS: HEAD INJURY,2018-07-26 12:17:34,POTTSTOWN,MOSER RD & CHERRY LN,1
40.1793752,-75.2362381,RT309 EXPY & CEDAR HILL RD OVERPASS; LOWER GWYNEDD; 2018-04-29 @ 07:35:25;,,Traffic: VEHICLE ACCIDENT -,2018-04-29 07:35:25,LOWER GWYNEDD,RT309 EXPY & CEDAR HILL RD OVERPASS,1
40.0251810,-75.3257130,LANCASTER AVE & MONTROSE AVE; LOWER MERION; 2017-03-08 @ 10:57:48;,19010,Traffic: VEHICLE ACCIDENT -,2017-03-08 10:57:48,LOWER MERION,LANCASTER AVE & MONTROSE AVE,1
40.0743284,-75.1243595,CHURCH RD & BROOKSIDE RD; CHELTENHAM; 2016-08-30 @ 16:23:47;,19027,Traffic: DISABLED VEHICLE -,2016-08-30 16:23:47,CHELTENHAM,CHURCH RD & BROOKSIDE RD,1
40.1508958,-75.1274376,FITZWATERTOWN RD & BARTRAM RD;  UPPER MORELAND; Station 381; 2019-11-09 @ 16:51:54;,19090,EMS: OVERDOSE,2019-11-09 16:51:54,UPPER MORELAND,FITZWATERTOWN RD & BARTRAM RD,1
40.0867629,-75.0964770,LOS ANGELES AVE & GIBSON AVE;  ABINGTON; Station 382; 2016-11-08 @ 15:32:17;,19046,EMS: BACK PAINS/INJURY,2016-11-08 15:32:17,ABINGTON,LOS ANGELES AVE & GIBSON AVE,1
40.1266466,-75.4516367,PARK AVE & MILL RD; PERKIOMEN; 2017-12-09 @ 17:15:30-Station:STA66;,19460,Fire: FIRE POLICE NEEDED,2017-12-09 17:15:30,PERKIOMEN,PARK AVE & MILL RD,1
40.2041069,-75.5348371,REIFSNYDER RD & COUNTRY CLUB RD; LIMERICK; 2015-12-24 @ 09:37:05;,19468,Traffic: VEHICLE ACCIDENT -,2015-12-24 09:37:05,LIMERICK,REIFSNYDER RD & COUNTRY CLUB RD,1
40.2685198,-75.3332887,ALLENTOWN RD & FRETZ RD; TOWAMENCIN; 2019-02-12 @ 07:21:58;,18964,Traffic: VEHICLE ACCIDENT -,2019-02-12 07:21:58,TOWAMENCIN,ALLENTOWN RD & FRETZ RD,1
40.2490847,-75.6071219,KEPLER RD & BROOKWOOD DR; LOWER POTTSGROVE; 2019-01-29 @ 14:49:21;,19464,Traffic: VEHICLE ACCIDENT -,2019-01-29 14:49:21,LOWER POTTSGROVE,KEPLER RD & BROOKWOOD DR,1
40.2290075,-75.3878525,NO LOCATION - NEIGHBORING COUNTY;  BERKS COUNTY; Station EMS; 2017-08-19 @ 23:20:13;,,EMS: FALL VICTIM,2017-08-19 23:20:13,BERKS COUNTY,NO LOCATION - NEIGHBORING COUNTY,1
40.2595332,-75.6358301,SPRUCE ST & DIAMOND ST; POTTSTOWN; 2017-10-24 @ 19:46:46;,19464,Traffic: VEHICLE ACCIDENT -,2017-10-24 19:46:46,POTTSTOWN,SPRUCE ST & DIAMOND ST,1
40.1077086,-75.2136339,MILL RD & BETHLEHEM PIKE; WHITEMARSH; 2017-12-26 @ 02:43:34;,19031,Traffic: VEHICLE ACCIDENT -,2017-12-26 02:43:34,WHITEMARSH,MILL RD & BETHLEHEM PIKE,1
40.1110489,-75.1820425,PAPER MILL RD & COUNTRY CLUB DR; SPRINGFIELD; 2019-11-19 @ 08:38:09;,19075,Traffic: DISABLED VEHICLE -,2019-11-19 08:38:09,SPRINGFIELD,PAPER MILL RD & COUNTRY CLUB DR,1
40.2514920,-75.6033497,RT422 BYP & RR UNDERPASS; LOWER POTTSGROVE; 2019-05-23 @ 12:00:53;,,Traffic: ROAD OBSTRUCTION -,2019-05-23 12:00:53,LOWER POTTSGROVE,RT422 BYP & RR UNDERPASS,1
40.0050917,-75.2183892,E CITY AVE & KINGS GRANT DR; LOWER MERION; 2020-01-20 @ 16:25:40;,19004,Traffic: VEHICLE ACCIDENT -,2020-01-20 16:25:40,LOWER MERION,E CITY AVE & KINGS GRANT DR,1
40.1501003,-75.3974394,RIDGE PIKE & SUNNYSIDE AVE; LOWER PROVIDENCE; 2016-06-20 @ 06:51:55;,19403,Traffic: VEHICLE ACCIDENT -,2016-06-20 06:51:55,LOWER PROVIDENCE,RIDGE PIKE & SUNNYSIDE AVE,1
40.2270006,-75.4533565,GRAVEL PIKE;  PERKIOMEN; Station 324; 2017-04-11 @ 14:14:30;,,EMS: VEHICLE ACCIDENT,2017-04-11 14:14:30,PERKIOMEN,GRAVEL PIKE,1
40.161971,-75.201353,RT309 EXPY NB & RAMP RT309 NB TO SUSQUEHANNA RD; UPPER DUBLIN; 2019-02-28 @ 04:56:19;,19025,Traffic: VEHICLE ACCIDENT -,2019-02-28 04:56:19,UPPER DUBLIN,RT309 EXPY NB & RAMP RT309 NB TO SUSQUEHANNA RD,1
40.2325756,-75.3195464,SUMNEYTOWN PIKE & BRIDLE PATH DR;  TOWAMENCIN; Station 345B; 2019-03-22 @ 16:24:20;,19446,EMS: SUBJECT IN PAIN,2019-03-22 16:24:20,TOWAMENCIN,SUMNEYTOWN PIKE & BRIDLE PATH DR,1
40.2785463,-75.4713688,BIG RD & THE ZIEGLERVILLE ROUNDABOUT; LOWER FREDERICK; 2020-05-14 @ 16:32:34;,19473,Traffic: VEHICLE ACCIDENT -,2020-05-14 16:32:34,LOWER FREDERICK,BIG RD & THE ZIEGLERVILLE ROUNDABOUT,1
40.1187862,-75.3466104,MARKLEY ST & W MARSHALL ST; NORRISTOWN; 2017-11-07 @ 15:09:49-Station:STA27;,19401,Fire: FIRE ALARM,2017-11-07 15:09:49,NORRISTOWN,MARKLEY ST & W MARSHALL ST,1
40.2288917,-75.2367048,BETHLEHEM PIKE & KNAPP RD; MONTGOMERY; 2020-04-28 @ 13:46:23;,18936,Traffic: VEHICLE ACCIDENT -,2020-04-28 13:46:23,MONTGOMERY,BETHLEHEM PIKE & KNAPP RD,1
40.2817021,-75.2796193,SCHOOL RD & BRAMBLE GATE DR;  HATFIELD TOWNSHIP; Station 345; 2019-06-12 @ 11:53:30;,19440,EMS: SYNCOPAL EPISODE,2019-06-12 11:53:30,HATFIELD TOWNSHIP,SCHOOL RD & BRAMBLE GATE DR,1
40.0828901,-75.1781989,IVY HILL RD & BAYARD ST;  SPRINGFIELD; Station 351A; 2018-12-26 @ 23:21:28;,19150,EMS: UNCONSCIOUS SUBJECT,2018-12-26 23:21:28,SPRINGFIELD,IVY HILL RD & BAYARD ST,1
40.2111671,-75.4215698,MT AIRY RD & HARMON CT;  SKIPPACK; Station 336; 2020-07-25 @ 09:17:42;,19426,EMS: RESPIRATORY EMERGENCY,2020-07-25 09:17:42,SKIPPACK,MT AIRY RD & HARMON CT,1
40.0972222,-75.3761952,SCHUYLKILL EXPY & S GULPH RD UNDERPASS; UPPER MERION; 2017-09-03 @ 06:51:11-Station:STA48;,,Fire: VEHICLE FIRE,2017-09-03 06:51:11,UPPER MERION,SCHUYLKILL EXPY & S GULPH RD UNDERPASS,1
40.0807935,-75.4020317,WARNER RD & CONTINENTAL DR; UPPER MERION; 2019-12-05 @ 16:45:33;,19406,Traffic: VEHICLE ACCIDENT -,2019-12-05 16:45:33,UPPER MERION,WARNER RD & CONTINENTAL DR,1
40.0865385,-75.3862840,W DEKALB PIKE & MALL BLVD; UPPER MERION; 2018-10-11 @ 09:36:59;,19406,Traffic: VEHICLE ACCIDENT -,2018-10-11 09:36:59,UPPER MERION,W DEKALB PIKE & MALL BLVD,1
40.1433257,-75.4228190,RT422  & PAWLINGS RD OVERPASS; LOWER PROVIDENCE; 2017-12-17 @ 03:03:54;,,Traffic: VEHICLE ACCIDENT -,2017-12-17 03:03:54,LOWER PROVIDENCE,RT422  & PAWLINGS RD OVERPASS,1
40.1293980,-75.3322134,PINE ST & W ROBERTS ST; NORRISTOWN; 2018-08-12 @ 10:08:16;,19401,Traffic: VEHICLE ACCIDENT -,2018-08-12 10:08:16,NORRISTOWN,PINE ST & W ROBERTS ST,1
40.3109434,-75.3183552,BROAD ST & N 3RD ST; SOUDERTON; 2015-12-12 @ 17:13:22;,18964,Traffic: DISABLED VEHICLE -,2015-12-12 17:13:22,SOUDERTON,BROAD ST & N 3RD ST,1
40.2599198,-75.3387194,SPRING LN & GEHMAN RD;  TOWAMENCIN; Station 345B; 2016-01-27 @ 06:04:43;,19438,EMS: ABDOMINAL PAINS,2016-01-27 06:04:43,TOWAMENCIN,SPRING LN & GEHMAN RD,1
40.0830278,-75.1604661,GREENWOOD AVE & LONGFELLOW RD; CHELTENHAM; 2018-02-13 @ 12:48:34;,19095,Traffic: VEHICLE ACCIDENT -,2018-02-13 12:48:34,CHELTENHAM,GREENWOOD AVE & LONGFELLOW RD,1
40.1699914,-75.1650614,WELSH RD & PURDIE LN;  HORSHAM; Station 352; 2018-11-18 @ 07:46:18;,19044,EMS: CARDIAC EMERGENCY,2018-11-18 07:46:18,HORSHAM,WELSH RD & PURDIE LN,1
40.1034696,-75.1623691,BERKELEY RD & MONTIER RD;  CHELTENHAM; Station 358A; 2016-10-15 @ 16:10:08;,19038,EMS: OVERDOSE,2016-10-15 16:10:08,CHELTENHAM,BERKELEY RD & MONTIER RD,1
40.1563876,-75.4026150,OAKLYN AVE & RIDGE PIKE;  LOWER PROVIDENCE; Station 322; 2016-07-19 @ 14:59:34;,19403,EMS: SUBJECT IN PAIN,2016-07-19 14:59:34,LOWER PROVIDENCE,OAKLYN AVE & RIDGE PIKE,1
40.1162446,-75.1845144,ALLISON RD & CLEMENT RD;  SPRINGFIELD; Station 351A; 2019-04-18 @ 19:25:37;,19075,EMS: SYNCOPAL EPISODE,2019-04-18 19:25:37,SPRINGFIELD,ALLISON RD & CLEMENT RD,1
40.0966894,-75.2674978,GERMANTOWN PIKE & FAIRWAY RD;  WHITEMARSH; Station 318; 2020-03-16 @ 10:47:45;,19462,EMS: CARDIAC ARREST,2020-03-16 10:47:45,WHITEMARSH,GERMANTOWN PIKE & FAIRWAY RD,1
40.2414889,-75.2870370,VINE ST & GREEN ST; LANSDALE; 2017-07-15 @ 10:58:53;,19446,Traffic: VEHICLE ACCIDENT -,2017-07-15 10:58:53,LANSDALE,VINE ST & GREEN ST,1
40.0665965,-75.1202484,BROOKVIEW PL & ASHBOURNE RD;  CHELTENHAM; Station 358; 2018-07-05 @ 16:24:08;,19027,EMS: ABDOMINAL PAINS,2018-07-05 16:24:08,CHELTENHAM,BROOKVIEW PL & ASHBOURNE RD,1
40.0972222,-75.3761952,SCHUYLKILL EXPY & N GULPH RD UNDERPASS; UPPER MERION; 2019-07-20 @ 08:59:54;,,Traffic: DISABLED VEHICLE -,2019-07-20 08:59:54,UPPER MERION,SCHUYLKILL EXPY & N GULPH RD UNDERPASS,1
40.1962252,-75.2987124,MORRIS RD & PRIMROSE DR;  WORCESTER; Station 345B; 2016-01-31 @ 18:42:55;,19446,EMS: DEHYDRATION,2016-01-31 18:42:55,WORCESTER,MORRIS RD & PRIMROSE DR,1
40.2170174,-75.2750804,WALNUT ST & S 8TH ST; NORTH WALES; 2019-07-03 @ 20:39:50-Station:STA62;,19454,Fire: BUILDING FIRE,2019-07-03 20:39:50,NORTH WALES,WALNUT ST & S 8TH ST,1
40.2447730,-75.5979810,SANATOGA RD & E HIGH ST;  LOWER POTTSGROVE; Station 329; 2015-12-17 @ 09:53:04;,19464,EMS: UNKNOWN MEDICAL EMERGENCY,2015-12-17 09:53:04,LOWER POTTSGROVE,SANATOGA RD & E HIGH ST,1
40.2509971,-75.3333998,FORTY FOOT RD & DETWILER RD;  TOWAMENCIN; Station 345B; 2018-02-21 @ 13:35:49;,19446,EMS: RESPIRATORY EMERGENCY,2018-02-21 13:35:49,TOWAMENCIN,FORTY FOOT RD & DETWILER RD,1
40.2494220,-75.6482058,BEECH ST & PENN ST;  POTTSTOWN; Station 329; 2020-03-30 @ 02:14:41;,19464,EMS: RESPIRATORY EMERGENCY,2020-03-30 02:14:41,POTTSTOWN,BEECH ST & PENN ST,1
40.1760820,-75.1231279,HORSHAM RD & BLAIR MILL RD; HORSHAM; 2018-03-30 @ 16:34:29;,19044,Traffic: VEHICLE ACCIDENT -,2018-03-30 16:34:29,HORSHAM,HORSHAM RD & BLAIR MILL RD,1
40.1089740,-75.2138303,BETHLEHEM PIKE & SPRINGFIELD AVE; SPRINGFIELD; 2016-04-29 @ 18:51:02-Station:STA6;,19031,Fire: FIRE ALARM,2016-04-29 18:51:02,SPRINGFIELD,BETHLEHEM PIKE & SPRINGFIELD AVE,1
40.2490847,-75.6071219,KEPLER RD & BROOKWOOD DR;  LOWER POTTSGROVE; Station 329B; 2018-06-02 @ 13:55:51;,19464,EMS: CARDIAC EMERGENCY,2018-06-02 13:55:51,LOWER POTTSGROVE,KEPLER RD & BROOKWOOD DR,1
39.9939300,-75.2848880,WYNNEWOOD RD & KNOX RD;  LOWER MERION; Station 313; 2017-03-18 @ 16:22:12;,19096,EMS: CARDIAC EMERGENCY,2017-03-18 16:22:12,LOWER MERION,WYNNEWOOD RD & KNOX RD,1
40.0596696,-75.0959951,TOOKANY CREEK PKWY & CENTRAL AVE; CHELTENHAM; 2017-07-24 @ 12:50:14-Station:STA4;,19012,Fire: WOODS/FIELD FIRE,2017-07-24 12:50:14,CHELTENHAM,TOOKANY CREEK PKWY & CENTRAL AVE,1
40.2009354,-75.4809106,W MAIN ST & W 7TH AVE; TRAPPE; 2019-04-02 @ 06:38:20;,19426,Traffic: VEHICLE ACCIDENT -,2019-04-02 06:38:20,TRAPPE,W MAIN ST & W 7TH AVE,1
40.0784405,-75.3866400,KING OF PRUSSIA RD & TIMBER CREEK LN;  UPPER MERION; Station 317; 2018-03-07 @ 10:56:34;,19087,EMS: CARDIAC ARREST,2018-03-07 10:56:34,UPPER MERION,KING OF PRUSSIA RD & TIMBER CREEK LN,1
40.2675375,-75.6344960,HANOVER ST & MERVINE ST; UPPER POTTSGROVE; 2016-10-12 @ 22:52:20-Station:STA79;,19464,Fire: FIRE ALARM,2016-10-12 22:52:20,UPPER POTTSGROVE,HANOVER ST & MERVINE ST,1
40.0698321,-75.3162951,RAMP I476 NB TO I76 WB & SCHUYLKILL EXPY WB; WEST CONSHOHOCKEN; 2016-04-08 @ 15:16:33;,,Traffic: VEHICLE ACCIDENT -,2016-04-08 15:16:33,WEST CONSHOHOCKEN,RAMP I476 NB TO I76 WB & SCHUYLKILL EXPY WB,1
40.1753607,-75.0972864,WARMINSTER RD & CENTRAL AVE; HATBORO; 2018-11-21 @ 09:15:09;,19040,Traffic: VEHICLE ACCIDENT -,2018-11-21 09:15:09,HATBORO,WARMINSTER RD & CENTRAL AVE,1
40.1257570,-75.4576510,STATION AVE & NORTH DR; UPPER PROVIDENCE; 2016-09-08 @ 08:29:38-Station:STA53;,19460,Fire: WOODS/FIELD FIRE,2016-09-08 08:29:38,UPPER PROVIDENCE,STATION AVE & NORTH DR,1
40.3063247,-75.5784602,SWAMP PICNIC RD & N CHARLOTTE ST;  NEW HANOVER; Station 332; 2020-03-24 @ 08:56:38;,19525,EMS: UNCONSCIOUS SUBJECT,2020-03-24 08:56:38,NEW HANOVER,SWAMP PICNIC RD & N CHARLOTTE ST,1
40.1253492,-75.1551740,GARFIELD AVE & LINCOLN AVE; ABINGTON; 2018-08-23 @ 10:32:51-Station:STA400;,19038,Fire: CARBON MONOXIDE DETECTOR,2018-08-23 10:32:51,ABINGTON,GARFIELD AVE & LINCOLN AVE,1
40.2303870,-75.2649620,SWEETBRIAR LN & WELSH RD; UPPER GWYNEDD; 2016-01-22 @ 15:48:15;,19446,Traffic: VEHICLE ACCIDENT -,2016-01-22 15:48:15,UPPER GWYNEDD,SWEETBRIAR LN & WELSH RD,1
40.0889580,-75.4083470,GODDARD BLVD & N GULPH RD;  UPPER MERION; Station 317; 2016-06-20 @ 14:54:34;,19406,EMS: FALL VICTIM,2016-06-20 14:54:34,UPPER MERION,GODDARD BLVD & N GULPH RD,1
40.1224874,-75.3216367,CALAMIA DR & KENDRICK LN;  NORRISTOWN; Station 308A; 2018-07-20 @ 08:21:50;,19401,EMS: CARDIAC EMERGENCY,2018-07-20 08:21:50,NORRISTOWN,CALAMIA DR & KENDRICK LN,1
40.1198332,-75.1253492,KESWICK AVE & THE KESWICK ROTARY LOOP;  ABINGTON; Station 383; 2016-05-28 @ 11:41:49;,,EMS: VEHICLE ACCIDENT,2016-05-28 11:41:49,ABINGTON,KESWICK AVE & THE KESWICK ROTARY LOOP,1
40.0972222,-75.3761952,RAMP RT422 EB TO I76  & RT422 EB; UPPER MERION; 2018-05-09 @ 06:48:43;,,Traffic: VEHICLE ACCIDENT -,2018-05-09 06:48:43,UPPER MERION,RAMP RT422 EB TO I76  & RT422 EB,1
40.2599198,-75.3387194,SPRING LN & GEHMAN RD;  TOWAMENCIN; Station 345B; 2017-03-04 @ 07:05:48;,19438,EMS: HEAD INJURY,2017-03-04 07:05:48,TOWAMENCIN,SPRING LN & GEHMAN RD,1
40.2965124,-75.3818048,MILL RD & INDIAN CREEK RD; FRANCONIA; 2017-08-17 @ 23:22:58-Station:STA89;,19438,Fire: FIRE ALARM,2017-08-17 23:22:58,FRANCONIA,MILL RD & INDIAN CREEK RD,1
40.1370469,-75.3171588,DEKALB PIKE & COLONIAL DR;  EAST NORRITON; Station 308; 2019-05-10 @ 13:30:49;,19401,EMS: CARDIAC EMERGENCY,2019-05-10 13:30:49,EAST NORRITON,DEKALB PIKE & COLONIAL DR,1
40.0768058,-75.3045436,4TH AVE & FORREST ST; CONSHOHOCKEN; 2018-11-15 @ 13:22:47;,19428,Traffic: VEHICLE ACCIDENT -,2018-11-15 13:22:47,CONSHOHOCKEN,4TH AVE & FORREST ST,1
40.1218989,-75.2886415,GERMANTOWN PIKE & WALTON RD; PLYMOUTH; 2020-07-28 @ 08:41:21-Station:STA44;,19462,Fire: FIRE ALARM,2020-07-28 08:41:21,PLYMOUTH,GERMANTOWN PIKE & WALTON RD,1
40.2461541,-75.6457942,KING ST;  POTTSTOWN; Station 329; 2016-03-31 @ 08:18:25;,19464,EMS: FRACTURE,2016-03-31 08:18:25,POTTSTOWN,KING ST,1
40.2054756,-75.3529714,SKIPPACK PIKE & MEADOWOOD DR;  WORCESTER; Station 336; 2018-04-23 @ 10:33:55;,19446,EMS: CVA/STROKE,2018-04-23 10:33:55,WORCESTER,SKIPPACK PIKE & MEADOWOOD DR,1
40.0253221,-75.2379431,WASHINGTON AVE & ASHLAND AVE;  LOWER MERION; Station 313; 2019-11-26 @ 14:53:54;,19004,EMS: FALL VICTIM,2019-11-26 14:53:54,LOWER MERION,WASHINGTON AVE & ASHLAND AVE,1
40.0829813,-75.2063031,STENTON AVE & NEWTON ST;  SPRINGFIELD; Station 351A; 2019-07-02 @ 13:27:11;,19038,EMS: CARDIAC EMERGENCY,2019-07-02 13:27:11,SPRINGFIELD,STENTON AVE & NEWTON ST,1
40.0921878,-75.1822333,WILLOW GROVE AVE & FROEBEL RD;  CHELTENHAM; Station 358A; 2020-06-18 @ 07:55:50;,19038,EMS: SYNCOPAL EPISODE,2020-06-18 07:55:50,CHELTENHAM,WILLOW GROVE AVE & FROEBEL RD,1
40.1089740,-75.2138303,BETHLEHEM PIKE & SPRINGFIELD AVE; SPRINGFIELD; 2016-07-14 @ 15:29:55-Station:STA6;,19031,Fire: FIRE ALARM,2016-07-14 15:29:55,SPRINGFIELD,BETHLEHEM PIKE & SPRINGFIELD AVE,1
40.2462010,-75.6551970,HIGH ST & MANATAWNY ST;  POTTSTOWN; Station 329; 2019-07-02 @ 17:15:16;,19464,EMS: CARDIAC EMERGENCY,2019-07-02 17:15:16,POTTSTOWN,HIGH ST & MANATAWNY ST,1
40.1538717,-75.3548757,GERMANTOWN PIKE & W CROSSING CIR;  EAST NORRITON; Station 308B; 2020-06-29 @ 12:21:50;,19403,EMS: HEMORRHAGING,2020-06-29 12:21:50,EAST NORRITON,GERMANTOWN PIKE & W CROSSING CIR,1
40.0855923,-75.3912204,GULPH RD & KIRK AVE; UPPER MERION; 2019-01-12 @ 18:19:06;,19406,Traffic: VEHICLE ACCIDENT -,2019-01-12 18:19:06,UPPER MERION,GULPH RD & KIRK AVE,1
40.1129819,-75.3923117,LYNROSE CT & GLENN ROSE CIR;  UPPER MERION; Station 356; 2020-03-20 @ 19:31:25;,19406,EMS: RESPIRATORY EMERGENCY,2020-03-20 19:31:25,UPPER MERION,LYNROSE CT & GLENN ROSE CIR,1
40.1548350,-75.1234503,FITZWATERTOWN RD & RUSSELL RD; UPPER MORELAND; 2020-02-28 @ 15:02:23;,19090,Traffic: VEHICLE ACCIDENT -,2020-02-28 15:02:23,UPPER MORELAND,FITZWATERTOWN RD & RUSSELL RD,1
40.2387314,-75.5784013,RAMP RT422 WB TO EVERGREEN RD & EVERGREEN RD; LIMERICK; 2018-07-19 @ 19:41:27;,19464,Traffic: DISABLED VEHICLE -,2018-07-19 19:41:27,LIMERICK,RAMP RT422 WB TO EVERGREEN RD & EVERGREEN RD,1
40.0162180,-75.3302477,BRYN MAWR AVE & BIRCHES LN; DELAWARE COUNTY; 2017-10-22 @ 13:32:30-Station:STA23;,19010,Fire: FIRE ALARM,2017-10-22 13:32:30,DELAWARE COUNTY,BRYN MAWR AVE & BIRCHES LN,1
40.2310101,-75.2501854,KNAPP RD & BELL RUN BLVD; MONTGOMERY; 2019-04-23 @ 17:29:33;,19454,Traffic: DISABLED VEHICLE -,2019-04-23 17:29:33,MONTGOMERY,KNAPP RD & BELL RUN BLVD,1
40.0871587,-75.0824518,MARGARETTA AVE & ROBBINS AVE;  ABINGTON; Station 382; 2016-12-24 @ 15:33:46;,19006,EMS: MEDICAL ALERT ALARM,2016-12-24 15:33:46,ABINGTON,MARGARETTA AVE & ROBBINS AVE,1
40.0766793,-75.1444028,ASHBOURNE RD & SPRING AVE;  CHELTENHAM; Station 358; 2016-03-26 @ 02:32:43;,19027,EMS: FALL VICTIM,2016-03-26 02:32:43,CHELTENHAM,ASHBOURNE RD & SPRING AVE,1
40.1089740,-75.2138303,BETHLEHEM PIKE & SPRINGFIELD AVE;  SPRINGFIELD; Station 311; 2017-02-16 @ 22:51:29;,19031,EMS: SYNCOPAL EPISODE,2017-02-16 22:51:29,SPRINGFIELD,BETHLEHEM PIKE & SPRINGFIELD AVE,1
40.1192546,-75.2362381,PENNSYLVANIA TPKE & BETHLEHEM PIKE UNDERPASS; WHITEMARSH; 2017-12-29 @ 14:25:17-Station:STA44;,,Fire: VEHICLE ACCIDENT,2017-12-29 14:25:17,WHITEMARSH,PENNSYLVANIA TPKE & BETHLEHEM PIKE UNDERPASS,1
40.1365916,-75.3017126,WEYMOUTH RD & BRIGHTON RD;  PLYMOUTH; Station 308; 2019-12-02 @ 15:18:40;,19462,EMS: UNCONSCIOUS SUBJECT,2019-12-02 15:18:40,PLYMOUTH,WEYMOUTH RD & BRIGHTON RD,1
40.0567651,-75.1025650,ASHBOURNE RD & ASHMEAD RD; CHELTENHAM; 2018-02-09 @ 08:53:00;,19012,Traffic: VEHICLE ACCIDENT -,2018-02-09 08:53:00,CHELTENHAM,ASHBOURNE RD & ASHMEAD RD,1
40.1030772,-75.1908908,SHADY LN;  ABINGTON; Station 382; 2018-07-21 @ 06:32:52;,19075,EMS: SUBJECT IN PAIN,2018-07-21 06:32:52,ABINGTON,SHADY LN,1
39.9885235,-75.3101424,HIRST TER & E EAGLE RD;  DELAWARE COUNTY; Station EMS; 2019-03-25 @ 19:43:03;,19083,EMS: SYNCOPAL EPISODE,2019-03-25 19:43:03,DELAWARE COUNTY,HIRST TER & E EAGLE RD,1
40.0816179,-75.4056429,BRYCE LN & E SWEDESFORD RD;  UPPER MERION; Station 317; 2017-09-29 @ 07:21:22;,19406,EMS: HEAD INJURY,2017-09-29 07:21:22,UPPER MERION,BRYCE LN & E SWEDESFORD RD,1
40.1420691,-75.1673282,LIMEKILN PIKE & PEG ST; UPPER DUBLIN; 2016-11-17 @ 15:11:33;,19025,Traffic: VEHICLE ACCIDENT -,2016-11-17 15:11:33,UPPER DUBLIN,LIMEKILN PIKE & PEG ST,1
39.9940374,-75.2417959,E CITY AVE & RAMP I76 EB TO CITY AVE; LOWER MERION; 2020-07-11 @ 01:12:20;,,Traffic: VEHICLE ACCIDENT -,2020-07-11 01:12:20,LOWER MERION,E CITY AVE & RAMP I76 EB TO CITY AVE,1
40.2377465,-75.2773028,E MAIN ST & PARK DR; LANSDALE; 2017-09-19 @ 18:27:34;,19446,Traffic: DISABLED VEHICLE -,2017-09-19 18:27:34,LANSDALE,E MAIN ST & PARK DR,1
40.1056570,-75.3443770,4TH ST & MILL ST; BRIDGEPORT; 2016-03-24 @ 18:35:40;,19405,Traffic: VEHICLE ACCIDENT -,2016-03-24 18:35:40,BRIDGEPORT,4TH ST & MILL ST,1
40.0039548,-75.2207009,E CITY AVE & BELMONT AVE; LOWER MERION; 2019-09-16 @ 15:35:46;,19004,Traffic: VEHICLE ACCIDENT -,2019-09-16 15:35:46,LOWER MERION,E CITY AVE & BELMONT AVE,1
40.2523706,-75.6403232,CHERRY ST & DAUB ALY;  POTTSTOWN; Station 329; 2018-08-30 @ 17:58:57;,19464,EMS: RESPIRATORY EMERGENCY,2018-08-30 17:58:57,POTTSTOWN,CHERRY ST & DAUB ALY,1
40.1410269,-75.0345119,KEATS RD & BRAE BOURN DR;  LOWER MORELAND; Station 355; 2016-06-21 @ 15:53:35;,19006,EMS: HEMORRHAGING,2016-06-21 15:53:35,LOWER MORELAND,KEATS RD & BRAE BOURN DR,1
40.1237607,-75.4015568,GENERAL ARMISTEAD AVE & GENERAL WASHINGTON AVE; WEST NORRITON; 2018-08-13 @ 14:36:32-Station:STA46;,19403,Fire: FIRE INVESTIGATION,2018-08-13 14:36:32,WEST NORRITON,GENERAL ARMISTEAD AVE & GENERAL WASHINGTON AVE,1
40.2314613,-75.3062424,STONEGATE CIR & OXFORD CIR;  UPPER GWYNEDD; Station 345B; 2020-03-05 @ 02:29:26;,19446,EMS: ASSAULT VICTIM,2020-03-05 02:29:26,UPPER GWYNEDD,STONEGATE CIR & OXFORD CIR,1
40.1293163,-75.1898378,CAMP HILL RD & SHELLEY LN;  UPPER DUBLIN; Station 383; 2018-08-20 @ 03:34:47;,19034,EMS: FALL VICTIM,2018-08-20 03:34:47,UPPER DUBLIN,CAMP HILL RD & SHELLEY LN,1
40.1175783,-75.3506890,MAIN ST & PEARL ST; NORRISTOWN; 2020-03-25 @ 02:20:17;,19401,Traffic: DISABLED VEHICLE -,2020-03-25 02:20:17,NORRISTOWN,MAIN ST & PEARL ST,1
40.1621758,-75.2822161,CATHCART RD & SKIPPACK PIKE; WHITPAIN; 2018-05-27 @ 02:18:49;,19422,Traffic: VEHICLE ACCIDENT -,2018-05-27 02:18:49,WHITPAIN,CATHCART RD & SKIPPACK PIKE,1
40.0658197,-75.3427368,ARDEN RD & S GULPH RD; UPPER MERION; 2018-02-15 @ 10:11:44;,19087,Traffic: VEHICLE ACCIDENT -,2018-02-15 10:11:44,UPPER MERION,ARDEN RD & S GULPH RD,1
40.1698091,-75.2016699,MEETINGHOUSE RD & E BUTLER PIKE; UPPER DUBLIN; 2016-01-24 @ 07:19:45;,19002,Traffic: DISABLED VEHICLE -,2016-01-24 07:19:45,UPPER DUBLIN,MEETINGHOUSE RD & E BUTLER PIKE,1
40.1721708,-75.1411409,SAW MILL LN & DRESHER RD;  HORSHAM; Station 352; 2020-07-02 @ 20:44:47;,,EMS: OVERDOSE,2020-07-02 20:44:47,HORSHAM,SAW MILL LN & DRESHER RD,1
40.1192546,-75.2362381,RAMP PENNSYLVANIA AVE TO RT309  & RAMP PENNSYLVANIA AVE TO I276; WHITEMARSH; 2015-12-12 @ 10:22:31;,,Traffic: DISABLED VEHICLE -,2015-12-12 10:22:31,WHITEMARSH,RAMP PENNSYLVANIA AVE TO RT309  & RAMP PENNSYLVANIA AVE TO I276,1
40.2396723,-75.2825606,JENKINS AVE & S CHESTNUT ST;  LANSDALE; Station 345; 2017-08-26 @ 14:20:27;,19446,EMS: UNCONSCIOUS SUBJECT,2017-08-26 14:20:27,LANSDALE,JENKINS AVE & S CHESTNUT ST,1
40.1532684,-75.1895576,PENNSYLVANIA TPKE & CAMP HILL RD OVERPASS; UPPER DUBLIN; 2017-12-06 @ 17:16:06;,,Traffic: VEHICLE ACCIDENT -,2017-12-06 17:16:06,UPPER DUBLIN,PENNSYLVANIA TPKE & CAMP HILL RD OVERPASS,1
40.2270006,-75.4533565,RAHNS RD & GRAVEL PIKE; PERKIOMEN; 2016-05-31 @ 15:45:39;,,Traffic: DISABLED VEHICLE -,2016-05-31 15:45:39,PERKIOMEN,RAHNS RD & GRAVEL PIKE,1
40.2388477,-75.6155117,MEDICAL DR & ARMAND HAMMER BLVD;  LOWER POTTSGROVE; Station 329; 2017-08-17 @ 09:53:45;,19464,EMS: DIZZINESS,2017-08-17 09:53:45,LOWER POTTSGROVE,MEDICAL DR & ARMAND HAMMER BLVD,1
40.1845001,-75.5380393,WALNUT ST & S 4TH AVE;  ROYERSFORD; Station 325; 2018-05-03 @ 10:36:41;,19468,EMS: FALL VICTIM,2018-05-03 10:36:41,ROYERSFORD,WALNUT ST & S 4TH AVE,1
39.9553309,-75.1567877,SUM  ; BRIDGEPORT; 2018-03-19 @ 14:19:26;,19107,Traffic: DISABLED VEHICLE -,2018-03-19 14:19:26,BRIDGEPORT,SUM,1
40.0974678,-75.1258344,YORK RD & CHERRY ST; JENKINTOWN; 2019-07-07 @ 16:14:10;,19046,Traffic: DISABLED VEHICLE -,2019-07-07 16:14:10,JENKINTOWN,YORK RD & CHERRY ST,1
40.0838791,-75.0929161,HUNTINGDON PIKE & N PENN AVE; ROCKLEDGE; 2020-02-27 @ 19:09:20;,19046,Traffic: VEHICLE ACCIDENT -,2020-02-27 19:09:20,ROCKLEDGE,HUNTINGDON PIKE & N PENN AVE,1
40.0989491,-75.3880892,LANGDALE CT & KEEBLER RD; UPPER MERION; 2018-02-14 @ 18:44:13-Station:STA47;,19406,Fire: FIRE ALARM,2018-02-14 18:44:13,UPPER MERION,LANGDALE CT & KEEBLER RD,1
40.1046666,-75.3332221,4TH ST & PROSPECT AVE;  BRIDGEPORT; Station 356; 2019-10-30 @ 19:38:07;,19405,EMS: FALL VICTIM,2019-10-30 19:38:07,BRIDGEPORT,4TH ST & PROSPECT AVE,1
40.0235280,-75.3227020,BRYN MAWR AVE & W LANCASTER AVE; LOWER MERION; 2019-12-27 @ 17:47:49;,19010,Traffic: VEHICLE ACCIDENT -,2019-12-27 17:47:49,LOWER MERION,BRYN MAWR AVE & W LANCASTER AVE,1
40.2619328,-75.4687792,MINE HILL RD & HIGHLAND AVE; SCHWENKSVILLE; 2017-09-25 @ 21:41:11;,19473,Traffic: VEHICLE ACCIDENT -,2017-09-25 21:41:11,SCHWENKSVILLE,MINE HILL RD & HIGHLAND AVE,1
40.2096830,-75.2792835,WALNUT ST & S PENNSYLVANIA AVE;  NORTH WALES; Station 345B; 2019-02-15 @ 14:20:02;,19454,EMS: ASSAULT VICTIM,2019-02-15 14:20:02,NORTH WALES,WALNUT ST & S PENNSYLVANIA AVE,1
40.0515836,-75.3003850,BROADMOOR RD & RAFFLES LN;  LOWER MERION; Station 313A; 2016-09-06 @ 18:47:45;,19010,EMS: FRACTURE,2016-09-06 18:47:45,LOWER MERION,BROADMOOR RD & RAFFLES LN,1
40.0012492,-75.2345406,BIRCH AVE & UNION AVE; LOWER MERION; 2016-12-30 @ 17:52:12-Station:STA28;,19004,Fire: APPLIANCE FIRE,2016-12-30 17:52:12,LOWER MERION,BIRCH AVE & UNION AVE,1
40.0377528,-75.3175950,ITHAN AVE & POND LN;  LOWER MERION; Station 313A; 2017-11-30 @ 12:08:19;,19010,EMS: ABDOMINAL PAINS,2017-11-30 12:08:19,LOWER MERION,ITHAN AVE & POND LN,1
40.2304548,-75.6339815,WORTH BLVD & TYSON ST;  CHESTER COUNTY; Station 3A84; 2019-11-23 @ 13:41:16;,19465,EMS: ASSAULT VICTIM,2019-11-23 13:41:16,CHESTER COUNTY,WORTH BLVD & TYSON ST,1
40.1227871,-75.1720226,TWINING RD & VALLEY RD; UPPER DUBLIN; 2017-05-12 @ 07:35:13;,19075,Traffic: HAZARDOUS ROAD CONDITIONS -,2017-05-12 07:35:13,UPPER DUBLIN,TWINING RD & VALLEY RD,1
40.3537489,-75.4818459,GRAVEL PIKE & KNIGHT RD; MARLBOROUGH; 2018-01-12 @ 06:24:23;,18073,Traffic: ROAD OBSTRUCTION -,2018-01-12 06:24:23,MARLBOROUGH,GRAVEL PIKE & KNIGHT RD,1
40.2253013,-75.2339509,BETHLEHEM PIKE & STUMP RD; MONTGOMERY; 2016-10-25 @ 19:14:15;,18936,Traffic: VEHICLE ACCIDENT -,2016-10-25 19:14:15,MONTGOMERY,BETHLEHEM PIKE & STUMP RD,1
40.2456797,-75.6504860,HIGH ST & S HANOVER ST;  POTTSTOWN; Station 329; 2016-11-02 @ 16:41:41;,19464,EMS: UNKNOWN MEDICAL EMERGENCY,2016-11-02 16:41:41,POTTSTOWN,HIGH ST & S HANOVER ST,1
40.2268366,-75.6378954,HEATHER CT & GRANDVIEW CIR;  CHESTER COUNTY; Station 3A84; 2016-01-24 @ 14:28:00;,19465,EMS: CARDIAC EMERGENCY,2016-01-24 14:28:00,CHESTER COUNTY,HEATHER CT & GRANDVIEW CIR,1
40.1053039,-75.1440235,ABINGTON AVE & PARKDALE AVE; ABINGTON; 2017-07-14 @ 08:44:03;,19038,Traffic: VEHICLE ACCIDENT -,2017-07-14 08:44:03,ABINGTON,ABINGTON AVE & PARKDALE AVE,1
40.2582531,-75.2482301,BETHLEHEM PIKE & TAYLOR RD;  MONTGOMERY; Station 345; 2019-10-16 @ 22:36:39;,19446,EMS: ABDOMINAL PAINS,2019-10-16 22:36:39,MONTGOMERY,BETHLEHEM PIKE & TAYLOR RD,1
40.2371798,-75.2728397,LANSDALE AVE & E 3RD ST; LANSDALE; 2020-04-30 @ 12:27:31;,19446,Traffic: ROAD OBSTRUCTION -,2020-04-30 12:27:31,LANSDALE,LANSDALE AVE & E 3RD ST,1
40.0812601,-75.1370254,PENROSE AVE & COMPOUND 32;  CHELTENHAM; Station 358; 2016-01-18 @ 19:19:17;,,EMS: SYNCOPAL EPISODE,2016-01-18 19:19:17,CHELTENHAM,PENROSE AVE & COMPOUND 32,1
40.2290075,-75.3878525,SETTLERS CIR & S SETTLERS CIR;  BUCKS COUNTY; Station EMS; 2016-12-16 @ 05:40:52;,,EMS: CARDIAC ARREST,2016-12-16 05:40:52,BUCKS COUNTY,SETTLERS CIR & S SETTLERS CIR,1
40.2518845,-75.6528626,3RD ST & JOHNSON ST;  POTTSTOWN; Station 329; 2018-08-01 @ 13:07:17;,19464,EMS: CARDIAC EMERGENCY,2018-08-01 13:07:17,POTTSTOWN,3RD ST & JOHNSON ST,1
40.0859176,-75.0887081,GIBSON AVE & SHADY LN;  ABINGTON; Station 382; 2017-02-12 @ 17:35:54;,,EMS: MEDICAL ALERT ALARM,2017-02-12 17:35:54,ABINGTON,GIBSON AVE & SHADY LN,1
40.0510511,-75.1131900,IVINETTA RD & JOHNS RD; CHELTENHAM; 2020-06-03 @ 22:34:24;,19012,Traffic: ROAD OBSTRUCTION -,2020-06-03 22:34:24,CHELTENHAM,IVINETTA RD & JOHNS RD,1
40.2688772,-75.3710976,BUCKINGHAM CIR & CLEMENS RD;  LOWER SALFORD; Station 344; 2019-01-24 @ 20:35:28;,19438,EMS: FALL VICTIM,2019-01-24 20:35:28,LOWER SALFORD,BUCKINGHAM CIR & CLEMENS RD,1
40.1183720,-75.3518780,MAIN ST & GEORGE ST;  NORRISTOWN; Station 308A; 2017-02-11 @ 19:23:49;,19401,EMS: OVERDOSE,2017-02-11 19:23:49,NORRISTOWN,MAIN ST & GEORGE ST,1
40.2305658,-75.2723534,LAUREL LN & WISSAHICKON AVE;  LANSDALE; Station 345; 2020-06-22 @ 07:02:13;,19446,EMS: SUBJECT IN PAIN,2020-06-22 07:02:13,LANSDALE,LAUREL LN & WISSAHICKON AVE,1
40.2468210,-75.5909481,WELSH DR & EAST CT;  LOWER POTTSGROVE; Station 329B; 2019-05-13 @ 18:05:54;,19464,EMS: UNKNOWN MEDICAL EMERGENCY,2019-05-13 18:05:54,LOWER POTTSGROVE,WELSH DR & EAST CT,1
40.1170272,-75.3390170,CHESTNUT ST & GREEN ST;  NORRISTOWN; Station 308A; 2019-07-17 @ 23:01:42;,19401,EMS: ASSAULT VICTIM,2019-07-17 23:01:42,NORRISTOWN,CHESTNUT ST & GREEN ST,1
40.1359254,-75.3039133,HILLTOP RD & GERMANTOWN PIKE;  PLYMOUTH; Station 308; 2020-01-10 @ 01:21:57;,19462,EMS: DEHYDRATION,2020-01-10 01:21:57,PLYMOUTH,HILLTOP RD & GERMANTOWN PIKE,1
40.1497943,-75.1013590,GREYHORSE RD & COWBELL RD;  UPPER MORELAND; Station 381; 2019-02-01 @ 00:25:12;,19090,EMS: ALTERED MENTAL STATUS,2019-02-01 00:25:12,UPPER MORELAND,GREYHORSE RD & COWBELL RD,1
40.1210694,-75.3561999,NOBLE ST & W AIRY ST;  NORRISTOWN; Station 308A; 2019-08-27 @ 18:14:11;,19401,EMS: MEDICAL ALERT ALARM,2019-08-27 18:14:11,NORRISTOWN,NOBLE ST & W AIRY ST,1
40.1525024,-75.2663117,PENLLYN BLUE BELL PIKE & SKIPPACK PIKE; WHITPAIN; 2019-09-06 @ 09:15:05;,19422,Traffic: DISABLED VEHICLE -,2019-09-06 09:15:05,WHITPAIN,PENLLYN BLUE BELL PIKE & SKIPPACK PIKE,1
40.1305414,-75.3179101,OLD ARCH RD & BIRCHWOOD DR;  EAST NORRITON; Station 308; 2019-04-01 @ 14:38:56;,19401,EMS: ALTERED MENTAL STATUS,2019-04-01 14:38:56,EAST NORRITON,OLD ARCH RD & BIRCHWOOD DR,1
40.1795116,-75.2777325,MORRIS RD & DEKALB PIKE; WHITPAIN; 2019-06-17 @ 13:10:37;,19422,Traffic: VEHICLE ACCIDENT -,2019-06-17 13:10:37,WHITPAIN,MORRIS RD & DEKALB PIKE,1
40.0774065,-75.6876086,RAMP RT100 SB TO RT724 EB & RT100 SB; CHESTER COUNTY; 2020-01-19 @ 06:45:31;,,Traffic: VEHICLE ACCIDENT -,2020-01-19 06:45:31,CHESTER COUNTY,RAMP RT100 SB TO RT724 EB & RT100 SB,1
40.2514920,-75.6033497,RT422 BYP & RR UNDERPASS; LOWER POTTSGROVE; 2018-02-24 @ 01:14:45;,,Traffic: VEHICLE ACCIDENT -,2018-02-24 01:14:45,LOWER POTTSGROVE,RT422 BYP & RR UNDERPASS,1
40.1602878,-75.0943924,DAVISVILLE RD;  UPPER MORELAND; Station 384; 2019-11-11 @ 14:09:59;,,EMS: VEHICLE ACCIDENT,2019-11-11 14:09:59,UPPER MORELAND,DAVISVILLE RD,1
40.2408060,-75.2857515,VINE ST & ST ELMO ST; LANSDALE; 2016-12-08 @ 15:47:13;,19446,Traffic: DISABLED VEHICLE -,2016-12-08 15:47:13,LANSDALE,VINE ST & ST ELMO ST,1
40.0855923,-75.3912204,GULPH RD & KIRK AVE; UPPER MERION; 2016-06-11 @ 12:27:47;,19406,Traffic: VEHICLE ACCIDENT -,2016-06-11 12:27:47,UPPER MERION,GULPH RD & KIRK AVE,1
40.0983783,-75.1524530,KESWICK AVE & WESLEY AVE;  CHELTENHAM; Station 358A; 2016-11-27 @ 17:47:45;,19038,EMS: HEMORRHAGING,2016-11-27 17:47:45,CHELTENHAM,KESWICK AVE & WESLEY AVE,1
40.0741083,-75.1583107,CHELTENHAM AVE & OGONTZ AVE; CHELTENHAM; 2017-03-25 @ 16:23:58;,19150,Traffic: VEHICLE ACCIDENT -,2017-03-25 16:23:58,CHELTENHAM,CHELTENHAM AVE & OGONTZ AVE,1
40.1340562,-75.4259970,EAGLEVILLE RD & S PARK AVE;  LOWER PROVIDENCE; Station 322A; 2020-04-09 @ 13:13:33;,19403,EMS: RESCUE - GENERAL,2020-04-09 13:13:33,LOWER PROVIDENCE,EAGLEVILLE RD & S PARK AVE,1
40.1295515,-75.3785172,RAMP RT422 WB TO RT363  & RT422 WB; WEST NORRITON; 2017-09-22 @ 12:51:41;,,Traffic: VEHICLE ACCIDENT -,2017-09-22 12:51:41,WEST NORRITON,RAMP RT422 WB TO RT363  & RT422 WB,1
40.0249667,-75.2829046,BLUEROUTE  & SCHUYLKILL EXPY UNDERPASS; LOWER MERION; 2019-11-11 @ 03:05:26;,,Traffic: DISABLED VEHICLE -,2019-11-11 03:05:26,LOWER MERION,BLUEROUTE  & SCHUYLKILL EXPY UNDERPASS,1
40.0749370,-75.1294650,OLD YORK RD & ELKINS AVE; CHELTENHAM; 2019-04-11 @ 07:31:02;,19027,Traffic: VEHICLE ACCIDENT -,2019-04-11 07:31:02,CHELTENHAM,OLD YORK RD & ELKINS AVE,1
40.2502002,-75.6546998,MANATAWNY ST & BEECH ST;  POTTSTOWN; Station 329; 2018-08-09 @ 18:01:15;,19464,EMS: RESPIRATORY EMERGENCY,2018-08-09 18:01:15,POTTSTOWN,MANATAWNY ST & BEECH ST,1
40.2416004,-75.2278766,MATTHEW DR & SUNRISE DR;  MONTGOMERY; Station 345A; 2017-12-22 @ 15:06:42;,19454,EMS: CARDIAC EMERGENCY,2017-12-22 15:06:42,MONTGOMERY,MATTHEW DR & SUNRISE DR,1
40.1696584,-75.5039710,YEAGER RD & WILLOWBROOKE LN; UPPER PROVIDENCE; 2019-09-19 @ 06:16:23-Station:STA77;,19468,Fire: VEHICLE ACCIDENT,2019-09-19 06:16:23,UPPER PROVIDENCE,YEAGER RD & WILLOWBROOKE LN,1
40.1196840,-75.0507209,KIRK DR & BARRY LN;  LOWER MORELAND; Station 355; 2019-10-17 @ 04:24:33;,19006,EMS: RESPIRATORY EMERGENCY,2019-10-17 04:24:33,LOWER MORELAND,KIRK DR & BARRY LN,1
40.2440777,-75.6377358,HIGH ST & N BAILEY ST; POTTSTOWN; 2016-07-01 @ 00:31:37-Station:STA69;,19464,Fire: FIRE ALARM,2016-07-01 00:31:37,POTTSTOWN,HIGH ST & N BAILEY ST,1
40.0150862,-75.3082461,OLD RAILROAD AVE & COUNTY LINE RD;  LOWER MERION; Station 313; 2020-02-01 @ 21:40:47;,19041,EMS: RESPIRATORY EMERGENCY,2020-02-01 21:40:47,LOWER MERION,OLD RAILROAD AVE & COUNTY LINE RD,1
40.1304222,-75.1251251,FAIRVIEW AVE & WASHINGTON AVE;  ABINGTON; Station 381; 2017-04-04 @ 20:11:19;,19090,EMS: CARDIAC EMERGENCY,2017-04-04 20:11:19,ABINGTON,FAIRVIEW AVE & WASHINGTON AVE,1
40.1165258,-75.3405524,DEKALB ST & E MARSHALL ST;  NORRISTOWN; Station 308A; 2016-05-07 @ 12:45:00;,19401,EMS: FALL VICTIM,2016-05-07 12:45:00,NORRISTOWN,DEKALB ST & E MARSHALL ST,1
40.2605317,-75.3995089,JACOBS CIR & DEAD END;  LOWER SALFORD; Station 344; 2016-09-24 @ 10:28:17;,,EMS: FALL VICTIM,2016-09-24 10:28:17,LOWER SALFORD,JACOBS CIR & DEAD END,1
40.3197376,-75.6100761,MERKEL RD & E PHILADELPHIA AVE;  DOUGLASS; Station 332; 2018-08-27 @ 17:44:15;,19525,EMS: ALTERED MENTAL STATUS,2018-08-27 17:44:15,DOUGLASS,MERKEL RD & E PHILADELPHIA AVE,1
40.1508958,-75.1274376,FITZWATERTOWN RD & BARTRAM RD;  UPPER MORELAND; Station 381; 2019-10-08 @ 15:09:20;,19090,EMS: CARDIAC EMERGENCY,2019-10-08 15:09:20,UPPER MORELAND,FITZWATERTOWN RD & BARTRAM RD,1
40.2605317,-75.3995089,JACOBS CIR & DEAD END;  LOWER SALFORD; Station 344; 2017-11-10 @ 12:59:10;,,EMS: FALL VICTIM,2017-11-10 12:59:10,LOWER SALFORD,JACOBS CIR & DEAD END,1
40.1486707,-75.4280094,EAGLEVILLE RD & ARCOLA RD;  LOWER PROVIDENCE; Station 322; 2016-04-20 @ 13:51:43;,19403,EMS: DIZZINESS,2016-04-20 13:51:43,LOWER PROVIDENCE,EAGLEVILLE RD & ARCOLA RD,1
40.0059448,-75.2573330,ANTHWYN RD & IONA AVE; LOWER MERION; 2016-11-10 @ 18:20:33-Station:STA26;,19072,Fire: GAS-ODOR/LEAK,2016-11-10 18:20:33,LOWER MERION,ANTHWYN RD & IONA AVE,1
40.1852233,-75.4506033,2ND AVE & E MAIN ST; COLLEGEVILLE; 2019-11-16 @ 11:40:16;,19426,Traffic: VEHICLE ACCIDENT -,2019-11-16 11:40:16,COLLEGEVILLE,2ND AVE & E MAIN ST,1
40.1689099,-75.3175261,BEAN RD & NORTH WALES RD; WORCESTER; 2016-04-03 @ 10:00:27;,19422,Traffic: ROAD OBSTRUCTION -,2016-04-03 10:00:27,WORCESTER,BEAN RD & NORTH WALES RD,1
40.1337353,-75.4261452,CRAWFORD RD & S PARK AVE; LOWER PROVIDENCE; 2018-02-03 @ 07:52:33;,19403,Traffic: HAZARDOUS ROAD CONDITIONS -,2018-02-03 07:52:33,LOWER PROVIDENCE,CRAWFORD RD & S PARK AVE,1
40.1859918,-75.4517015,MAIN ST & E 3RD AVE; COLLEGEVILLE; 2017-03-22 @ 04:50:48-Station:STA34;,19426,Fire: CARDIAC ARREST,2017-03-22 04:50:48,COLLEGEVILLE,MAIN ST & E 3RD AVE,1
40.0994675,-75.1333793,WALNUT ST & RODMAN AVE; JENKINTOWN; 2018-09-07 @ 08:04:30;,19046,Traffic: VEHICLE ACCIDENT -,2018-09-07 08:04:30,JENKINTOWN,WALNUT ST & RODMAN AVE,1
40.2399287,-75.6206399,MOSER RD;  POTTSTOWN; Station 329; 2019-04-13 @ 12:28:45;,19464,EMS: VEHICLE ACCIDENT,2019-04-13 12:28:45,POTTSTOWN,MOSER RD,1
40.2417845,-75.3116516,WOODLAWN DR & WALNUT LN;  TOWAMENCIN; Station 345B; 2017-05-16 @ 22:46:09;,19446,EMS: NAUSEA/VOMITING,2017-05-16 22:46:09,TOWAMENCIN,WOODLAWN DR & WALNUT LN,1
40.1127809,-75.4092423,SENTINEL RDG & MINUTEMEN LN;  WEST NORRITON; Station 308B; 2017-05-15 @ 13:06:03;,19403,EMS: OVERDOSE,2017-05-15 13:06:03,WEST NORRITON,SENTINEL RDG & MINUTEMEN LN,1
40.1207704,-75.0746788,LIEBERMAN DR & WELSH RD;  LOWER MORELAND; Station 355; 2020-04-28 @ 01:11:27;,19046,EMS: RESPIRATORY EMERGENCY,2020-04-28 01:11:27,LOWER MORELAND,LIEBERMAN DR & WELSH RD,1
40.1793752,-75.2362381,BETHLEHEM PIKE & JOHN ROTELLE DR; LOWER GWYNEDD; 2017-02-10 @ 15:33:04;,,Traffic: VEHICLE ACCIDENT -,2017-02-10 15:33:04,LOWER GWYNEDD,BETHLEHEM PIKE & JOHN ROTELLE DR,1
40.2316017,-75.2186547,HORSHAM RD & PHEASANT RUN;  MONTGOMERY; Station 345A; 2018-09-14 @ 09:43:33;,18936,EMS: UNKNOWN MEDICAL EMERGENCY,2018-09-14 09:43:33,MONTGOMERY,HORSHAM RD & PHEASANT RUN,1
40.0071267,-75.2597691,GRAYLING AVE & WINDSOR AVE; NARBERTH; 2018-07-26 @ 18:54:44-Station:STA26;,19072,Fire: FIRE ALARM,2018-07-26 18:54:44,NARBERTH,GRAYLING AVE & WINDSOR AVE,1
40.0117673,-75.2946732,MONTGOMERY AVE & WOODSIDE RD;  LOWER MERION; Station 313; 2017-07-10 @ 09:00:37;,19041,EMS: FALL VICTIM,2017-07-10 09:00:37,LOWER MERION,MONTGOMERY AVE & WOODSIDE RD,1
40.1022274,-75.3915443,VALLEY FORGE RD & GENERAL STEUBEN RD;  UPPER MERION; Station 317; 2019-03-15 @ 11:10:11;,19406,EMS: CVA/STROKE,2019-03-15 11:10:11,UPPER MERION,VALLEY FORGE RD & GENERAL STEUBEN RD,1
40.0972222,-75.3761952,SUMMIT ST & DEAD END;  UPPER MERION; Station 317; 2018-02-04 @ 11:18:36;,,EMS: DIZZINESS,2018-02-04 11:18:36,UPPER MERION,SUMMIT ST & DEAD END,1
40.2743736,-75.3478940,SKIPPACK CREEK RD & ROBERTS RD;  LOWER SALFORD; Station 344; 2017-07-07 @ 14:01:37;,18964,EMS: ABDOMINAL PAINS,2017-07-07 14:01:37,LOWER SALFORD,SKIPPACK CREEK RD & ROBERTS RD,1
40.3954660,-75.4866492,E BUCK RD & FRYE RD; UPPER HANOVER; 2016-02-24 @ 23:17:03;,18073,Traffic: HAZARDOUS ROAD CONDITIONS -,2016-02-24 23:17:03,UPPER HANOVER,E BUCK RD & FRYE RD,1
40.1025906,-75.3315602,JEFFERSON ST & TOSE ST;  UPPER MERION; Station 317; 2018-03-03 @ 14:19:10;,19405,EMS: DIZZINESS,2018-03-03 14:19:10,UPPER MERION,JEFFERSON ST & TOSE ST,1
40.2448865,-75.2987438,W MT VERNON ST & S VALLEY FORGE RD; LANSDALE; 2020-07-13 @ 19:25:27;,19446,Traffic: VEHICLE ACCIDENT -,2020-07-13 19:25:27,LANSDALE,W MT VERNON ST & S VALLEY FORGE RD,1
40.0855923,-75.3912204,GULPH RD & KIRK AVE; UPPER MERION; 2018-05-08 @ 18:36:24;,19406,Traffic: VEHICLE ACCIDENT -,2018-05-08 18:36:24,UPPER MERION,GULPH RD & KIRK AVE,1
40.0828901,-75.1781989,IVY HILL RD & BAYARD ST;  SPRINGFIELD; Station 351A; 2020-03-16 @ 05:08:23;,19150,EMS: CARDIAC ARREST,2020-03-16 05:08:23,SPRINGFIELD,IVY HILL RD & BAYARD ST,1
40.3157341,-75.6044995,MUNICIPAL DR & E PHILADELPHIA AVE;  DOUGLASS; Station 332; 2017-06-27 @ 14:09:38;,19525,EMS: GENERAL WEAKNESS,2017-06-27 14:09:38,DOUGLASS,MUNICIPAL DR & E PHILADELPHIA AVE,1
40.4798532,-75.5108147,KINGS HWY S;  LEHIGH COUNTY; Station 369; 2017-06-06 @ 11:30:00;,18092,EMS: VEHICLE ACCIDENT,2017-06-06 11:30:00,LEHIGH COUNTY,KINGS HWY S,1
40.1470148,-75.2018660,FORT WASHINGTON AVE & HIGHLAND AVE; UPPER DUBLIN; 2016-09-27 @ 18:12:27;,19034,Traffic: VEHICLE ACCIDENT -,2016-09-27 18:12:27,UPPER DUBLIN,FORT WASHINGTON AVE & HIGHLAND AVE,1
40.1326363,-75.3783270,JEFFERSON AVE & EGYPT RD; WEST NORRITON; 2016-06-13 @ 14:23:59;,19403,Traffic: VEHICLE ACCIDENT -,2016-06-13 14:23:59,WEST NORRITON,JEFFERSON AVE & EGYPT RD,1
40.1585699,-75.1802873,LIMEKILN PIKE & DILLON RD;  UPPER DUBLIN; Station 351; 2020-03-12 @ 13:25:05;,19002,EMS: RESPIRATORY EMERGENCY,2020-03-12 13:25:05,UPPER DUBLIN,LIMEKILN PIKE & DILLON RD,1
40.2677171,-75.2911755,TARRINGTON WAY & ORVILLA RD;  HATFIELD TOWNSHIP; Station 345; 2018-04-02 @ 16:48:36;,19440,EMS: ALTERED MENTAL STATUS,2018-04-02 16:48:36,HATFIELD TOWNSHIP,TARRINGTON WAY & ORVILLA RD,1
40.0858157,-75.0936493,HUNTINGDON PIKE & SAN DIEGO AVE; ABINGTON; 2018-11-21 @ 18:07:44;,19046,Traffic: VEHICLE ACCIDENT -,2018-11-21 18:07:44,ABINGTON,HUNTINGDON PIKE & SAN DIEGO AVE,1
40.0785143,-75.3600238,GULPH CT & LEWIS RD; UPPER MERION; 2018-04-07 @ 17:11:07-Station:STA48;,19406,Fire: BUILDING FIRE,2018-04-07 17:11:07,UPPER MERION,GULPH CT & LEWIS RD,1
40.1244282,-75.3640484,W MAIN ST; NORRISTOWN; 2017-09-22 @ 13:56:57-Station:STA27;,,Fire: VEHICLE ACCIDENT,2017-09-22 13:56:57,NORRISTOWN,W MAIN ST,1
40.0061453,-75.2636663,WINDSOR AVE & DUDLEY AVE;  NARBERTH; Station 313; 2016-09-22 @ 20:34:42;,19072,EMS: HEAD INJURY,2016-09-22 20:34:42,NARBERTH,WINDSOR AVE & DUDLEY AVE,1
40.1182934,-75.2827088,FOUNTAIN RD & HICKORY RD; PLYMOUTH; 2019-10-27 @ 09:47:21-Station:STA44;,19462,Fire: FIRE ALARM,2019-10-27 09:47:21,PLYMOUTH,FOUNTAIN RD & HICKORY RD,1
40.1558981,-75.1219183,FITZWATERTOWN RD & EASTON RD; UPPER MORELAND; 2018-08-18 @ 12:47:13;,19090,Traffic: DISABLED VEHICLE -,2018-08-18 12:47:13,UPPER MORELAND,FITZWATERTOWN RD & EASTON RD,1
40.1214970,-75.3399048,MARSHALL ST & RR CROSSING;  NORRISTOWN; Station 308A; 2018-07-20 @ 08:16:40;,,EMS: CARDIAC EMERGENCY,2018-07-20 08:16:40,NORRISTOWN,MARSHALL ST & RR CROSSING,1
40.2673173,-75.6377840,STONE HILL DR & MASTER ST;  UPPER POTTSGROVE; Station 329B; 2020-03-22 @ 01:55:24;,19464,EMS: HEAD INJURY,2020-03-22 01:55:24,UPPER POTTSGROVE,STONE HILL DR & MASTER ST,1
40.1168721,-75.3495989,WATER ST & W MAIN ST; NORRISTOWN; 2017-12-14 @ 09:18:45;,19401,Traffic: VEHICLE ACCIDENT -,2017-12-14 09:18:45,NORRISTOWN,WATER ST & W MAIN ST,1
40.2474842,-75.6923687,QUARRY RD & BENJAMIN FRANKLIN HWY;  BERKS COUNTY; Station EMS; 2018-12-20 @ 13:21:12;,19518,EMS: BACK PAINS/INJURY,2018-12-20 13:21:12,BERKS COUNTY,QUARRY RD & BENJAMIN FRANKLIN HWY,1
40.2450058,-75.5930476,HIGH ST & BROWN ST;  LOWER POTTSGROVE; Station 329; 2016-05-06 @ 20:18:38;,19464,EMS: SYNCOPAL EPISODE,2016-05-06 20:18:38,LOWER POTTSGROVE,HIGH ST & BROWN ST,1
40.3145367,-75.3528779,EXTENSION PENNSYLVANIA TPKE & MORWOOD RD OVERPASS; FRANCONIA; 2018-02-02 @ 03:45:28;,,Traffic: DISABLED VEHICLE -,2018-02-02 03:45:28,FRANCONIA,EXTENSION PENNSYLVANIA TPKE & MORWOOD RD OVERPASS,1
40.1552833,-75.2642296,PENLLYN BLUE BELL PIKE & VILLAGE CIR;  WHITPAIN; Station 385; 2017-03-29 @ 21:34:44;,19422,EMS: FALL VICTIM,2017-03-29 21:34:44,WHITPAIN,PENLLYN BLUE BELL PIKE & VILLAGE CIR,1
40.1209496,-75.3494023,GEORGE ST & W BLACKBERRY ALY;  NORRISTOWN; Station 308A; 2016-12-29 @ 12:13:42;,19401,EMS: ALLERGIC REACTION,2016-12-29 12:13:42,NORRISTOWN,GEORGE ST & W BLACKBERRY ALY,1
40.1007482,-75.2151078,WISSAHICKON AVE & ROSE LN;  SPRINGFIELD; Station 351A; 2019-07-25 @ 00:01:53;,19031,EMS: RESPIRATORY EMERGENCY,2019-07-25 00:01:53,SPRINGFIELD,WISSAHICKON AVE & ROSE LN,1
40.0972222,-75.3761952,SCHUYLKILL EXPY & WEADLEY RD OVERPASS;  UPPER MERION; Station 317; 2017-01-15 @ 13:09:42;,,EMS: UNKNOWN MEDICAL EMERGENCY,2017-01-15 13:09:42,UPPER MERION,SCHUYLKILL EXPY & WEADLEY RD OVERPASS,1
40.1978437,-75.4634566,1ST AVE & URSINUS AVE; TRAPPE; 2019-01-09 @ 02:51:05-Station:STA77;,19426,Fire: FIRE POLICE NEEDED,2019-01-09 02:51:05,TRAPPE,1ST AVE & URSINUS AVE,1
40.0249667,-75.2829046,SCHUYLKILL EXPY & RIGHTERS FERRY RD UNDERPASS; LOWER MERION; 2018-06-18 @ 09:52:26-Station:STA22;,,Fire: VEHICLE ACCIDENT,2018-06-18 09:52:26,LOWER MERION,SCHUYLKILL EXPY & RIGHTERS FERRY RD UNDERPASS,1
40.0936150,-75.2837750,BUTLER PIKE & RIDGE PIKE; WHITEMARSH; 2016-12-22 @ 12:24:01;,19428,Traffic: VEHICLE ACCIDENT -,2016-12-22 12:24:01,WHITEMARSH,BUTLER PIKE & RIDGE PIKE,1
40.1330371,-75.4084631,SHANNONDELL DR & SHANNONDELL BLVD;  LOWER PROVIDENCE; Station 322A; 2020-03-10 @ 13:18:44;,19403,EMS: RESPIRATORY EMERGENCY,2020-03-10 13:18:44,LOWER PROVIDENCE,SHANNONDELL DR & SHANNONDELL BLVD,1
40.0812601,-75.1370254,MASSEY WAY & COMPOUND 5;  CHELTENHAM; Station 358; 2018-07-14 @ 13:29:30;,,EMS: UNKNOWN MEDICAL EMERGENCY,2018-07-14 13:29:30,CHELTENHAM,MASSEY WAY & COMPOUND 5,1
40.0418467,-75.3327841,CONSHOHOCKEN STATE RD & SPRING MILL RD; LOWER MERION; 2018-09-05 @ 09:10:50;,19085,Traffic: VEHICLE ACCIDENT -,2018-09-05 09:10:50,LOWER MERION,CONSHOHOCKEN STATE RD & SPRING MILL RD,1
40.2426942,-75.6349494,QUEEN ST & MADISON ST;  POTTSTOWN; Station 329; 2016-04-22 @ 01:35:52;,19464,EMS: FALL VICTIM,2016-04-22 01:35:52,POTTSTOWN,QUEEN ST & MADISON ST,1
40.1501199,-75.0508179,RIDGEVIEW RD & HUNTERS TURN; LOWER MORELAND; 2018-02-16 @ 11:44:40;,19006,Traffic: HAZARDOUS ROAD CONDITIONS -,2018-02-16 11:44:40,LOWER MORELAND,RIDGEVIEW RD & HUNTERS TURN,1
40.1176227,-75.3406351,CHESTNUT ST & WILLOW ST;  NORRISTOWN; Station 308A; 2018-08-11 @ 10:00:10;,19401,EMS: SUBJECT IN PAIN,2018-08-11 10:00:10,NORRISTOWN,CHESTNUT ST & WILLOW ST,1
40.1723141,-75.4927278,RT422  & PAWLINGS RD OVERPASS; UPPER PROVIDENCE; 2016-10-04 @ 08:58:15;,,Traffic: VEHICLE FIRE -,2016-10-04 08:58:15,UPPER PROVIDENCE,RT422  & PAWLINGS RD OVERPASS,1
40.0220201,-75.2407362,HARVEST CIR & SMITH DR; LOWER MERION; 2018-03-02 @ 15:20:04-Station:STA22;,19004,Fire: FIRE INVESTIGATION,2018-03-02 15:20:04,LOWER MERION,HARVEST CIR & SMITH DR,1
40.2777695,-75.2787566,PEACH TREE LN & ORVILLA RD;  HATFIELD TOWNSHIP; Station 345; 2016-04-07 @ 17:53:20;,19440,EMS: GENERAL WEAKNESS,2016-04-07 17:53:20,HATFIELD TOWNSHIP,PEACH TREE LN & ORVILLA RD,1
40.2162471,-75.2658454,HARVEST LN & DEAD END; UPPER GWYNEDD; 2020-02-11 @ 20:58:21-Station:STA80;,19454,Fire: FIRE SPECIAL SERVICE,2020-02-11 20:58:21,UPPER GWYNEDD,HARVEST LN & DEAD END,1
40.1369729,-75.4727228,EGYPT RD;  UPPER PROVIDENCE; Station 322A; 2017-04-01 @ 20:44:10;,,EMS: VEHICLE ACCIDENT,2017-04-01 20:44:10,UPPER PROVIDENCE,EGYPT RD,1
40.1879452,-75.1669022,CHESWYCK CIR & WYNMERE DR; HORSHAM; 2017-05-20 @ 13:32:47;,19044,Traffic: VEHICLE ACCIDENT -,2017-05-20 13:32:47,HORSHAM,CHESWYCK CIR & WYNMERE DR,1
40.0989357,-75.1258684,YORK RD & HILLSIDE AVE;  JENKINTOWN; Station 382; 2016-07-19 @ 19:50:49;,19046,EMS: CARDIAC EMERGENCY,2016-07-19 19:50:49,JENKINTOWN,YORK RD & HILLSIDE AVE,1
40.1786998,-75.2051086,NORRISTOWN RD & TENNIS AVE;  LOWER GWYNEDD; Station 351; 2019-12-26 @ 15:22:48;,19002,EMS: RESPIRATORY EMERGENCY,2019-12-26 15:22:48,LOWER GWYNEDD,NORRISTOWN RD & TENNIS AVE,1
40.1848966,-75.4495442,1ST AVE & E MAIN ST; COLLEGEVILLE; 2016-09-10 @ 11:25:44;,19426,Traffic: DISABLED VEHICLE -,2016-09-10 11:25:44,COLLEGEVILLE,1ST AVE & E MAIN ST,1
40.1764038,-75.2250294,BETHLEHEM PIKE & SPRINGWOOD LN; LOWER GWYNEDD; 2017-03-16 @ 13:47:38;,19002,Traffic: VEHICLE ACCIDENT -,2017-03-16 13:47:38,LOWER GWYNEDD,BETHLEHEM PIKE & SPRINGWOOD LN,1
40.3193580,-75.5661742,BIG RD & LAYFIELD RD; NEW HANOVER; 2017-08-19 @ 16:37:31;,19525,Traffic: VEHICLE ACCIDENT -,2017-08-19 16:37:31,NEW HANOVER,BIG RD & LAYFIELD RD,1
40.0940035,-75.1294337,WALNUT ST & WILLOW ST; JENKINTOWN; 2018-03-07 @ 14:39:30;,19046,Traffic: ROAD OBSTRUCTION -,2018-03-07 14:39:30,JENKINTOWN,WALNUT ST & WILLOW ST,1
40.1177493,-75.3438574,CHERRY ST & W MARSHALL ST; NORRISTOWN; 2016-12-20 @ 11:33:18;,19401,Traffic: VEHICLE ACCIDENT -,2016-12-20 11:33:18,NORRISTOWN,CHERRY ST & W MARSHALL ST,1
40.1297684,-75.1367457,ROSEWOOD AVE & BIRCHWOOD AVE;  ABINGTON; Station 381; 2020-03-29 @ 20:27:06;,19001,EMS: NAUSEA/VOMITING,2020-03-29 20:27:06,ABINGTON,ROSEWOOD AVE & BIRCHWOOD AVE,1
40.1082672,-75.3062326,RAMP I476 SB TO RIDGE PIKE & BLUEROUTE SB; PLYMOUTH; 2017-05-02 @ 18:01:06-Station:STA43;,,Fire: VEHICLE ACCIDENT,2017-05-02 18:01:06,PLYMOUTH,RAMP I476 SB TO RIDGE PIKE & BLUEROUTE SB,1
40.2674901,-75.3763943,MAIN ST & CLEMENS RD;  LOWER SALFORD; Station 344; 2016-02-11 @ 09:59:55;,19438,EMS: CARDIAC EMERGENCY,2016-02-11 09:59:55,LOWER SALFORD,MAIN ST & CLEMENS RD,1
40.1355043,-75.4336461,LEE RD & BRENDA LN;  LOWER PROVIDENCE; Station 322A; 2016-07-28 @ 20:31:58;,19403,EMS: CARDIAC EMERGENCY,2016-07-28 20:31:58,LOWER PROVIDENCE,LEE RD & BRENDA LN,1
40.0979662,-75.1978061,PAPER MILL RD & CHELTENHAM AVE;  SPRINGFIELD; Station 351A; 2019-03-29 @ 13:42:47;,19038,EMS: UNKNOWN MEDICAL EMERGENCY,2019-03-29 13:42:47,SPRINGFIELD,PAPER MILL RD & CHELTENHAM AVE,1
40.0720642,-75.0979823,RAY ST & MAYFIELD AVE; ABINGTON; 2020-03-31 @ 13:42:04;,19046,Traffic: VEHICLE ACCIDENT -,2020-03-31 13:42:04,ABINGTON,RAY ST & MAYFIELD AVE,1
40.1310410,-75.3746180,MAIN ST & S SCHUYLKILL AVE; WEST NORRITON; 2019-06-06 @ 21:55:53;,19403,Traffic: DISABLED VEHICLE -,2019-06-06 21:55:53,WEST NORRITON,MAIN ST & S SCHUYLKILL AVE,1
40.0951072,-75.1257010,YORK RD; JENKINTOWN; 2016-08-06 @ 17:01:06-Station:STA96;,19046,Fire: VEHICLE ACCIDENT,2016-08-06 17:01:06,JENKINTOWN,YORK RD,1
40.3193580,-75.5661742,BIG RD & LAYFIELD RD;  NEW HANOVER; Station 332; 2017-06-20 @ 12:51:58;,19525,EMS: HEMORRHAGING,2017-06-20 12:51:58,NEW HANOVER,BIG RD & LAYFIELD RD,1
40.2221061,-75.3439702,MORRIS RD & TRUMBAUER RD; TOWAMENCIN; 2019-06-02 @ 10:40:23;,19446,Traffic: VEHICLE ACCIDENT -,2019-06-02 10:40:23,TOWAMENCIN,MORRIS RD & TRUMBAUER RD,1
40.1332405,-75.3438424,LOCUST ST & DOGWOOD DR;  NORRISTOWN; Station 308A; 2019-10-24 @ 18:37:32;,19401,EMS: GENERAL WEAKNESS,2019-10-24 18:37:32,NORRISTOWN,LOCUST ST & DOGWOOD DR,1
40.0741800,-75.2958570,HECTOR ST & JONES ST;  CONSHOHOCKEN; Station 313A; 2018-03-16 @ 14:49:38;,19428,EMS: CARDIAC EMERGENCY,2018-03-16 14:49:38,CONSHOHOCKEN,HECTOR ST & JONES ST,1
40.2745932,-75.6473031,STATE ST & CHESTNUT GROVE RD; UPPER POTTSGROVE; 2016-04-19 @ 10:04:58-Station:STA79;,19464,Fire: FIRE SPECIAL SERVICE,2016-04-19 10:04:58,UPPER POTTSGROVE,STATE ST & CHESTNUT GROVE RD,1
40.2636008,-75.2953805,ORVILLA RD & KOFFEL RD; HATFIELD TOWNSHIP; 2019-12-04 @ 06:59:12;,19440,Traffic: VEHICLE ACCIDENT -,2019-12-04 06:59:12,HATFIELD TOWNSHIP,ORVILLA RD & KOFFEL RD,1
40.2486152,-75.6052111,STUART DR & BROOKWOOD DR;  LOWER POTTSGROVE; Station 329B; 2019-02-13 @ 23:46:50;,19464,EMS: FALL VICTIM,2019-02-13 23:46:50,LOWER POTTSGROVE,STUART DR & BROOKWOOD DR,1
40.1723141,-75.4927278,S COLLEGEVILLE RD & RT422 OVERPASS; UPPER PROVIDENCE; 2019-05-23 @ 19:22:34;,,Traffic: VEHICLE ACCIDENT -,2019-05-23 19:22:34,UPPER PROVIDENCE,S COLLEGEVILLE RD & RT422 OVERPASS,1
40.1221838,-75.2171866,PENNSYLVANIA TPKE & SKIPPACK PIKE UNDERPASS; WHITEMARSH; 2019-02-25 @ 17:03:10;,19034,Traffic: VEHICLE ACCIDENT -,2019-02-25 17:03:10,WHITEMARSH,PENNSYLVANIA TPKE & SKIPPACK PIKE UNDERPASS,1
40.2445064,-75.6557031,COLLEGE DR;  POTTSTOWN; Station 329; 2016-10-17 @ 17:45:11;,19464,EMS: OVERDOSE,2016-10-17 17:45:11,POTTSTOWN,COLLEGE DR,1
40.1370875,-75.0379884,BYBERRY RD & BRAE BOURN DR; LOWER MORELAND; 2017-05-05 @ 23:12:50;,19006,Traffic: VEHICLE ACCIDENT -,2017-05-05 23:12:50,LOWER MORELAND,BYBERRY RD & BRAE BOURN DR,1
40.1793752,-75.2362381,RT309 EXPY & RAMP NORRISTOWN RD TO RT309 NB; LOWER GWYNEDD; 2018-10-13 @ 22:10:48;,,Traffic: ROAD OBSTRUCTION -,2018-10-13 22:10:48,LOWER GWYNEDD,RT309 EXPY & RAMP NORRISTOWN RD TO RT309 NB,1
40.1966684,-75.4710094,E 3RD AVE & W MAIN ST; TRAPPE; 2016-05-31 @ 16:19:28;,19426,Traffic: DISABLED VEHICLE -,2016-05-31 16:19:28,TRAPPE,E 3RD AVE & W MAIN ST,1
40.2617844,-75.2611098,HIDDEN MEADOW DR & N BROAD ST;  HATFIELD TOWNSHIP; Station 345; 2018-03-24 @ 13:55:13;,19446,EMS: SUBJECT IN PAIN,2018-03-24 13:55:13,HATFIELD TOWNSHIP,HIDDEN MEADOW DR & N BROAD ST,1
40.1021506,-75.2868382,YELLOWSTONE RD & QUEENS RD;  PLYMOUTH; Station 308; 2018-04-30 @ 06:05:36;,19462,EMS: FALL VICTIM,2018-04-30 06:05:36,PLYMOUTH,YELLOWSTONE RD & QUEENS RD,1
40.3088202,-75.3636313,HARVEST DR & MEMORY LN;  FRANCONIA; Station 339; 2019-05-05 @ 16:07:23;,18969,EMS: ABDOMINAL PAINS,2019-05-05 16:07:23,FRANCONIA,HARVEST DR & MEMORY LN,1
40.0084820,-75.2806160,MONTGOMERY AVE & CHURCH RD; LOWER MERION; 2016-07-08 @ 12:43:43;,19003,Traffic: VEHICLE ACCIDENT -,2016-07-08 12:43:43,LOWER MERION,MONTGOMERY AVE & CHURCH RD,1
40.0810063,-75.3161537,CONSHOHOCKEN RD & OLD ELM ST;  PLYMOUTH; Station 308A; 2018-08-02 @ 09:39:29;,19428,EMS: CARDIAC EMERGENCY,2018-08-02 09:39:29,PLYMOUTH,CONSHOHOCKEN RD & OLD ELM ST,1
40.2999057,-75.3382623,LOWER RD & GODSHALL RD; FRANCONIA; 2019-03-20 @ 17:13:21;,18964,Traffic: VEHICLE ACCIDENT -,2019-03-20 17:13:21,FRANCONIA,LOWER RD & GODSHALL RD,1
40.0886837,-75.2917999,BUTLER PIKE & MAPLE DR; WHITEMARSH; 2017-01-20 @ 05:58:06-Station:STA45;,19428,Fire: FIRE INVESTIGATION,2017-01-20 05:58:06,WHITEMARSH,BUTLER PIKE & MAPLE DR,1
40.1847975,-75.2868790,TWIN SILO DR & MORRIS RD;  WHITPAIN; Station 385; 2019-08-12 @ 14:40:41;,19422,EMS: DEHYDRATION,2019-08-12 14:40:41,WHITPAIN,TWIN SILO DR & MORRIS RD,1
40.2290075,-75.3878525,NO LOCATION - NEIGHBORING COUNTY;  CHESTER COUNTY; Station EMS; 2018-11-15 @ 13:31:44;,,EMS: VEHICLE ACCIDENT,2018-11-15 13:31:44,CHESTER COUNTY,NO LOCATION - NEIGHBORING COUNTY,1
40.0245264,-75.3245825,W LANCASTER AVE & S ROBERTS RD; LOWER MERION; 2016-05-26 @ 10:23:55;,19010,Traffic: VEHICLE ACCIDENT -,2016-05-26 10:23:55,LOWER MERION,W LANCASTER AVE & S ROBERTS RD,1
40.1350514,-75.3562044,UPPER FARM RD & BEECH DR;  WEST NORRITON; Station 308B; 2020-03-26 @ 14:31:29;,19403,EMS: ASSAULT VICTIM,2020-03-26 14:31:29,WEST NORRITON,UPPER FARM RD & BEECH DR,1
40.1448042,-75.3120511,STUART DR & HAINES RD;  EAST NORRITON; Station 308; 2020-05-28 @ 21:15:32;,19401,EMS: NAUSEA/VOMITING,2020-05-28 21:15:32,EAST NORRITON,STUART DR & HAINES RD,1
40.0243741,-75.3242675,N ROBERTS RD & W LANCASTER AVE; LOWER MERION; 2018-03-12 @ 16:48:13;,19010,Traffic: VEHICLE ACCIDENT -,2018-03-12 16:48:13,LOWER MERION,N ROBERTS RD & W LANCASTER AVE,1
40.0727310,-75.1559688,CHELTENHAM AVE & 79TH AVE;  CHELTENHAM; Station 358A; 2016-05-30 @ 14:22:33;,19150,EMS: FALL VICTIM,2016-05-30 14:22:33,CHELTENHAM,CHELTENHAM AVE & 79TH AVE,1
40.3249920,-75.3281748,LUTHERAN HOME DR & DEAD END;  TELFORD; Station 339; 2016-01-28 @ 23:03:28;,,EMS: ALLERGIC REACTION,2016-01-28 23:03:28,TELFORD,LUTHERAN HOME DR & DEAD END,1
40.2623483,-75.6431049,DIAMOND ST & FARMINGTON AVE; UPPER POTTSGROVE; 2019-05-30 @ 14:14:29;,19464,Traffic: DISABLED VEHICLE -,2019-05-30 14:14:29,UPPER POTTSGROVE,DIAMOND ST & FARMINGTON AVE,1
40.1496869,-75.4024555,5TH ST & HILLSIDE AVE; LOWER PROVIDENCE; 2018-12-01 @ 20:29:29-Station:STA53;,19403,Fire: APPLIANCE FIRE,2018-12-01 20:29:29,LOWER PROVIDENCE,5TH ST & HILLSIDE AVE,1
40.1239632,-75.3032183,WOODBROOK LN & CHELSEA RD;  PLYMOUTH; Station 308; 2017-05-14 @ 18:37:52;,19462,EMS: SYNCOPAL EPISODE,2017-05-14 18:37:52,PLYMOUTH,WOODBROOK LN & CHELSEA RD,1
40.0040432,-75.2432647,CHERRY BND & SYCAMORE AVE;  LOWER MERION; Station 313; 2017-08-20 @ 10:39:03;,19066,EMS: FALL VICTIM,2017-08-20 10:39:03,LOWER MERION,CHERRY BND & SYCAMORE AVE,1
40.1482838,-75.0591681,HUNTINGDON PIKE & SPUR RD; LOWER MORELAND; 2018-08-14 @ 14:29:06;,19006,Traffic: VEHICLE ACCIDENT -,2018-08-14 14:29:06,LOWER MORELAND,HUNTINGDON PIKE & SPUR RD,1
40.0104612,-75.2961465,WOODSIDE RD & W LANCASTER AVE; LOWER MERION; 2019-07-22 @ 13:01:36;,19003,Traffic: VEHICLE ACCIDENT -,2019-07-22 13:01:36,LOWER MERION,WOODSIDE RD & W LANCASTER AVE,1
40.1344431,-75.3326869,W JOHNSON HWY & MARKLEY ST; NORRISTOWN; 2017-05-09 @ 14:20:02;,19401,Traffic: VEHICLE ACCIDENT -,2017-05-09 14:20:02,NORRISTOWN,W JOHNSON HWY & MARKLEY ST,1
40.0720432,-75.3080252,DEPOT ST & RAILROAD ST;  BRIDGEPORT; Station 317; 2016-11-01 @ 12:11:10;,19428,EMS: ABDOMINAL PAINS,2016-11-01 12:11:10,BRIDGEPORT,DEPOT ST & RAILROAD ST,1
40.0701839,-75.0985717,TOWNSHIP LINE RD & CHURCH RD;  ABINGTON; Station 382; 2018-12-21 @ 03:20:32;,19027,EMS: CARDIAC EMERGENCY,2018-12-21 03:20:32,ABINGTON,TOWNSHIP LINE RD & CHURCH RD,1
40.1188160,-75.1192320,OLD YORK RD & WOODLAND RD; ABINGTON; 2016-04-29 @ 21:44:02;,19001,Traffic: DISABLED VEHICLE -,2016-04-29 21:44:02,ABINGTON,OLD YORK RD & WOODLAND RD,1
40.2514920,-75.6033497,PLEASANT VIEW RD & RT422 UNDERPASS; LOWER POTTSGROVE; 2018-01-17 @ 07:19:51;,,Traffic: VEHICLE ACCIDENT -,2018-01-17 07:19:51,LOWER POTTSGROVE,PLEASANT VIEW RD & RT422 UNDERPASS,1
40.0860099,-75.3871416,DEKALB PIKE & CROCKETT RD; UPPER MERION; 2018-04-21 @ 09:30:02;,19406,Traffic: VEHICLE ACCIDENT -,2018-04-21 09:30:02,UPPER MERION,DEKALB PIKE & CROCKETT RD,1
40.0249667,-75.2829046,SCHUYLKILL EXPY & RR UNDERPASS; LOWER MERION; 2019-06-23 @ 02:26:49;,,Traffic: DISABLED VEHICLE -,2019-06-23 02:26:49,LOWER MERION,SCHUYLKILL EXPY & RR UNDERPASS,1
39.9932506,-75.2606326,DAISY LN & PERIWINKLE LN;  LOWER MERION; Station 313; 2018-03-05 @ 19:09:04;,19096,EMS: CVA/STROKE,2018-03-05 19:09:04,LOWER MERION,DAISY LN & PERIWINKLE LN,1
40.0233719,-75.3263388,COUNTY LINE RD & S ROBERTS RD; LOWER MERION; 2019-01-19 @ 22:18:47;,19010,Traffic: VEHICLE ACCIDENT -,2019-01-19 22:18:47,LOWER MERION,COUNTY LINE RD & S ROBERTS RD,1
40.3999401,-75.4952138,QUAKERTOWN AVE & MACOBY ST; PENNSBURG; 2016-03-04 @ 15:36:38;,18073,Traffic: VEHICLE ACCIDENT -,2016-03-04 15:36:38,PENNSBURG,QUAKERTOWN AVE & MACOBY ST,1
40.1496904,-75.0879253,HUNTINGDON RD; UPPER MORELAND; 2018-03-02 @ 21:07:57-Station:STA10;,19006,Fire: VEHICLE LEAKING FUEL,2018-03-02 21:07:57,UPPER MORELAND,HUNTINGDON RD,1
40.1723141,-75.4927278,S COLLEGEVILLE RD & RAMP RT422 EB TO RT29 NB; UPPER PROVIDENCE; 2018-10-25 @ 10:56:53;,,Traffic: VEHICLE ACCIDENT -,2018-10-25 10:56:53,UPPER PROVIDENCE,S COLLEGEVILLE RD & RAMP RT422 EB TO RT29 NB,1
40.087377,-75.1370254,RT309 EXPY NB & S EASTON RD UNDERPASS; CHELTENHAM; 2018-01-19 @ 21:46:24;,,Traffic: ROAD OBSTRUCTION -,2018-01-19 21:46:24,CHELTENHAM,RT309 EXPY NB & S EASTON RD UNDERPASS,1
40.1723141,-75.4927278,RT422  & OLD STATE RD UNDERPASS; UPPER PROVIDENCE; 2016-01-26 @ 11:04:55;,,Traffic: ROAD OBSTRUCTION -,2016-01-26 11:04:55,UPPER PROVIDENCE,RT422  & OLD STATE RD UNDERPASS,1
40.0937710,-75.1008612,DELENE RD & FORREST AVE; ABINGTON; 2016-05-22 @ 17:40:56-Station:STA200;,19046,Fire: FIRE INVESTIGATION,2016-05-22 17:40:56,ABINGTON,DELENE RD & FORREST AVE,1
40.1405049,-75.3108737,GERMANTOWN PIKE & HANNAH AVE;  EAST NORRITON; Station 308; 2016-05-01 @ 09:24:35;,19401,EMS: UNCONSCIOUS SUBJECT,2016-05-01 09:24:35,EAST NORRITON,GERMANTOWN PIKE & HANNAH AVE,1
40.0095982,-75.2598894,WOODBINE AVE & HAMPDEN AVE;  NARBERTH; Station 313; 2017-05-11 @ 14:06:59;,19072,EMS: CARDIAC ARREST,2017-05-11 14:06:59,NARBERTH,WOODBINE AVE & HAMPDEN AVE,1
40.2636008,-75.2953805,KOFFEL RD & ORVILLA RD; HATFIELD TOWNSHIP; 2017-03-13 @ 13:31:58;,19440,Traffic: VEHICLE ACCIDENT -,2017-03-13 13:31:58,HATFIELD TOWNSHIP,KOFFEL RD & ORVILLA RD,1
40.3197376,-75.6100761,CONGO RD & E PHILADELPHIA AVE; DOUGLASS; 2019-07-11 @ 19:54:22-Station:STA67;,19525,Fire: PUMP DETAIL,2019-07-11 19:54:22,DOUGLASS,CONGO RD & E PHILADELPHIA AVE,1
40.2325623,-75.2650711,LOMBARDY DR & NORWAY DR;  LANSDALE; Station 345; 2017-07-09 @ 20:52:38;,19446,EMS: MEDICAL ALERT ALARM,2017-07-09 20:52:38,LANSDALE,LOMBARDY DR & NORWAY DR,1
40.1159150,-75.3431841,CHURCH ST & E AIRY ST; NORRISTOWN; 2020-07-13 @ 17:25:15-Station:STA27;,19401,Fire: FIRE ALARM,2020-07-13 17:25:15,NORRISTOWN,CHURCH ST & E AIRY ST,1
40.1172868,-75.1201978,HORACE AVE & OLD YORK RD; ABINGTON; 2015-12-21 @ 16:06:23;,19001,Traffic: VEHICLE ACCIDENT -,2015-12-21 16:06:23,ABINGTON,HORACE AVE & OLD YORK RD,1
40.0972222,-75.3761952,SCHUYLKILL EXPY & WEADLEY RD OVERPASS; UPPER MERION; 2018-01-10 @ 18:12:28;,,Traffic: VEHICLE ACCIDENT -,2018-01-10 18:12:28,UPPER MERION,SCHUYLKILL EXPY & WEADLEY RD OVERPASS,1
40.0766776,-75.3020939,HARRY ST & E 5TH AVE;  CONSHOHOCKEN; Station 313A; 2017-10-14 @ 11:19:05;,19428,EMS: FRACTURE,2017-10-14 11:19:05,CONSHOHOCKEN,HARRY ST & E 5TH AVE,1
40.1156920,-75.3475730,MAIN ST & BARBADOES ST; NORRISTOWN; 2017-03-24 @ 19:19:21;,19401,Traffic: VEHICLE ACCIDENT -,2017-03-24 19:19:21,NORRISTOWN,MAIN ST & BARBADOES ST,1
40.1617065,-75.2318778,BROOKSIDE AVE & SPRING GARDEN ST; LOWER GWYNEDD; 2019-06-07 @ 08:41:01-Station:STA7;,19002,Fire: FIRE ALARM,2019-06-07 08:41:01,LOWER GWYNEDD,BROOKSIDE AVE & SPRING GARDEN ST,1
40.3808196,-75.5773318,NIANTIC RD & MILLER RD;  DOUGLASS; Station 7A505; 2018-09-24 @ 15:04:45;,19504,EMS: FALL VICTIM,2018-09-24 15:04:45,DOUGLASS,NIANTIC RD & MILLER RD,1
40.1370469,-75.3171588,DEKALB PIKE & COLONIAL DR; EAST NORRITON; 2016-06-03 @ 13:11:23;,19401,Traffic: VEHICLE ACCIDENT -,2016-06-03 13:11:23,EAST NORRITON,DEKALB PIKE & COLONIAL DR,1
40.1198332,-75.1253492,SUSQUEHANNA RD & RR CROSSING;  ABINGTON; Station 383; 2018-12-20 @ 12:37:33;,,EMS: SUBJECT IN PAIN,2018-12-20 12:37:33,ABINGTON,SUSQUEHANNA RD & RR CROSSING,1
40.0972222,-75.3761952,MALL BLVD & RAMP MALL BLVD TO I76 WB;  UPPER MERION; Station 317; 2017-03-06 @ 11:08:57;,,EMS: DEHYDRATION,2017-03-06 11:08:57,UPPER MERION,MALL BLVD & RAMP MALL BLVD TO I76 WB,1
40.1932809,-75.5294376,TOWNSHIP LINE RD & 10TH AVE;  LIMERICK; Station 325; 2017-06-03 @ 06:06:30;,19468,EMS: SEIZURES,2017-06-03 06:06:30,LIMERICK,TOWNSHIP LINE RD & 10TH AVE,1
40.1082672,-75.3062326,BLUEROUTE  & RR UNDERPASS; PLYMOUTH; 2019-06-24 @ 08:22:40;,,Traffic: VEHICLE ACCIDENT -,2019-06-24 08:22:40,PLYMOUTH,BLUEROUTE  & RR UNDERPASS,1
40.2816672,-75.5731974,HEATHER LN & CHERRY CT; NEW HANOVER; 2017-03-02 @ 17:32:41-Station:STA37;,19525,Fire: FIRE ALARM,2017-03-02 17:32:41,NEW HANOVER,HEATHER LN & CHERRY CT,1
40.2387237,-75.5785160,EVERGREEN RD & W LIGHTCAP RD;  LOWER POTTSGROVE; Station 329; 2018-10-20 @ 02:27:20;,19464,EMS: HEAD INJURY,2018-10-20 02:27:20,LOWER POTTSGROVE,EVERGREEN RD & W LIGHTCAP RD,1
40.1221773,-75.4047554,KENNEDY CT & NORRIS HALL LN;  WEST NORRITON; Station 308B; 2016-04-01 @ 23:39:53;,19403,EMS: SYNCOPAL EPISODE,2016-04-01 23:39:53,WEST NORRITON,KENNEDY CT & NORRIS HALL LN,1
40.0095680,-75.2248215,BELMONT AVE & COLWYN LN;  LOWER MERION; Station 313; 2016-08-10 @ 18:58:04;,19004,EMS: FALL VICTIM,2016-08-10 18:58:04,LOWER MERION,BELMONT AVE & COLWYN LN,1
40.0182450,-75.2400410,CONSHOHOCKEN STATE RD & ROCK HILL RD;  LOWER MERION; Station 313; 2016-02-26 @ 17:00:06;,19004,EMS: HEAD INJURY,2016-02-26 17:00:06,LOWER MERION,CONSHOHOCKEN STATE RD & ROCK HILL RD,1
40.1082672,-75.3062326,RAMP I476 NB TO RIDGE PIKE & BLUEROUTE NB; PLYMOUTH; 2018-11-29 @ 15:55:08;,,Traffic: VEHICLE ACCIDENT -,2018-11-29 15:55:08,PLYMOUTH,RAMP I476 NB TO RIDGE PIKE & BLUEROUTE NB,1
40.1792329,-75.1004868,JACKSONVILLE RD & E MONUMENT AVE; HATBORO; 2016-06-13 @ 11:41:19-Station:STA95;,19040,Fire: FIRE ALARM,2016-06-13 11:41:19,HATBORO,JACKSONVILLE RD & E MONUMENT AVE,1
40.1532684,-75.1895576,PENNSYLVANIA TPKE & SUSQUEHANNA RD UNDERPASS; UPPER DUBLIN; 2018-10-10 @ 06:51:39;,,Traffic: VEHICLE ACCIDENT -,2018-10-10 06:51:39,UPPER DUBLIN,PENNSYLVANIA TPKE & SUSQUEHANNA RD UNDERPASS,1
40.1532684,-75.1895576,PENNSYLVANIA TPKE & SUSQUEHANNA RD UNDERPASS; UPPER DUBLIN; 2018-05-21 @ 08:33:00;,,Traffic: VEHICLE ACCIDENT -,2018-05-21 08:33:00,UPPER DUBLIN,PENNSYLVANIA TPKE & SUSQUEHANNA RD UNDERPASS,1
40.2475707,-75.2440768,BETHLEHEM PIKE & COWPATH RD; MONTGOMERY; 2017-03-16 @ 02:15:01;,19446,Traffic: DISABLED VEHICLE -,2017-03-16 02:15:01,MONTGOMERY,BETHLEHEM PIKE & COWPATH RD,1
40.2531096,-75.3031805,WELSH RD & CLEARVIEW ST; HATFIELD TOWNSHIP; 2019-04-20 @ 14:57:42;,19446,Traffic: VEHICLE ACCIDENT -,2019-04-20 14:57:42,HATFIELD TOWNSHIP,WELSH RD & CLEARVIEW ST,1
40.1190610,-75.3538540,MAIN ST & HAWS AVE;  NORRISTOWN; Station 308A; 2020-05-11 @ 10:13:44;,19401,EMS: NAUSEA/VOMITING,2020-05-11 10:13:44,NORRISTOWN,MAIN ST & HAWS AVE,1
40.1198332,-75.1253492,HUNTINGDON PIKE & JUGHANDLE; ABINGTON; 2020-07-29 @ 08:07:02-Station:STA200;,,Fire: FIRE ALARM,2020-07-29 08:07:02,ABINGTON,HUNTINGDON PIKE & JUGHANDLE,1
40.2518705,-75.6394026,WEST ST & N WASHINGTON ST; POTTSTOWN; 2018-10-14 @ 03:17:32;,19464,Traffic: VEHICLE ACCIDENT -,2018-10-14 03:17:32,POTTSTOWN,WEST ST & N WASHINGTON ST,1
40.0018043,-75.2300859,BALA AVE & BALWYN PL;  LOWER MERION; Station 313; 2018-09-25 @ 16:23:14;,19004,EMS: BACK PAINS/INJURY,2018-09-25 16:23:14,LOWER MERION,BALA AVE & BALWYN PL,1
40.2447834,-75.5904101,E HIGH ST & COMMONS DR; LOWER POTTSGROVE; 2017-11-16 @ 08:21:21;,19464,Traffic: VEHICLE ACCIDENT -,2017-11-16 08:21:21,LOWER POTTSGROVE,E HIGH ST & COMMONS DR,1
40.1094137,-75.0642832,MELMAR RD & MORELAND RD; ABINGTON; 2017-02-13 @ 10:17:23;,19006,Traffic: ROAD OBSTRUCTION -,2017-02-13 10:17:23,ABINGTON,MELMAR RD & MORELAND RD,1
40.0982849,-75.4113763,MOORE RD & ROGERS RD; UPPER MERION; 2018-09-18 @ 04:19:23-Station:STA47;,19406,Fire: FIRE ALARM,2018-09-18 04:19:23,UPPER MERION,MOORE RD & ROGERS RD,1
40.1479091,-75.1095055,DAVISVILLE RD & NEW ST;  UPPER MORELAND; Station 381; 2019-08-22 @ 10:41:39;,19090,EMS: GENERAL WEAKNESS,2019-08-22 10:41:39,UPPER MORELAND,DAVISVILLE RD & NEW ST,1
40.3209665,-75.6113493,PHILADELPHIA AVE & WILSON AVE; DOUGLASS; 2017-12-09 @ 20:48:32;,19525,Traffic: VEHICLE ACCIDENT -,2017-12-09 20:48:32,DOUGLASS,PHILADELPHIA AVE & WILSON AVE,1
40.2432578,-75.2865516,MAIN ST & SUSQUEHANNA AVE; LANSDALE; 2019-09-20 @ 18:45:00-Station:STA14;,19446,Fire: FIRE INVESTIGATION,2019-09-20 18:45:00,LANSDALE,MAIN ST & SUSQUEHANNA AVE,1
40.3116089,-75.5887282,DOVE DR & GARNET DR;  NEW HANOVER; Station 332; 2019-11-24 @ 00:52:55;,19525,EMS: RESPIRATORY EMERGENCY,2019-11-24 00:52:55,NEW HANOVER,DOVE DR & GARNET DR,1
40.2387237,-75.5785160,EVERGREEN RD & W LIGHTCAP RD;  LOWER POTTSGROVE; Station 329; 2016-07-21 @ 02:04:13;,19464,EMS: RESPIRATORY EMERGENCY,2016-07-21 02:04:13,LOWER POTTSGROVE,EVERGREEN RD & W LIGHTCAP RD,1
40.1550603,-75.1022513,DAVISVILLE RD & PENNYPACK RD;  UPPER MORELAND; Station 384; 2020-03-03 @ 03:29:52;,19040,EMS: NAUSEA/VOMITING,2020-03-03 03:29:52,UPPER MORELAND,DAVISVILLE RD & PENNYPACK RD,1
40.1198332,-75.1253492,POND VIEW DR & DEAD END; ABINGTON; 2016-07-03 @ 08:59:13-Station:STA200;,,Fire: FIRE ALARM,2016-07-03 08:59:13,ABINGTON,POND VIEW DR & DEAD END,1
40.0852770,-75.1278360,OLD YORK RD & BREYER DR;  CHELTENHAM; Station 358; 2018-04-17 @ 23:49:34;,19027,EMS: CARDIAC EMERGENCY,2018-04-17 23:49:34,CHELTENHAM,OLD YORK RD & BREYER DR,1
40.0530591,-75.1124493,PARKVIEW RD & IVINETTA RD;  CHELTENHAM; Station 358; 2019-08-31 @ 08:55:20;,19012,EMS: MEDICAL ALERT ALARM,2019-08-31 08:55:20,CHELTENHAM,PARKVIEW RD & IVINETTA RD,1
40.0972222,-75.3761952,SCHUYLKILL EXPY & RAMP I76 WB TO RT202; UPPER MERION; 2019-12-09 @ 14:06:51;,,Traffic: VEHICLE ACCIDENT -,2019-12-09 14:06:51,UPPER MERION,SCHUYLKILL EXPY & RAMP I76 WB TO RT202,1
40.2228820,-75.3987889,PRISON RD & PIGGERY RD;  SKIPPACK; Station 336; 2016-12-06 @ 18:43:49;,,EMS: OVERDOSE,2016-12-06 18:43:49,SKIPPACK,PRISON RD & PIGGERY RD,1
40.0489026,-75.3286311,MT MORO RD & OLD GULPH RD; LOWER MERION; 2017-01-26 @ 15:59:14-Station:STA23;,19085,Fire: FIRE ALARM,2017-01-26 15:59:14,LOWER MERION,MT MORO RD & OLD GULPH RD,1
40.0819664,-75.4039675,TOWN SQUARE PL & E SWEDESFORD RD; UPPER MERION; 2019-08-22 @ 04:10:58-Station:STA47;,19406,Fire: FIRE ALARM,2019-08-22 04:10:58,UPPER MERION,TOWN SQUARE PL & E SWEDESFORD RD,1
40.1588174,-75.4225258,MOKYCHIC RD & PRISON RD;  SKIPPACK; Station 336; 2019-07-25 @ 13:42:51;,19403,EMS: FALL VICTIM,2019-07-25 13:42:51,SKIPPACK,MOKYCHIC RD & PRISON RD,1
40.0855923,-75.3912204,GULPH RD & KIRK AVE;  UPPER MERION; Station 356; 2019-06-28 @ 11:17:54;,19406,EMS: NAUSEA/VOMITING,2019-06-28 11:17:54,UPPER MERION,GULPH RD & KIRK AVE,1
40.1894792,-75.1283691,COLUMBIA AVE & WATSON AVE; HORSHAM; 2017-11-19 @ 14:26:23;,19044,Traffic: ROAD OBSTRUCTION -,2017-11-19 14:26:23,HORSHAM,COLUMBIA AVE & WATSON AVE,1
40.0249667,-75.2829046,LEE AVE & SAN MARINO AVE; LOWER MERION; 2016-06-16 @ 18:24:17-Station:STA23;,,Fire: APPLIANCE FIRE,2016-06-16 18:24:17,LOWER MERION,LEE AVE & SAN MARINO AVE,1
40.2459704,-75.6528170,YORK ST & HIGH ST; POTTSTOWN; 2018-10-11 @ 19:30:55-Station:STA69;,19464,Fire: FIRE ALARM,2018-10-11 19:30:55,POTTSTOWN,YORK ST & HIGH ST,1
40.0456141,-75.3356347,MONTGOMERY AVE & DEVEREUX DR; LOWER MERION; 2018-11-05 @ 21:27:20;,19085,Traffic: VEHICLE ACCIDENT -,2018-11-05 21:27:20,LOWER MERION,MONTGOMERY AVE & DEVEREUX DR,1
40.1450651,-75.0989490,DEER RUN RD & RED BARN RD;  UPPER MORELAND; Station 381; 2017-06-04 @ 08:51:47;,19090,EMS: GENERAL WEAKNESS,2017-06-04 08:51:47,UPPER MORELAND,DEER RUN RD & RED BARN RD,1
40.0829494,-75.3691026,CHURCH RD & HILLSIDE RD;  UPPER MERION; Station 317; 2018-07-13 @ 17:47:16;,19406,EMS: CVA/STROKE,2018-07-13 17:47:16,UPPER MERION,CHURCH RD & HILLSIDE RD,1
40.0979825,-75.1080346,CROSSWICKS RD & DEVON RD;  ABINGTON; Station 382; 2020-01-16 @ 12:42:02;,19046,EMS: ALTERED MENTAL STATUS,2020-01-16 12:42:02,ABINGTON,CROSSWICKS RD & DEVON RD,1
40.0893283,-75.1317412,WASHINGTON LN & TOWNSHIP LINE RD;  CHELTENHAM; Station 358A; 2015-12-13 @ 21:26:53;,19095,EMS: FALL VICTIM,2015-12-13 21:26:53,CHELTENHAM,WASHINGTON LN & TOWNSHIP LINE RD,1
40.2351093,-75.2400449,EXTENSION PENNSYLVANIA TPKE & DEKALB PIKE ACCESS GATE;  WORCESTER; Station 344; 2020-07-24 @ 14:33:35;,19454,EMS: VEHICLE ACCIDENT,2020-07-24 14:33:35,WORCESTER,EXTENSION PENNSYLVANIA TPKE & DEKALB PIKE ACCESS GATE,1
40.2746980,-75.6416990,FARMINGTON AVE & IRWIN PL;  UPPER POTTSGROVE; Station 329B; 2018-12-31 @ 17:42:02;,19464,EMS: SUBJECT IN PAIN,2018-12-31 17:42:02,UPPER POTTSGROVE,FARMINGTON AVE & IRWIN PL,1
40.2582531,-75.2482301,BETHLEHEM PIKE & TAYLOR RD; MONTGOMERY; 2019-11-07 @ 20:12:02;,19446,Traffic: VEHICLE ACCIDENT -,2019-11-07 20:12:02,MONTGOMERY,BETHLEHEM PIKE & TAYLOR RD,1
40.0973365,-75.3128801,INDUSTRIAL WAY & ACADEMY DR; PLYMOUTH; 2019-03-01 @ 18:51:58;,19428,Traffic: VEHICLE FIRE -,2019-03-01 18:51:58,PLYMOUTH,INDUSTRIAL WAY & ACADEMY DR,1
40.1082672,-75.3062326,BLUEROUTE  & RAMP RIDGE PIKE EB TO I476 NB; PLYMOUTH; 2020-07-17 @ 07:37:14;,,Traffic: DISABLED VEHICLE -,2020-07-17 07:37:14,PLYMOUTH,BLUEROUTE  & RAMP RIDGE PIKE EB TO I476 NB,1
40.1628905,-75.4078522,TROOPER RD & TURN LANE; LOWER PROVIDENCE; 2019-10-29 @ 08:10:32-Station:STA53;,19403,Fire: FIRE ALARM,2019-10-29 08:10:32,LOWER PROVIDENCE,TROOPER RD & TURN LANE,1
40.1553619,-75.3019602,DEKALB PIKE & YOST RD;  WHITPAIN; Station 385; 2019-08-22 @ 01:09:14;,19422,EMS: UNKNOWN MEDICAL EMERGENCY,2019-08-22 01:09:14,WHITPAIN,DEKALB PIKE & YOST RD,1
40.1330371,-75.4084631,SHANNONDELL DR & SHANNONDELL BLVD;  LOWER PROVIDENCE; Station 322A; 2019-08-24 @ 15:15:42;,19403,EMS: MEDICAL ALERT ALARM,2019-08-24 15:15:42,LOWER PROVIDENCE,SHANNONDELL DR & SHANNONDELL BLVD,1
40.3648992,-75.4564088,GERYVILLE PIKE & HIFFLETRAYER RD; MARLBOROUGH; 2018-04-01 @ 19:59:41;,18054,Traffic: VEHICLE ACCIDENT -,2018-04-01 19:59:41,MARLBOROUGH,GERYVILLE PIKE & HIFFLETRAYER RD,1
40.0972222,-75.3761952,RAMP RT202 NB TO I76  & RR OVERPASS; UPPER MERION; 2017-02-16 @ 10:39:21;,,Traffic: VEHICLE ACCIDENT -,2017-02-16 10:39:21,UPPER MERION,RAMP RT202 NB TO I76  & RR OVERPASS,1
40.0767309,-75.2715007,BARREN HILL RD & SCARLET OAK DR; WHITEMARSH; 2019-09-06 @ 15:30:55-Station:STA45;,19428,Fire: FIRE ALARM,2019-09-06 15:30:55,WHITEMARSH,BARREN HILL RD & SCARLET OAK DR,1
40.1390916,-75.1065201,KREWSON TER & SILVER AVE; UPPER MORELAND; 2020-07-10 @ 19:45:44-Station:STA10;,19090,Fire: CARBON MONOXIDE DETECTOR,2020-07-10 19:45:44,UPPER MORELAND,KREWSON TER & SILVER AVE,1
40.1617404,-75.1238208,EASTON RD & MARYLAND RD; UPPER MORELAND; 2016-07-21 @ 08:31:32;,19090,Traffic: DISABLED VEHICLE -,2016-07-21 08:31:32,UPPER MORELAND,EASTON RD & MARYLAND RD,1
40.0374483,-75.4533600,BRIDLE PATH RD & LENAPE DR; UPPER MERION; 2020-07-15 @ 00:26:07;,19312,Traffic: VEHICLE ACCIDENT -,2020-07-15 00:26:07,UPPER MERION,BRIDLE PATH RD & LENAPE DR,1
40.1607092,-75.1495402,DRESHERTOWN RD & WELSH RD; UPPER DUBLIN; 2017-02-10 @ 15:27:04;,19025,Traffic: DISABLED VEHICLE -,2017-02-10 15:27:04,UPPER DUBLIN,DRESHERTOWN RD & WELSH RD,1
40.1900633,-75.5373809,CHESTNUT ST;  ROYERSFORD; Station 325; 2019-09-12 @ 12:22:00;,19468,EMS: UNCONSCIOUS SUBJECT,2019-09-12 12:22:00,ROYERSFORD,CHESTNUT ST,1
40.1007482,-75.2151078,WISSAHICKON AVE & ROSE LN;  SPRINGFIELD; Station 351A; 2018-10-16 @ 20:51:14;,19031,EMS: FRACTURE,2018-10-16 20:51:14,SPRINGFIELD,WISSAHICKON AVE & ROSE LN,1
40.2445192,-75.5867253,HIGH ST & ALLISON DR; LOWER POTTSGROVE; 2018-02-08 @ 15:41:05-Station:STA58;,19464,Fire: FIRE POLICE NEEDED,2018-02-08 15:41:05,LOWER POTTSGROVE,HIGH ST & ALLISON DR,1
40.2549909,-75.6462850,FARMINGTON AVE & WILLOW ST; POTTSTOWN; 2019-11-22 @ 11:07:33;,19464,Traffic: VEHICLE ACCIDENT -,2019-11-22 11:07:33,POTTSTOWN,FARMINGTON AVE & WILLOW ST,1
40.1330371,-75.4084631,SHANNONDELL DR & SHANNONDELL BLVD;  LOWER PROVIDENCE; Station 322A; 2019-08-31 @ 14:53:11;,19403,EMS: RESPIRATORY EMERGENCY,2019-08-31 14:53:11,LOWER PROVIDENCE,SHANNONDELL DR & SHANNONDELL BLVD,1
40.1389911,-75.2442522,BUTLER PIKE & SKIPPACK PIKE; WHITPAIN; 2017-11-08 @ 08:32:31-Station:STA33;,19002,Fire: FIRE ALARM,2017-11-08 08:32:31,WHITPAIN,BUTLER PIKE & SKIPPACK PIKE,1
40.2396920,-75.2901265,SUSQUEHANNA AVE & W MT VERNON ST;  LANSDALE; Station 345B; 2019-11-16 @ 12:10:22;,19446,EMS: MEDICAL ALERT ALARM,2019-11-16 12:10:22,LANSDALE,SUSQUEHANNA AVE & W MT VERNON ST,1
40.1467226,-75.1159158,YORK RD & CENTER AVE;  UPPER MORELAND; Station 381; 2020-04-02 @ 08:07:13;,19090,EMS: SEIZURES,2020-04-02 08:07:13,UPPER MORELAND,YORK RD & CENTER AVE,1
40.2502170,-75.6729746,MYRTLE ST & W KING ST; POTTSTOWN; 2018-08-01 @ 18:54:09-Station:STA69;,19464,Fire: GAS-ODOR/LEAK,2018-08-01 18:54:09,POTTSTOWN,MYRTLE ST & W KING ST,1
40.0249667,-75.2829046,MAPLEHILL RD & DEAD END;  LOWER MERION; Station 313; 2020-06-19 @ 21:13:51;,,EMS: NAUSEA/VOMITING,2020-06-19 21:13:51,LOWER MERION,MAPLEHILL RD & DEAD END,1
40.0997408,-75.2046920,PRESTON RD & SHIPPEN RD; SPRINGFIELD; 2018-11-22 @ 08:54:55-Station:STA6;,19038,Fire: FIRE ALARM,2018-11-22 08:54:55,SPRINGFIELD,PRESTON RD & SHIPPEN RD,1
39.9987951,-75.2690697,WILLIAMS RD & NICHOLSON RD;  LOWER MERION; Station 313; 2019-01-17 @ 10:18:52;,19096,EMS: BACK PAINS/INJURY,2019-01-17 10:18:52,LOWER MERION,WILLIAMS RD & NICHOLSON RD,1
40.2383606,-75.5393155,RT422  & RT422 BYP WB; LIMERICK; 2019-12-17 @ 00:34:08-Station:STA54;,,Fire: VEHICLE ACCIDENT,2019-12-17 00:34:08,LIMERICK,RT422  & RT422 BYP WB,1
40.3754061,-75.4884481,BUTTERNUT CT & W 6TH ST;  RED HILL; Station 369; 2017-03-06 @ 04:56:27;,18076,EMS: FALL VICTIM,2017-03-06 04:56:27,RED HILL,BUTTERNUT CT & W 6TH ST,1
40.2818150,-75.2560570,COUNTY LINE RD & TREWIGTOWN RD; BUCKS COUNTY; 2019-10-29 @ 12:01:26;,18915,Traffic: VEHICLE ACCIDENT -,2019-10-29 12:01:26,BUCKS COUNTY,COUNTY LINE RD & TREWIGTOWN RD,1
40.1727844,-75.1345249,GIBRALTAR RD & PRUDENTIAL RD; HORSHAM; 2017-06-27 @ 12:23:45;,19044,Traffic: VEHICLE ACCIDENT -,2017-06-27 12:23:45,HORSHAM,GIBRALTAR RD & PRUDENTIAL RD,1
40.1338085,-75.3582155,JAMES ST & PINE ST;  WEST NORRITON; Station 308B; 2017-11-30 @ 16:00:20;,19403,EMS: HEMORRHAGING,2017-11-30 16:00:20,WEST NORRITON,JAMES ST & PINE ST,1
40.1793752,-75.2362381,RT309 EXPY & RAMP NORRISTOWN RD TO RT309 NB; LOWER GWYNEDD; 2017-05-13 @ 09:11:53;,,Traffic: VEHICLE ACCIDENT -,2017-05-13 09:11:53,LOWER GWYNEDD,RT309 EXPY & RAMP NORRISTOWN RD TO RT309 NB,1
40.1388810,-75.1747450,OFFICE CENTER DR & VIRGINIA DR;  UPPER DUBLIN; Station 351; 2018-10-10 @ 10:15:29;,19034,EMS: CARDIAC ARREST,2018-10-10 10:15:29,UPPER DUBLIN,OFFICE CENTER DR & VIRGINIA DR,1
40.2421914,-75.2847748,MAIN ST & WALNUT ST;  LANSDALE; Station 345; 2020-02-02 @ 13:57:58;,19446,EMS: SUBJECT IN PAIN,2020-02-02 13:57:58,LANSDALE,MAIN ST & WALNUT ST,1
40.0883549,-75.3821004,DEKALB PIKE & ALLENDALE RD; UPPER MERION; 2016-11-25 @ 15:44:43-Station:STA47;,19406,Fire: FIRE ALARM,2016-11-25 15:44:43,UPPER MERION,DEKALB PIKE & ALLENDALE RD,1
40.0841384,-75.4062540,VILLAGE DR & BRYCE LN;  UPPER MERION; Station 356A; 2020-04-24 @ 02:30:49;,19406,EMS: BACK PAINS/INJURY,2020-04-24 02:30:49,UPPER MERION,VILLAGE DR & BRYCE LN,1
40.0809133,-75.2026651,EVERGREEN AVE & STENTON AVE; SPRINGFIELD; 2018-06-19 @ 08:05:13-Station:STA82;,19038,Fire: FIRE ALARM,2018-06-19 08:05:13,SPRINGFIELD,EVERGREEN AVE & STENTON AVE,1
40.1457373,-75.0524556,BYBERRY RD & MEADOWLARK DR; LOWER MORELAND; 2018-01-05 @ 13:15:58;,19006,Traffic: VEHICLE ACCIDENT -,2018-01-05 13:15:58,LOWER MORELAND,BYBERRY RD & MEADOWLARK DR,1
40.1259561,-75.3186219,JOHNSON HWY & NORTH HILLS DR;  NORRISTOWN; Station 308A; 2019-10-28 @ 21:53:39;,19401,EMS: HEAD INJURY,2019-10-28 21:53:39,NORRISTOWN,JOHNSON HWY & NORTH HILLS DR,1
40.3983844,-75.4941316,MACOBY ST & UNNAMED ALY; PENNSBURG; 2019-12-26 @ 17:05:50-Station:STA65;,18073,Fire: FIRE ALARM,2019-12-26 17:05:50,PENNSBURG,MACOBY ST & UNNAMED ALY,1
40.2594148,-75.3246196,FORTY FOOT RD & ALLENTOWN RD; TOWAMENCIN; 2019-09-22 @ 14:39:37;,19446,Traffic: VEHICLE ACCIDENT -,2019-09-22 14:39:37,TOWAMENCIN,FORTY FOOT RD & ALLENTOWN RD,1
40.2269880,-75.1644661,PARK RD & W COUNTY LINE RD; HORSHAM; 2016-02-15 @ 22:23:33;,18976,Traffic: VEHICLE ACCIDENT -,2016-02-15 22:23:33,HORSHAM,PARK RD & W COUNTY LINE RD,1
40.1772723,-75.1061958,YORK RD & E MORELAND AVE;  HATBORO; Station 384; 2019-07-03 @ 08:37:36;,19040,EMS: SEIZURES,2019-07-03 08:37:36,HATBORO,YORK RD & E MORELAND AVE,1
40.1600540,-75.1233160,EASTON RD & WYANDOTTE RD;  UPPER MORELAND; Station 381; 2016-01-25 @ 08:09:48;,19090,EMS: FALL VICTIM,2016-01-25 08:09:48,UPPER MORELAND,EASTON RD & WYANDOTTE RD,1
40.0811951,-75.1332615,W CHURCH RD;  CHELTENHAM; Station 358; 2018-06-12 @ 10:51:57;,19095,EMS: VEHICLE ACCIDENT,2018-06-12 10:51:57,CHELTENHAM,W CHURCH RD,1
40.1456253,-75.1747499,SUSQUEHANNA RD & WATER TOWER DR;  UPPER DUBLIN; Station 351; 2017-02-16 @ 21:39:48;,19025,EMS: CARDIAC EMERGENCY,2017-02-16 21:39:48,UPPER DUBLIN,SUSQUEHANNA RD & WATER TOWER DR,1
40.2462877,-75.6882102,S GROSSTOWN RD & W HIGH ST; WEST POTTSGROVE; 2019-11-07 @ 09:30:57;,19464,Traffic: ROAD OBSTRUCTION -,2019-11-07 09:30:57,WEST POTTSGROVE,S GROSSTOWN RD & W HIGH ST,1
40.1205449,-75.3335690,ARCH ST & E WOOD ST;  NORRISTOWN; Station 308A; 2016-09-17 @ 13:58:07;,19401,EMS: ABDOMINAL PAINS,2016-09-17 13:58:07,NORRISTOWN,ARCH ST & E WOOD ST,1
40.0936150,-75.2837750,RIDGE PIKE & BUTLER PIKE;  WHITEMARSH; Station 318; 2017-03-13 @ 18:02:04;,19428,EMS: MEDICAL ALERT ALARM,2017-03-13 18:02:04,WHITEMARSH,RIDGE PIKE & BUTLER PIKE,1
40.0868720,-75.2595577,CHESTNUT ST & RIDGE PIKE;  WHITEMARSH; Station 318; 2019-03-19 @ 07:59:49;,19444,EMS: HEAD INJURY,2019-03-19 07:59:49,WHITEMARSH,CHESTNUT ST & RIDGE PIKE,1
40.1769755,-75.0978315,MANOR RD & E MORELAND AVE; HATBORO; 2019-11-01 @ 00:39:21;,19040,Traffic: ROAD OBSTRUCTION -,2019-11-01 00:39:21,HATBORO,MANOR RD & E MORELAND AVE,1
40.2290075,-75.3878525,RIVER RD & RT100 OVERPASS; CHESTER COUNTY; 2019-08-02 @ 10:45:30;,,Traffic: DISABLED VEHICLE -,2019-08-02 10:45:30,CHESTER COUNTY,RIVER RD & RT100 OVERPASS,1
40.0972690,-75.3447829,COATES LN & HOLLY DR;  UPPER MERION; Station 317; 2017-03-23 @ 20:33:09;,19406,EMS: GENERAL WEAKNESS,2017-03-23 20:33:09,UPPER MERION,COATES LN & HOLLY DR,1
40.0972222,-75.3761952,SCHUYLKILL EXPY & RAMP S GULPH RD TO I76 WB; UPPER MERION; 2019-07-16 @ 11:17:47;,,Traffic: VEHICLE ACCIDENT -,2019-07-16 11:17:47,UPPER MERION,SCHUYLKILL EXPY & RAMP S GULPH RD TO I76 WB,1
40.0910550,-75.3843648,ALLENDALE RD & WILLS BLVD; UPPER MERION; 2020-05-23 @ 17:20:14;,19406,Traffic: VEHICLE ACCIDENT -,2020-05-23 17:20:14,UPPER MERION,ALLENDALE RD & WILLS BLVD,1
40.2514920,-75.6033497,PARK RD & RT422 UNDERPASS;  LOWER POTTSGROVE; Station 329; 2016-09-10 @ 01:11:19;,,EMS: CARDIAC ARREST,2016-09-10 01:11:19,LOWER POTTSGROVE,PARK RD & RT422 UNDERPASS,1
40.0812601,-75.1370254,RT309 EXPY & WAVERLY RD UNDERPASS; CHELTENHAM; 2017-05-12 @ 00:11:25;,,Traffic: DISABLED VEHICLE -,2017-05-12 00:11:25,CHELTENHAM,RT309 EXPY & WAVERLY RD UNDERPASS,1
40.1502368,-75.1040058,COWBELL RD & BUCKBOARD RD; UPPER MORELAND; 2018-11-19 @ 13:56:08-Station:STA10;,19090,Fire: FIRE ALARM,2018-11-19 13:56:08,UPPER MORELAND,COWBELL RD & BUCKBOARD RD,1
40.1723141,-75.4927278,RT422  & TROUTMAN RD UNDERPASS; UPPER PROVIDENCE; 2016-05-08 @ 17:18:21;,,Traffic: VEHICLE ACCIDENT -,2016-05-08 17:18:21,UPPER PROVIDENCE,RT422  & TROUTMAN RD UNDERPASS,1
40.0810063,-75.3161537,CONSHOHOCKEN RD & OLD ELM ST; PLYMOUTH; 2017-05-25 @ 11:29:14;,19428,Traffic: VEHICLE ACCIDENT -,2017-05-25 11:29:14,PLYMOUTH,CONSHOHOCKEN RD & OLD ELM ST,1
40.0752896,-75.3113571,COLWELL LN & W ELM ST; CONSHOHOCKEN; 2016-08-08 @ 06:05:29-Station:STA36;,19428,Fire: FIRE ALARM,2016-08-08 06:05:29,CONSHOHOCKEN,COLWELL LN & W ELM ST,1
40.1845001,-75.5380393,WALNUT ST & S 4TH AVE;  ROYERSFORD; Station 325; 2020-05-06 @ 09:20:53;,19468,EMS: DIABETIC EMERGENCY,2020-05-06 09:20:53,ROYERSFORD,WALNUT ST & S 4TH AVE,1
40.2274316,-75.6235951,OLD SCHUYLKILL RD & E SCHUYLKILL RD;  CHESTER COUNTY; Station 3A84; 2016-01-19 @ 13:54:56;,19465,EMS: BUILDING FIRE,2016-01-19 13:54:56,CHESTER COUNTY,OLD SCHUYLKILL RD & E SCHUYLKILL RD,1
40.0942996,-75.1255408,YORK RD & SUMMIT AVE; JENKINTOWN; 2020-04-30 @ 17:54:44-Station:STA96;,19046,Fire: FIRE ALARM,2020-04-30 17:54:44,JENKINTOWN,YORK RD & SUMMIT AVE,1
40.1293980,-75.3322134,PINE ST & W ROBERTS ST;  NORRISTOWN; Station 308A; 2015-12-16 @ 12:18:03;,19401,EMS: CARDIAC EMERGENCY,2015-12-16 12:18:03,NORRISTOWN,PINE ST & W ROBERTS ST,1
40.1339977,-75.4494634,EGYPT RD & BLACK ROCK RD; UPPER PROVIDENCE; 2018-07-05 @ 11:05:48;,19426,Traffic: DISABLED VEHICLE -,2018-07-05 11:05:48,UPPER PROVIDENCE,EGYPT RD & BLACK ROCK RD,1
40.1704782,-75.2454097,PENLLYN PIKE & PERSHING RD; LOWER GWYNEDD; 2016-09-08 @ 08:08:06;,19422,Traffic: VEHICLE ACCIDENT -,2016-09-08 08:08:06,LOWER GWYNEDD,PENLLYN PIKE & PERSHING RD,1
40.0354582,-75.2560428,RAMP HOLLOW RD TO I76  & HOLLOW RD; LOWER MERION; 2019-12-02 @ 05:19:49-Station:STA22;,19072,Fire: VEHICLE ACCIDENT,2019-12-02 05:19:49,LOWER MERION,RAMP HOLLOW RD TO I76  & HOLLOW RD,1
40.0183286,-75.3047343,MONTGOMERY AVE & ROSE LN; LOWER MERION; 2016-09-10 @ 13:24:28;,19041,Traffic: VEHICLE ACCIDENT -,2016-09-10 13:24:28,LOWER MERION,MONTGOMERY AVE & ROSE LN,1
40.0868720,-75.2595577,RIDGE PIKE & CHESTNUT ST; WHITEMARSH; 2016-05-06 @ 15:25:23;,19444,Traffic: VEHICLE ACCIDENT -,2016-05-06 15:25:23,WHITEMARSH,RIDGE PIKE & CHESTNUT ST,1
40.2149080,-75.4997872,W RIDGE PIKE & S TOWNSHIP LINE RD; LIMERICK; 2017-03-05 @ 14:34:28;,19468,Traffic: VEHICLE ACCIDENT -,2017-03-05 14:34:28,LIMERICK,W RIDGE PIKE & S TOWNSHIP LINE RD,1
40.1040774,-75.4220931,VALLEY FORGE PARK RD & COUNTY LINE RD; UPPER MERION; 2020-03-19 @ 08:03:28;,19406,Traffic: VEHICLE ACCIDENT -,2020-03-19 08:03:28,UPPER MERION,VALLEY FORGE PARK RD & COUNTY LINE RD,1
40.1793752,-75.2362381,RT309 EXPY & RAMP NORRISTOWN RD TO RT309 NB; LOWER GWYNEDD; 2018-09-18 @ 12:07:21;,,Traffic: VEHICLE ACCIDENT -,2018-09-18 12:07:21,LOWER GWYNEDD,RT309 EXPY & RAMP NORRISTOWN RD TO RT309 NB,1
40.1963210,-75.1379734,EASTON RD & W MORELAND AVE; HORSHAM; 2019-06-28 @ 13:48:01-Station:STA15;,19040,Fire: WOODS/FIELD FIRE,2019-06-28 13:48:01,HORSHAM,EASTON RD & W MORELAND AVE,1
40.0086800,-75.2107603,E CITY AVE & PRESIDENTIAL BLVD; LOWER MERION; 2016-02-13 @ 18:36:58;,19004,Traffic: VEHICLE ACCIDENT -,2016-02-13 18:36:58,LOWER MERION,E CITY AVE & PRESIDENTIAL BLVD,1
40.2499810,-75.6972525,RANDOM RD & BROADMOOR BLVD;  BERKS COUNTY; Station EMS; 2017-01-27 @ 11:04:01;,19518,EMS: SEIZURES,2017-01-27 11:04:01,BERKS COUNTY,RANDOM RD & BROADMOOR BLVD,1
40.0197176,-75.3147494,LANCASTER AVE & TOWN PL;  LOWER MERION; Station 313; 2019-08-21 @ 17:12:20;,19010,EMS: VEHICLE ACCIDENT,2019-08-21 17:12:20,LOWER MERION,LANCASTER AVE & TOWN PL,1
40.1903913,-75.2695399,LAFAYETTE AVE & WISSAHICKON GREEN RIBBON TRL;  WHITEMARSH; Station 318; 2020-04-07 @ 14:52:48;,19454,EMS: HEAD INJURY,2020-04-07 14:52:48,WHITEMARSH,LAFAYETTE AVE & WISSAHICKON GREEN RIBBON TRL,1
40.1435722,-75.1347754,FITZWATERTOWN RD & LILLIAN AVE; ABINGTON; 2016-07-16 @ 15:56:29;,19090,Traffic: VEHICLE ACCIDENT -,2016-07-16 15:56:29,ABINGTON,FITZWATERTOWN RD & LILLIAN AVE,1
40.2071742,-75.5075842,LINFIELD TRAPPE RD & S TOWNSHIP LINE RD; LIMERICK; 2018-11-15 @ 13:05:15;,19468,Traffic: DISABLED VEHICLE -,2018-11-15 13:05:15,LIMERICK,LINFIELD TRAPPE RD & S TOWNSHIP LINE RD,1
40.0972222,-75.3761952,SCHUYLKILL EXPY & CROTON RD UNDERPASS; UPPER MERION; 2018-05-15 @ 15:15:01;,,Traffic: VEHICLE ACCIDENT -,2018-05-15 15:15:01,UPPER MERION,SCHUYLKILL EXPY & CROTON RD UNDERPASS,1
40.0731193,-75.1316211,SPRING AVE & OLD YORK RD; CHELTENHAM; 2017-06-14 @ 11:44:34;,19027,Traffic: VEHICLE ACCIDENT -,2017-06-14 11:44:34,CHELTENHAM,SPRING AVE & OLD YORK RD,1
40.2693757,-75.3843700,PONDVIEW DR & WIND RIPPLE CT;  LOWER SALFORD; Station 344; 2017-03-02 @ 11:24:53;,19438,EMS: GENERAL WEAKNESS,2017-03-02 11:24:53,LOWER SALFORD,PONDVIEW DR & WIND RIPPLE CT,1
40.0698321,-75.3162951,SCHUYLKILL EXPY & RAMP I476 SB TO I76 EB; WEST CONSHOHOCKEN; 2019-12-17 @ 09:31:18;,,Traffic: VEHICLE ACCIDENT -,2019-12-17 09:31:18,WEST CONSHOHOCKEN,SCHUYLKILL EXPY & RAMP I476 SB TO I76 EB,1
40.0332612,-75.3023712,MORRIS AVE & TWIN ARCH LN; LOWER MERION; 2018-12-04 @ 10:22:03-Station:STA23;,19010,Fire: GAS-ODOR/LEAK,2018-12-04 10:22:03,LOWER MERION,MORRIS AVE & TWIN ARCH LN,1
40.0754213,-75.2931412,SPRING MILL AVE & E 8TH AVE; CONSHOHOCKEN; 2017-02-13 @ 11:23:47-Station:STA35;,19428,Fire: ELECTRICAL FIRE OUTSIDE,2017-02-13 11:23:47,CONSHOHOCKEN,SPRING MILL AVE & E 8TH AVE,1
40.0470579,-75.2904590,CONSHOHOCKEN STATE RD & NORSAM RD; LOWER MERION; 2020-04-23 @ 18:09:18;,19035,Traffic: ROAD OBSTRUCTION -,2020-04-23 18:09:18,LOWER MERION,CONSHOHOCKEN STATE RD & NORSAM RD,1
40.2605355,-75.3666079,MAIN ST & GODSHALL DR;  LOWER SALFORD; Station 344; 2018-05-16 @ 07:15:01;,19438,EMS: CARDIAC EMERGENCY,2018-05-16 07:15:01,LOWER SALFORD,MAIN ST & GODSHALL DR,1
40.1680491,-75.4491412,LANDIS MILL RD;  LOWER PROVIDENCE; Station 322; 2018-06-11 @ 11:05:58;,19426,EMS: VEHICLE ACCIDENT,2018-06-11 11:05:58,LOWER PROVIDENCE,LANDIS MILL RD,1
40.1402093,-75.2693369,WALTON RD;  WHITPAIN; Station 385; 2019-07-27 @ 15:02:05;,19422,EMS: VEHICLE ACCIDENT,2019-07-27 15:02:05,WHITPAIN,WALTON RD,1
40.1675686,-75.3728349,VALLEY FORGE RD & MILL RD; WORCESTER; 2016-09-28 @ 19:38:55;,19403,Traffic: VEHICLE ACCIDENT -,2016-09-28 19:38:55,WORCESTER,VALLEY FORGE RD & MILL RD,1
40.1327628,-75.1389359,WOODLAND RD & THOMSON RD;  ABINGTON; Station 381; 2016-10-22 @ 06:12:20;,19001,EMS: CARDIAC EMERGENCY,2016-10-22 06:12:20,ABINGTON,WOODLAND RD & THOMSON RD,1
40.2270006,-75.4533565,GRAVEL PIKE; PERKIOMEN; 2017-12-25 @ 10:43:29-Station:STA66;,,Fire: FIRE POLICE NEEDED,2017-12-25 10:43:29,PERKIOMEN,GRAVEL PIKE,1
40.2541493,-75.3300278,FORTY FOOT RD;  TOWAMENCIN; Station 345B; 2017-06-04 @ 06:08:12;,,EMS: VEHICLE ACCIDENT,2017-06-04 06:08:12,TOWAMENCIN,FORTY FOOT RD,1
40.2413204,-75.2428276,BETHLEHEM PIKE & NORTH WALES RD; MONTGOMERY; 2016-09-29 @ 12:39:11;,19454,Traffic: VEHICLE ACCIDENT -,2016-09-29 12:39:11,MONTGOMERY,BETHLEHEM PIKE & NORTH WALES RD,1
40.1478501,-75.3336838,GERMANTOWN PIKE & BARLEY SHEAF DR;  EAST NORRITON; Station 308B; 2017-09-13 @ 21:17:51;,19403,EMS: CARDIAC ARREST,2017-09-13 21:17:51,EAST NORRITON,GERMANTOWN PIKE & BARLEY SHEAF DR,1
40.2605453,-75.2712704,LOGAN DR & FORTUNA DR; HATFIELD TOWNSHIP; 2019-07-16 @ 21:52:31-Station:STA12;,19440,Fire: GAS-ODOR/LEAK,2019-07-16 21:52:31,HATFIELD TOWNSHIP,LOGAN DR & FORTUNA DR,1
40.1689210,-75.2133107,SUSQUEHANNA RD & WILLOW AVE; UPPER DUBLIN; 2016-11-01 @ 11:52:34;,19002,Traffic: VEHICLE ACCIDENT -,2016-11-01 11:52:34,UPPER DUBLIN,SUSQUEHANNA RD & WILLOW AVE,1
40.1550603,-75.1022513,DAVISVILLE RD & PENNYPACK RD;  UPPER MORELAND; Station 381; 2020-07-26 @ 09:09:03;,19040,EMS: FALL VICTIM,2020-07-26 09:09:03,UPPER MORELAND,DAVISVILLE RD & PENNYPACK RD,1
40.0658197,-75.3427368,ARDEN RD & S GULPH RD; UPPER MERION; 2016-04-07 @ 07:24:09;,19087,Traffic: VEHICLE ACCIDENT -,2016-04-07 07:24:09,UPPER MERION,ARDEN RD & S GULPH RD,1
40.1903913,-75.2695399,LAFAYETTE AVE & WISSAHICKON GREEN RIBBON TRL;  WHITEMARSH; Station 318; 2018-11-25 @ 18:04:04;,19454,EMS: CARDIAC EMERGENCY,2018-11-25 18:04:04,WHITEMARSH,LAFAYETTE AVE & WISSAHICKON GREEN RIBBON TRL,1
40.1033767,-75.4124499,VALLEY FORGE CIR & OLD VALLEY FORGE RD;  UPPER MERION; Station 317; 2017-05-02 @ 19:13:40;,19406,EMS: MEDICAL ALERT ALARM,2017-05-02 19:13:40,UPPER MERION,VALLEY FORGE CIR & OLD VALLEY FORGE RD,1
40.1838791,-75.4457638,RIDGE PIKE & GERMANTOWN PIKE; LOWER PROVIDENCE; 2017-10-31 @ 17:24:39;,19426,Traffic: ROAD OBSTRUCTION -,2017-10-31 17:24:39,LOWER PROVIDENCE,RIDGE PIKE & GERMANTOWN PIKE,1
40.1339362,-75.3450564,LOCUST ST & LAUREL DR;  NORRISTOWN; Station 308A; 2016-03-19 @ 01:32:28;,19401,EMS: SUBJECT IN PAIN,2016-03-19 01:32:28,NORRISTOWN,LOCUST ST & LAUREL DR,1
40.0069636,-75.2892145,RITTENHOUSE PL & E LANCASTER AVE;  LOWER MERION; Station 313; 2016-08-04 @ 15:05:21;,19003,EMS: UNKNOWN MEDICAL EMERGENCY,2016-08-04 15:05:21,LOWER MERION,RITTENHOUSE PL & E LANCASTER AVE,1
40.1218495,-75.2049436,RT309 EXPY & RAMP RT73 TO RT309 NB; WHITEMARSH; 2020-04-21 @ 12:27:17;,,Traffic: ROAD OBSTRUCTION -,2020-04-21 12:27:17,WHITEMARSH,RT309 EXPY & RAMP RT73 TO RT309 NB,1
40.0152878,-75.3153484,RAILROAD AVE & RUGBY RD;  DELAWARE COUNTY; Station EMS; 2018-12-04 @ 08:27:46;,19010,EMS: CARDIAC EMERGENCY,2018-12-04 08:27:46,DELAWARE COUNTY,RAILROAD AVE & RUGBY RD,1
40.2290075,-75.3878525,LARKSPUR LN & RAINTREE XING;  HATFIELD BORO; Station 345; 2016-08-02 @ 10:26:21;,,EMS: GENERAL WEAKNESS,2016-08-02 10:26:21,HATFIELD BORO,LARKSPUR LN & RAINTREE XING,1
40.2735883,-75.3264796,DERSTINE RD & CLEMENS RD;  HATFIELD TOWNSHIP; Station 345; 2019-08-10 @ 03:56:49;,19440,EMS: OVERDOSE,2019-08-10 03:56:49,HATFIELD TOWNSHIP,DERSTINE RD & CLEMENS RD,1
40.2290075,-75.3878525,HARMONYVILLE RD & LAURELWOOD RD; CHESTER COUNTY; 2018-05-16 @ 10:37:38;,,Traffic: VEHICLE ACCIDENT -,2018-05-16 10:37:38,CHESTER COUNTY,HARMONYVILLE RD & LAURELWOOD RD,1
40.1627423,-75.2027233,SUSQUEHANNA RD & CEDAR RD; UPPER DUBLIN; 2019-04-12 @ 09:36:16;,19002,Traffic: DISABLED VEHICLE -,2019-04-12 09:36:16,UPPER DUBLIN,SUSQUEHANNA RD & CEDAR RD,1
40.2890267,-75.3995896,MAIN ST & OLD SUMNEYTOWN PIKE;  LOWER SALFORD; Station 344; 2018-09-25 @ 12:39:32;,19438,EMS: HEMORRHAGING,2018-09-25 12:39:32,LOWER SALFORD,MAIN ST & OLD SUMNEYTOWN PIKE,1
40.0698321,-75.3162951,SCHUYLKILL EXPY & RAMP I476 NB TO I76 WB; WEST CONSHOHOCKEN; 2019-07-30 @ 13:15:49;,,Traffic: ROAD OBSTRUCTION -,2019-07-30 13:15:49,WEST CONSHOHOCKEN,SCHUYLKILL EXPY & RAMP I476 NB TO I76 WB,1
40.0084456,-75.2604600,MONTGOMERY AVE & BRYNWOOD MNR; NARBERTH; 2017-09-29 @ 11:52:45;,,Traffic: VEHICLE ACCIDENT -,2017-09-29 11:52:45,NARBERTH,MONTGOMERY AVE & BRYNWOOD MNR,1
40.0795326,-75.3315197,SWEDELAND RD & RENAISSANCE BLVD;  UPPER MERION; Station 317; 2018-09-10 @ 10:38:45;,19406,EMS: RESPIRATORY EMERGENCY,2018-09-10 10:38:45,UPPER MERION,SWEDELAND RD & RENAISSANCE BLVD,1
40.0940998,-75.4561553,VALLEY CREEK RD;  CHESTER COUNTY; Station EMS; 2019-09-01 @ 15:25:17;,,EMS: HEAD INJURY,2019-09-01 15:25:17,CHESTER COUNTY,VALLEY CREEK RD,1
40.2459704,-75.6528170,HIGH ST & S YORK ST;  POTTSTOWN; Station 329B; 2018-04-27 @ 14:38:28;,19464,EMS: SUBJECT IN PAIN,2018-04-27 14:38:28,POTTSTOWN,HIGH ST & S YORK ST,1
40.1326363,-75.3783270,JEFFERSON AVE & W MAIN ST; WEST NORRITON; 2016-01-10 @ 19:40:59;,19403,Traffic: VEHICLE ACCIDENT -,2016-01-10 19:40:59,WEST NORRITON,JEFFERSON AVE & W MAIN ST,1
40.1613492,-75.4878975,STATION AVE & WEST DR;  UPPER PROVIDENCE; Station 322A; 2018-08-01 @ 03:01:56;,19460,EMS: SUBJECT IN PAIN,2018-08-01 03:01:56,UPPER PROVIDENCE,STATION AVE & WEST DR,1
40.0818005,-75.2531616,HARTS LN & RIDGE PIKE; WHITEMARSH; 2019-04-13 @ 08:44:38;,19444,Traffic: VEHICLE ACCIDENT -,2019-04-13 08:44:38,WHITEMARSH,HARTS LN & RIDGE PIKE,1
40.0848436,-75.0935116,HUNTINGDON PIKE & SHADY LN; ABINGTON; 2016-05-03 @ 17:00:53;,19046,Traffic: DISABLED VEHICLE -,2016-05-03 17:00:53,ABINGTON,HUNTINGDON PIKE & SHADY LN,1
40.3453520,-75.5753947,GREEN HILL RD & HOFFMANSVILLE RD;  DOUGLASS; Station 7A505; 2020-03-05 @ 08:50:45;,19504,EMS: SUBJECT IN PAIN,2020-03-05 08:50:45,DOUGLASS,GREEN HILL RD & HOFFMANSVILLE RD,1
40.0618834,-75.0997206,OAK HILL DR & ASHBOURNE RD;  CHELTENHAM; Station 358; 2019-12-28 @ 14:44:57;,19012,EMS: FALL VICTIM,2019-12-28 14:44:57,CHELTENHAM,OAK HILL DR & ASHBOURNE RD,1
40.1464922,-75.3894578,MANN RD;  LOWER PROVIDENCE; Station 322; 2019-12-02 @ 10:55:35;,19403,EMS: VEHICLE ACCIDENT,2019-12-02 10:55:35,LOWER PROVIDENCE,MANN RD,1
40.2268412,-75.2391561,KNAPP RD & WITCHWOOD DR;  MONTGOMERY; Station 345A; 2017-01-22 @ 08:21:43;,19454,EMS: RESPIRATORY EMERGENCY,2017-01-22 08:21:43,MONTGOMERY,KNAPP RD & WITCHWOOD DR,1
40.1174160,-75.3502930,MAIN ST & ASTOR ST;  NORRISTOWN; Station 308A; 2018-01-08 @ 13:13:46;,19401,EMS: ABDOMINAL PAINS,2018-01-08 13:13:46,NORRISTOWN,MAIN ST & ASTOR ST,1
40.2514920,-75.6033497,RT422 BYP & RAMP ARMAND HAMMER TO RT422 EB; LOWER POTTSGROVE; 2020-01-25 @ 08:25:21;,,Traffic: VEHICLE ACCIDENT -,2020-01-25 08:25:21,LOWER POTTSGROVE,RT422 BYP & RAMP ARMAND HAMMER TO RT422 EB,1
40.1725260,-75.2846533,DEKALB PIKE & BLUE BELL SPRINGS DR;  WHITPAIN; Station 385; 2017-05-31 @ 19:53:47;,19422,EMS: FALL VICTIM,2017-05-31 19:53:47,WHITPAIN,DEKALB PIKE & BLUE BELL SPRINGS DR,1
40.0887236,-75.2659775,RIDGE PIKE & JOSHUA RD; WHITEMARSH; 2018-06-22 @ 19:49:31;,19444,Traffic: DISABLED VEHICLE -,2018-06-22 19:49:31,WHITEMARSH,RIDGE PIKE & JOSHUA RD,1
40.0073334,-75.3521709,COUNTRYVIEW DR & BRYN MAWR AVE; DELAWARE COUNTY; 2018-08-31 @ 19:13:36-Station:STA23;,19010,Fire: FIRE ALARM,2018-08-31 19:13:36,DELAWARE COUNTY,COUNTRYVIEW DR & BRYN MAWR AVE,1
40.0064521,-75.2881931,E LANCASTER AVE & ARGYLE RD; LOWER MERION; 2019-05-09 @ 23:40:43;,19003,Traffic: HAZARDOUS ROAD CONDITIONS -,2019-05-09 23:40:43,LOWER MERION,E LANCASTER AVE & ARGYLE RD,1
40.2754068,-75.2449154,COUNTY LINE RD & WALNUT ST; HATFIELD TOWNSHIP; 2016-04-27 @ 15:28:32;,18914,Traffic: VEHICLE ACCIDENT -,2016-04-27 15:28:32,HATFIELD TOWNSHIP,COUNTY LINE RD & WALNUT ST,1
40.0698321,-75.3162951,BARR HARBOR DR & RR UNDERPASS; WEST CONSHOHOCKEN; 2018-04-17 @ 16:24:07;,,Traffic: VEHICLE ACCIDENT -,2018-04-17 16:24:07,WEST CONSHOHOCKEN,BARR HARBOR DR & RR UNDERPASS,1
40.0194893,-75.3193691,BRYN MAWR AVE & OLD LANCASTER RD; LOWER MERION; 2020-07-10 @ 13:36:46;,19010,Traffic: VEHICLE ACCIDENT -,2020-07-10 13:36:46,LOWER MERION,BRYN MAWR AVE & OLD LANCASTER RD,1
40.1600752,-75.3405655,HEATHERWOOD DR & WHITEHALL RD;  EAST NORRITON; Station 308B; 2018-02-27 @ 13:42:04;,19403,EMS: UNKNOWN MEDICAL EMERGENCY,2018-02-27 13:42:04,EAST NORRITON,HEATHERWOOD DR & WHITEHALL RD,1
40.1330371,-75.4084631,SHANNONDELL DR & SHANNONDELL BLVD;  LOWER PROVIDENCE; Station 322A; 2017-01-14 @ 10:57:31;,19403,EMS: ABDOMINAL PAINS,2017-01-14 10:57:31,LOWER PROVIDENCE,SHANNONDELL DR & SHANNONDELL BLVD,1
40.2553473,-75.6719108,BERKS ST & GLASGOW ST; WEST POTTSGROVE; 2016-11-29 @ 15:40:39;,19464,Traffic: DEBRIS/FLUIDS ON HIGHWAY -,2016-11-29 15:40:39,WEST POTTSGROVE,BERKS ST & GLASGOW ST,1
40.0859891,-75.1463175,CHURCH RD & BENT RD;  CHELTENHAM; Station 358A; 2018-09-14 @ 10:28:18;,19095,EMS: CHOKING,2018-09-14 10:28:18,CHELTENHAM,CHURCH RD & BENT RD,1
40.0717603,-75.1540507,WASHINGTON LN & CHELTENHAM AVE;  CHELTENHAM; Station 358A; 2018-07-12 @ 12:12:11;,19095,EMS: FRACTURE,2018-07-12 12:12:11,CHELTENHAM,WASHINGTON LN & CHELTENHAM AVE,1
40.3297739,-75.3769157,ALLENTOWN RD & GREEN HILL RD; FRANCONIA; 2017-12-02 @ 15:31:41;,18969,Traffic: VEHICLE ACCIDENT -,2017-12-02 15:31:41,FRANCONIA,ALLENTOWN RD & GREEN HILL RD,1
40.1526005,-75.1862464,SUSQUEHANNA RD & DREXEL AVE; UPPER DUBLIN; 2016-12-15 @ 14:57:16;,19034,Traffic: VEHICLE ACCIDENT -,2016-12-15 14:57:16,UPPER DUBLIN,SUSQUEHANNA RD & DREXEL AVE,1
40.2898803,-75.3736208,MAPLEWOOD DR & CRESCENT CIR;  FRANCONIA; Station 344; 2020-06-27 @ 16:59:59;,19438,EMS: MEDICAL ALERT ALARM,2020-06-27 16:59:59,FRANCONIA,MAPLEWOOD DR & CRESCENT CIR,1
40.1464721,-75.1109932,FERN AVE & DAVISVILLE RD;  UPPER MORELAND; Station 381; 2017-08-11 @ 10:50:28;,19090,EMS: SUBJECT IN PAIN,2017-08-11 10:50:28,UPPER MORELAND,FERN AVE & DAVISVILLE RD,1
40.1481037,-75.1158516,GRANT AVE & SUMMIT AVE;  UPPER MORELAND; Station 381; 2019-10-02 @ 03:15:57;,19090,EMS: BACK PAINS/INJURY,2019-10-02 03:15:57,UPPER MORELAND,GRANT AVE & SUMMIT AVE,1
40.0247354,-75.3189319,MONTGOMERY AVE & N MERION AVE;  LOWER MERION; Station 313; 2017-06-18 @ 00:39:27;,19010,EMS: NAUSEA/VOMITING,2017-06-18 00:39:27,LOWER MERION,MONTGOMERY AVE & N MERION AVE,1
40.2524809,-75.4632719,MAIN ST & PERKIOMEN AVE; SCHWENKSVILLE; 2017-03-13 @ 19:40:33;,19473,Traffic: VEHICLE ACCIDENT -,2017-03-13 19:40:33,SCHWENKSVILLE,MAIN ST & PERKIOMEN AVE,1
40.0050309,-75.2321218,BALA AVE & N HIGHLAND AVE; LOWER MERION; 2018-09-05 @ 19:32:44-Station:STA28;,19004,Fire: FIRE ALARM,2018-09-05 19:32:44,LOWER MERION,BALA AVE & N HIGHLAND AVE,1
40.2552707,-75.3407218,WOODS DR & DETWILER RD;  TOWAMENCIN; Station 345B; 2020-05-12 @ 19:37:11;,19446,EMS: FALL VICTIM,2020-05-12 19:37:11,TOWAMENCIN,WOODS DR & DETWILER RD,1
40.1032424,-75.0640451,BERTRAM RD & ANDREW RD;  ABINGTON; Station 382; 2016-12-31 @ 21:34:40;,19006,EMS: UNRESPONSIVE SUBJECT,2016-12-31 21:34:40,ABINGTON,BERTRAM RD & ANDREW RD,1
40.4030729,-75.4998641,MAIN ST & CHURCH ST;  PENNSBURG; Station 369; 2019-11-04 @ 13:13:01;,18041,EMS: ALTERED MENTAL STATUS,2019-11-04 13:13:01,PENNSBURG,MAIN ST & CHURCH ST,1
40.2510757,-75.6535248,2ND ST & JOHNSON ST; POTTSTOWN; 2018-09-16 @ 17:35:38-Station:STA69;,19464,Fire: FIRE ALARM,2018-09-16 17:35:38,POTTSTOWN,2ND ST & JOHNSON ST,1
40.1286696,-75.0809108,DEERPATH RD & INVERNESS LN;  LOWER MORELAND; Station 355; 2020-03-22 @ 13:03:39;,19006,EMS: ABDOMINAL PAINS,2020-03-22 13:03:39,LOWER MORELAND,DEERPATH RD & INVERNESS LN,1
40.2362118,-75.4786461,RT422  & RAMP RT422 WB TO TOWNSHIP LINE RD; LIMERICK; 2019-05-21 @ 00:49:47;,,Traffic: DISABLED VEHICLE -,2019-05-21 00:49:47,LIMERICK,RT422  & RAMP RT422 WB TO TOWNSHIP LINE RD,1
40.1207984,-75.3407041,SWEDE ST & W ELM ST;  NORRISTOWN; Station 308A; 2019-03-04 @ 10:06:55;,19401,EMS: DIABETIC EMERGENCY,2019-03-04 10:06:55,NORRISTOWN,SWEDE ST & W ELM ST,1
40.2576508,-75.6622418,ROBINSON ST & TUCKER CT;  POTTSTOWN; Station 329; 2017-04-04 @ 15:52:39;,19464,EMS: CVA/STROKE,2017-04-04 15:52:39,POTTSTOWN,ROBINSON ST & TUCKER CT,1
40.1003438,-75.2939548,CHEMICAL RD & GALLAGHER RD; PLYMOUTH; 2017-04-27 @ 12:45:24;,19462,Traffic: DISABLED VEHICLE -,2017-04-27 12:45:24,PLYMOUTH,CHEMICAL RD & GALLAGHER RD,1
40.1058897,-75.0847407,HUNTINGDON PIKE & MOREDON RD;  ABINGTON; Station 382; 2017-12-27 @ 07:26:34;,19006,EMS: SEIZURES,2017-12-27 07:26:34,ABINGTON,HUNTINGDON PIKE & MOREDON RD,1
40.1059345,-75.2258308,VALLEY GREEN RD & CRICKET RD;  WHITEMARSH; Station 318; 2017-10-29 @ 14:23:45;,19031,EMS: FALL VICTIM,2017-10-29 14:23:45,WHITEMARSH,VALLEY GREEN RD & CRICKET RD,1
40.2482782,-75.6548651,CHESTNUT ST & MANATAWNY ST;  POTTSTOWN; Station 329; 2017-09-16 @ 00:50:57;,19464,EMS: SUBJECT IN PAIN,2017-09-16 00:50:57,POTTSTOWN,CHESTNUT ST & MANATAWNY ST,1
40.2794736,-75.3877094,MAIN ST & MAPLE AVE;  LOWER SALFORD; Station 344; 2017-10-25 @ 16:51:04;,19438,EMS: NAUSEA/VOMITING,2017-10-25 16:51:04,LOWER SALFORD,MAIN ST & MAPLE AVE,1
40.2549410,-75.4637163,MAIN ST & CHURCH ST; SCHWENKSVILLE; 2018-11-10 @ 10:12:21-Station:STA73;,19473,Fire: FIRE SPECIAL SERVICE,2018-11-10 10:12:21,SCHWENKSVILLE,MAIN ST & CHURCH ST,1
40.1007482,-75.2151078,WISSAHICKON AVE & ROSE LN;  SPRINGFIELD; Station 351A; 2019-07-06 @ 10:00:15;,19031,EMS: CARDIAC EMERGENCY,2019-07-06 10:00:15,SPRINGFIELD,WISSAHICKON AVE & ROSE LN,1
40.2528619,-75.2065384,COUNTY LINE RD & STUMP RD; MONTGOMERY; 2017-02-13 @ 15:57:52;,19454,Traffic: DISABLED VEHICLE -,2017-02-13 15:57:52,MONTGOMERY,COUNTY LINE RD & STUMP RD,1
40.0972222,-75.3761952,SCHUYLKILL EXPY & WEADLEY RD OVERPASS; UPPER MERION; 2017-02-18 @ 11:47:55;,,Traffic: VEHICLE ACCIDENT -,2017-02-18 11:47:55,UPPER MERION,SCHUYLKILL EXPY & WEADLEY RD OVERPASS,1
40.1533049,-75.2014598,LOCH ALSH AVE & SPARK DR;  UPPER DUBLIN; Station 351; 2019-01-11 @ 15:52:10;,19034,EMS: EMS SPECIAL SERVICE,2019-01-11 15:52:10,UPPER DUBLIN,LOCH ALSH AVE & SPARK DR,1
40.0192980,-75.3171550,500  ; LOWER MERION; 2020-06-03 @ 12:23:39;,19010,Traffic: ROAD OBSTRUCTION -,2020-06-03 12:23:39,LOWER MERION,500,1
40.2890267,-75.3995896,MAIN ST & OLD SUMNEYTOWN PIKE;  LOWER SALFORD; Station 344; 2020-03-04 @ 08:14:54;,19438,EMS: GENERAL WEAKNESS,2020-03-04 08:14:54,LOWER SALFORD,MAIN ST & OLD SUMNEYTOWN PIKE,1
40.2897645,-75.2693082,BETHLEHEM PIKE;  HATFIELD TOWNSHIP; Station 345; 2019-06-10 @ 07:38:28;,,EMS: VEHICLE ACCIDENT,2019-06-10 07:38:28,HATFIELD TOWNSHIP,BETHLEHEM PIKE,1
40.1384557,-75.4668855,WILLOWWOOD DR & PIN OAKS DR;  UPPER PROVIDENCE; Station 322A; 2017-10-02 @ 08:02:55;,19460,EMS: FALL VICTIM,2017-10-02 08:02:55,UPPER PROVIDENCE,WILLOWWOOD DR & PIN OAKS DR,1
40.1383653,-75.0252490,LEVY LN & ROY LN; LOWER MORELAND; 2017-05-16 @ 15:10:20-Station:STA8;,19006,Fire: FIRE ALARM,2017-05-16 15:10:20,LOWER MORELAND,LEVY LN & ROY LN,1
40.1421443,-75.0912144,TERWOOD RD & EDGEHILL RD; UPPER MORELAND; 2018-10-10 @ 15:51:48;,19006,Traffic: DISABLED VEHICLE -,2018-10-10 15:51:48,UPPER MORELAND,TERWOOD RD & EDGEHILL RD,1
40.1566208,-75.4113257,EAGLEVILLE RD & SUNDERLAND DR;  LOWER PROVIDENCE; Station 322; 2016-01-25 @ 23:17:50;,19403,EMS: CARDIAC EMERGENCY,2016-01-25 23:17:50,LOWER PROVIDENCE,EAGLEVILLE RD & SUNDERLAND DR,1
40.2814456,-75.6422000,FARMINGTON AVE; UPPER POTTSGROVE; 2017-01-30 @ 18:24:33-Station:STA79;,19464,Fire: VEHICLE ACCIDENT,2017-01-30 18:24:33,UPPER POTTSGROVE,FARMINGTON AVE,1
40.3305544,-75.6238893,MONTGOMERY AVE & E 6TH ST;  DOUGLASS; Station 332; 2016-11-30 @ 09:07:25;,19512,EMS: OVERDOSE,2016-11-30 09:07:25,DOUGLASS,MONTGOMERY AVE & E 6TH ST,1
40.1156920,-75.3475730,MAIN ST & BARBADOES ST;  NORRISTOWN; Station 308A; 2019-08-02 @ 00:19:27;,19401,EMS: OVERDOSE,2019-08-02 00:19:27,NORRISTOWN,MAIN ST & BARBADOES ST,1
40.2353958,-75.2703647,CLEAR SPRING RD & HIGHLAND RD;  LANSDALE; Station 345; 2017-01-17 @ 23:20:17;,19446,EMS: RESPIRATORY EMERGENCY,2017-01-17 23:20:17,LANSDALE,CLEAR SPRING RD & HIGHLAND RD,1
40.0059534,-75.2443500,MONTGOMERY AVE & PARSONS AVE; LOWER MERION; 2017-06-19 @ 20:25:55;,19004,Traffic: VEHICLE FIRE -,2017-06-19 20:25:55,LOWER MERION,MONTGOMERY AVE & PARSONS AVE,1
40.1498098,-75.0349187,COUNTY LINE RD & BOBWHITE LN; LOWER MORELAND; 2019-03-18 @ 15:36:54;,19006,Traffic: VEHICLE ACCIDENT -,2019-03-18 15:36:54,LOWER MORELAND,COUNTY LINE RD & BOBWHITE LN,1
40.2566279,-75.2612699,LINE ST & COWPATH RD; HATFIELD TOWNSHIP; 2017-07-15 @ 13:21:56-Station:STA12;,19446,Fire: CARBON MONOXIDE DETECTOR,2017-07-15 13:21:56,HATFIELD TOWNSHIP,LINE ST & COWPATH RD,1
40.0249667,-75.2829046,MATSONS FORD RD & RAMP I476 SB TO MATSONFORD; LOWER MERION; 2016-04-12 @ 02:13:19-Station:STA23;,,Fire: FIRE ALARM,2016-04-12 02:13:19,LOWER MERION,MATSONS FORD RD & RAMP I476 SB TO MATSONFORD,1
40.1913788,-75.3310159,SKIPPACK PIKE & WEBER RD;  WORCESTER; Station 336; 2017-12-30 @ 18:49:58;,19446,EMS: FALL VICTIM,2017-12-30 18:49:58,WORCESTER,SKIPPACK PIKE & WEBER RD,1
40.2007702,-75.3460505,EXTENSION PENNSYLVANIA TPKE & BETHEL RD OVERPASS; WORCESTER; 2018-05-14 @ 16:27:56;,19446,Traffic: VEHICLE ACCIDENT -,2018-05-14 16:27:56,WORCESTER,EXTENSION PENNSYLVANIA TPKE & BETHEL RD OVERPASS,1
40.0972222,-75.3761952,SCHUYLKILL EXPY & RAMP S GULPH RD TO I76 EB; UPPER MERION; 2020-02-13 @ 16:15:46;,,Traffic: VEHICLE ACCIDENT -,2020-02-13 16:15:46,UPPER MERION,SCHUYLKILL EXPY & RAMP S GULPH RD TO I76 EB,1
40.2564808,-75.2922133,PEACEFUL LN & SQUIRREL LN; HATFIELD TOWNSHIP; 2018-09-28 @ 08:46:34;,19440,Traffic: VEHICLE ACCIDENT -,2018-09-28 08:46:34,HATFIELD TOWNSHIP,PEACEFUL LN & SQUIRREL LN,1
40.0097139,-75.2555052,MONTGOMERY AVE & MAPLEWOOD AVE;  LOWER MERION; Station 313; 2019-01-22 @ 16:13:38;,19072,EMS: SYNCOPAL EPISODE,2019-01-22 16:13:38,LOWER MERION,MONTGOMERY AVE & MAPLEWOOD AVE,1
40.1330371,-75.4084631,SHANNONDELL DR & SHANNONDELL BLVD;  LOWER PROVIDENCE; Station 322A; 2019-09-17 @ 14:49:28;,19403,EMS: MEDICAL ALERT ALARM,2019-09-17 14:49:28,LOWER PROVIDENCE,SHANNONDELL DR & SHANNONDELL BLVD,1
40.0829494,-75.3691026,CHURCH RD & HILLSIDE RD;  UPPER MERION; Station 356; 2019-09-16 @ 20:07:02;,19406,EMS: HEAD INJURY,2019-09-16 20:07:02,UPPER MERION,CHURCH RD & HILLSIDE RD,1
40.2479820,-75.6523913,CHESTNUT ST & N YORK ST;  POTTSTOWN; Station 329; 2020-03-12 @ 15:02:45;,19464,EMS: NAUSEA/VOMITING,2020-03-12 15:02:45,POTTSTOWN,CHESTNUT ST & N YORK ST,1
40.1585225,-75.2763517,SKIPPACK PIKE; WHITPAIN; 2016-10-19 @ 14:57:00-Station:STA33;,,Fire: VEHICLE ACCIDENT,2016-10-19 14:57:00,WHITPAIN,SKIPPACK PIKE,1
40.2514920,-75.6033497,ARMAND HAMMER BLVD & RR UNDERPASS; LOWER POTTSGROVE; 2017-04-08 @ 12:25:56;,,Traffic: VEHICLE ACCIDENT -,2017-04-08 12:25:56,LOWER POTTSGROVE,ARMAND HAMMER BLVD & RR UNDERPASS,1
40.1210088,-75.3506007,MARSHALL ST & KOHN ST;  NORRISTOWN; Station 308A; 2019-01-18 @ 14:32:40;,19401,EMS: FALL VICTIM,2019-01-18 14:32:40,NORRISTOWN,MARSHALL ST & KOHN ST,1
40.1313132,-75.2320318,SKIPPACK PIKE & SHEAFF LN;  WHITEMARSH; Station 318; 2019-03-14 @ 15:42:19;,19002,EMS: SEIZURES,2019-03-14 15:42:19,WHITEMARSH,SKIPPACK PIKE & SHEAFF LN,1
40.1262960,-75.3489930,STANBRIDGE ST & BEECH ST;  NORRISTOWN; Station 308A; 2016-01-16 @ 05:46:47;,19401,EMS: UNCONSCIOUS SUBJECT,2016-01-16 05:46:47,NORRISTOWN,STANBRIDGE ST & BEECH ST,1
40.2309343,-75.5221245,LIGHTCAP RD & SANATOGA SPRINGS DR; LIMERICK; 2016-10-11 @ 11:13:40;,19468,Traffic: VEHICLE ACCIDENT -,2016-10-11 11:13:40,LIMERICK,LIGHTCAP RD & SANATOGA SPRINGS DR,1
40.2593339,-75.6362937,SPRUCE ST & UNNAMED ALY;  POTTSTOWN; Station 329; 2019-11-22 @ 08:48:55;,19464,EMS: ALTERED MENTAL STATUS,2019-11-22 08:48:55,POTTSTOWN,SPRUCE ST & UNNAMED ALY,1
40.0776171,-75.4049591,COUNTY LINE RD & DEVON PARK DR; UPPER MERION; 2019-07-17 @ 15:44:26;,19087,Traffic: VEHICLE ACCIDENT -,2019-07-17 15:44:26,UPPER MERION,COUNTY LINE RD & DEVON PARK DR,1
40.0692669,-75.3334126,SCHUYLKILL EXPY & RAMP I76 WB TO BALLIGOMINGO RD; UPPER MERION; 2016-12-12 @ 22:44:39;,,Traffic: DISABLED VEHICLE -,2016-12-12 22:44:39,UPPER MERION,SCHUYLKILL EXPY & RAMP I76 WB TO BALLIGOMINGO RD,1
40.2942412,-75.3616897,MOYER RD & HALTEMAN RD;  FRANCONIA; Station 344; 2017-11-15 @ 01:43:17;,18964,EMS: VEHICLE ACCIDENT,2017-11-15 01:43:17,FRANCONIA,MOYER RD & HALTEMAN RD,1
40.1085206,-75.1115215,RYDAL RD; ABINGTON; 2018-04-16 @ 10:34:54-Station:STA100;,19046,Fire: ELECTRICAL FIRE OUTSIDE,2018-04-16 10:34:54,ABINGTON,RYDAL RD,1
40.1999485,-75.4308712,MILL RD & COLLEGEVILLE RD; SKIPPACK; 2018-08-19 @ 18:37:55;,19426,Traffic: DISABLED VEHICLE -,2018-08-19 18:37:55,SKIPPACK,MILL RD & COLLEGEVILLE RD,1
40.2514920,-75.6033497,RT422 BYP & RR UNDERPASS; LOWER POTTSGROVE; 2018-06-04 @ 10:29:21;,,Traffic: DISABLED VEHICLE -,2018-06-04 10:29:21,LOWER POTTSGROVE,RT422 BYP & RR UNDERPASS,1
40.3206992,-75.3351734,4TH ST & ERIE AVE;  TELFORD; Station 339; 2016-10-01 @ 22:43:58;,18969,EMS: UNKNOWN MEDICAL EMERGENCY,2016-10-01 22:43:58,TELFORD,4TH ST & ERIE AVE,1
40.1512088,-75.2208707,ORANGE AVE & S SPRING GARDEN ST; AMBLER; 2016-06-18 @ 21:54:05;,19002,Traffic: VEHICLE ACCIDENT -,2016-06-18 21:54:05,AMBLER,ORANGE AVE & S SPRING GARDEN ST,1
40.086567,-75.166432,EASTON RD & RAMP S EASTON RD TO RT309 SB; CHELTENHAM; 2017-09-15 @ 13:45:53-Station:STA1;,,Fire: FIRE ALARM,2017-09-15 13:45:53,CHELTENHAM,EASTON RD & RAMP S EASTON RD TO RT309 SB,1
40.1533054,-75.2605519,VILLAGE CIR;  WHITPAIN; Station 385; 2018-03-02 @ 16:27:21;,19422,EMS: VEHICLE ACCIDENT,2018-03-02 16:27:21,WHITPAIN,VILLAGE CIR,1
40.2605317,-75.3995089,LANDIS RD & GRAYSON LN;  LOWER SALFORD; Station 344; 2018-03-21 @ 10:49:16;,,EMS: HEMORRHAGING,2018-03-21 10:49:16,LOWER SALFORD,LANDIS RD & GRAYSON LN,1
40.1566208,-75.4113257,EAGLEVILLE RD & SUNDERLAND DR;  LOWER PROVIDENCE; Station 322; 2019-02-22 @ 02:33:07;,19403,EMS: SEIZURES,2019-02-22 02:33:07,LOWER PROVIDENCE,EAGLEVILLE RD & SUNDERLAND DR,1
40.1550603,-75.1022513,DAVISVILLE RD & PENNYPACK RD;  UPPER MORELAND; Station 381; 2018-01-21 @ 11:22:22;,19040,EMS: HEAD INJURY,2018-01-21 11:22:22,UPPER MORELAND,DAVISVILLE RD & PENNYPACK RD,1
40.1335723,-75.4515182,EGYPT RD & CRESSON BLVD; UPPER PROVIDENCE; 2016-07-22 @ 15:03:07;,19426,Traffic: VEHICLE ACCIDENT -,2016-07-22 15:03:07,UPPER PROVIDENCE,EGYPT RD & CRESSON BLVD,1
40.1897099,-75.4548090,MAIN ST & CLAMER AVE;  COLLEGEVILLE; Station 324; 2017-10-31 @ 12:52:18;,19426,EMS: HEAD INJURY,2017-10-31 12:52:18,COLLEGEVILLE,MAIN ST & CLAMER AVE,1
40.0782759,-75.2498518,RIDGE PIKE & BARREN HILL RD;  WHITEMARSH; Station 318; 2020-02-18 @ 12:50:34;,19444,EMS: SUBJECT IN PAIN,2020-02-18 12:50:34,WHITEMARSH,RIDGE PIKE & BARREN HILL RD,1
40.1481158,-75.2125132,BETHLEHEM PIKE & S BETHLEHEM PIKE; UPPER DUBLIN; 2016-06-03 @ 15:40:23;,19002,Traffic: VEHICLE ACCIDENT -,2016-06-03 15:40:23,UPPER DUBLIN,BETHLEHEM PIKE & S BETHLEHEM PIKE,1
40.0893283,-75.1317412,WASHINGTON LN & TOWNSHIP LINE RD;  CHELTENHAM; Station 358A; 2018-04-22 @ 23:41:13;,19095,EMS: CARDIAC EMERGENCY,2018-04-22 23:41:13,CHELTENHAM,WASHINGTON LN & TOWNSHIP LINE RD,1
40.1452388,-75.1122687,DAVISVILLE RD & EVERETT AVE; UPPER MORELAND; 2017-12-15 @ 15:57:12;,19090,Traffic: VEHICLE ACCIDENT -,2017-12-15 15:57:12,UPPER MORELAND,DAVISVILLE RD & EVERETT AVE,1
40.1295380,-75.3246363,JOHNSON HWY & DEKALB ST;  EAST NORRITON; Station 308; 2016-04-24 @ 01:26:53;,19401,EMS: CARDIAC EMERGENCY,2016-04-24 01:26:53,EAST NORRITON,JOHNSON HWY & DEKALB ST,1
40.1847975,-75.2868790,TWIN SILO DR & MORRIS RD;  WHITPAIN; Station 385; 2018-11-07 @ 08:53:09;,19422,EMS: CARDIAC EMERGENCY,2018-11-07 08:53:09,WHITPAIN,TWIN SILO DR & MORRIS RD,1
40.2621320,-75.3684071,MAIN ST & RUTH CT; LOWER SALFORD; 2019-09-03 @ 08:14:00;,19438,Traffic: VEHICLE ACCIDENT -,2019-09-03 08:14:00,LOWER SALFORD,MAIN ST & RUTH CT,1
40.2313546,-75.6329640,SCHUYLKILL RD & PARK DR;  CHESTER COUNTY; Station 3A84; 2017-04-09 @ 05:45:32;,19465,EMS: FALL VICTIM,2017-04-09 05:45:32,CHESTER COUNTY,SCHUYLKILL RD & PARK DR,1
40.0812601,-75.1370254,LIMEKILN PIKE & RT309 EXPY SB; CHELTENHAM; 2016-04-06 @ 19:05:30;,,Traffic: DISABLED VEHICLE -,2016-04-06 19:05:30,CHELTENHAM,LIMEKILN PIKE & RT309 EXPY SB,1
40.0855923,-75.3912204,GULPH RD & KIRK AVE;  UPPER MERION; Station 317; 2018-03-10 @ 15:18:15;,19406,EMS: SUBJECT IN PAIN,2018-03-10 15:18:15,UPPER MERION,GULPH RD & KIRK AVE,1
40.3400721,-75.5917092,BARTMAN AVE & CENTER AVE;  DOUGLASS; Station 332; 2016-10-04 @ 21:31:34;,,EMS: GENERAL WEAKNESS,2016-10-04 21:31:34,DOUGLASS,BARTMAN AVE & CENTER AVE,1
40.0091173,-75.2703636,SABINE AVE & N WYNNEWOOD AVE; NARBERTH; 2019-07-17 @ 23:44:59;,19096,Traffic: ROAD OBSTRUCTION -,2019-07-17 23:44:59,NARBERTH,SABINE AVE & N WYNNEWOOD AVE,1
40.2164792,-75.1469296,COUNTY LINE RD & TITUS AVE; BUCKS COUNTY; 2016-04-07 @ 06:27:07;,18976,Traffic: ROAD OBSTRUCTION -,2016-04-07 06:27:07,BUCKS COUNTY,COUNTY LINE RD & TITUS AVE,1
40.0989357,-75.1258684,YORK RD & HILLSIDE AVE;  JENKINTOWN; Station 382; 2019-08-19 @ 14:25:25;,19046,EMS: FALL VICTIM,2019-08-19 14:25:25,JENKINTOWN,YORK RD & HILLSIDE AVE,1
40.0012492,-75.2345406,UNION AVE & CHERRY LN; LOWER MERION; 2017-12-01 @ 14:03:15-Station:STA28;,19004,Fire: GAS-ODOR/LEAK,2017-12-01 14:03:15,LOWER MERION,UNION AVE & CHERRY LN,1
40.0761932,-75.1496152,WASHINGTON LN & LUCRETIA MOTT WAY; CHELTENHAM; 2019-12-29 @ 11:10:54;,19027,Traffic: VEHICLE ACCIDENT -,2019-12-29 11:10:54,CHELTENHAM,WASHINGTON LN & LUCRETIA MOTT WAY,1
40.1265790,-75.3705210,HANCOCK AVE & SHERIDAN LN; WEST NORRITON; 2019-09-17 @ 20:19:00;,19403,Traffic: VEHICLE ACCIDENT -,2019-09-17 20:19:00,WEST NORRITON,HANCOCK AVE & SHERIDAN LN,1
40.1160673,-75.1569174,JENKINTOWN RD & MONROE AVE; ABINGTON; 2017-05-17 @ 17:54:40;,19038,Traffic: VEHICLE ACCIDENT -,2017-05-17 17:54:40,ABINGTON,JENKINTOWN RD & MONROE AVE,1
40.2387314,-75.5784013,EVERGREEN RD & RAMP RT422 WB TO EVERGREEN RD; LIMERICK; 2019-01-29 @ 17:05:00;,19464,Traffic: VEHICLE ACCIDENT -,2019-01-29 17:05:00,LIMERICK,EVERGREEN RD & RAMP RT422 WB TO EVERGREEN RD,1
40.1035206,-75.3842580,CALEY RD & W VALLEY FORGE RD; UPPER MERION; 2018-12-10 @ 08:16:44;,19406,Traffic: VEHICLE ACCIDENT -,2018-12-10 08:16:44,UPPER MERION,CALEY RD & W VALLEY FORGE RD,1
40.1194760,-75.2471430,STENTON AVE & MILITIA HILL RD;  WHITEMARSH; Station 318; 2018-12-19 @ 13:44:28;,19034,EMS: ALTERED MENTAL STATUS,2018-12-19 13:44:28,WHITEMARSH,STENTON AVE & MILITIA HILL RD,1
40.1977430,-75.1160348,COUNTY LINE RD & MEETINGHOUSE RD;  HORSHAM; Station 352; 2018-02-11 @ 21:06:28;,19040,EMS: CARDIAC EMERGENCY,2018-02-11 21:06:28,HORSHAM,COUNTY LINE RD & MEETINGHOUSE RD,1
40.1626490,-75.2169847,BETHLEHEM PIKE & VALLEY BROOK RD;  AMBLER; Station 351; 2018-12-06 @ 14:23:23;,19002,EMS: RESPIRATORY EMERGENCY,2018-12-06 14:23:23,AMBLER,BETHLEHEM PIKE & VALLEY BROOK RD,1
40.0710106,-75.1527259,CHELTENHAM AVE; CHELTENHAM; 2019-03-07 @ 20:08:08-Station:STA1;,,Fire: BUILDING FIRE,2019-03-07 20:08:08,CHELTENHAM,CHELTENHAM AVE,1
40.2256862,-75.2857441,CHURCH RD & PENNBROOK PKWY; UPPER GWYNEDD; 2017-01-22 @ 07:48:43;,19454,Traffic: VEHICLE ACCIDENT -,2017-01-22 07:48:43,UPPER GWYNEDD,CHURCH RD & PENNBROOK PKWY,1
40.1162255,-75.2412555,POWDERHORN RD & OLD EAGLE LN;  WHITEMARSH; Station 318; 2016-07-17 @ 04:22:25;,19034,EMS: RESPIRATORY EMERGENCY,2016-07-17 04:22:25,WHITEMARSH,POWDERHORN RD & OLD EAGLE LN,1
40.0883783,-75.1365252,E GLENSIDE AVE & HEACOCK LN; CHELTENHAM; 2019-10-13 @ 05:19:36;,19095,Traffic: VEHICLE ACCIDENT -,2019-10-13 05:19:36,CHELTENHAM,E GLENSIDE AVE & HEACOCK LN,1
40.2614383,-75.2509991,BETHLEHEM PIKE & JUGHANDLE;  MONTGOMERY; Station 345A; 2020-02-02 @ 11:41:32;,18915,EMS: OVERDOSE,2020-02-02 11:41:32,MONTGOMERY,BETHLEHEM PIKE & JUGHANDLE,1
40.2408119,-75.2845065,JENKINS AVE & S BROAD ST; LANSDALE; 2020-06-03 @ 12:15:44-Station:STA14;,19446,Fire: FIRE ALARM,2020-06-03 12:15:44,LANSDALE,JENKINS AVE & S BROAD ST,1
40.1614701,-75.1301588,MARYLAND RD & COMMERCE AVE; UPPER MORELAND; 2019-10-26 @ 13:56:09-Station:STA10;,19090,Fire: FIRE INVESTIGATION,2019-10-26 13:56:09,UPPER MORELAND,MARYLAND RD & COMMERCE AVE,1
40.1074003,-75.1132060,THE FAIRWAY  & RYDAL RD;  ABINGTON; Station 382; 2017-10-26 @ 10:46:33;,19046,EMS: DIZZINESS,2017-10-26 10:46:33,ABINGTON,THE FAIRWAY  & RYDAL RD,1
40.2582531,-75.2482301,BETHLEHEM PIKE & TAYLOR RD;  MONTGOMERY; Station 345; 2016-01-31 @ 05:05:27;,19446,EMS: HEAD INJURY,2016-01-31 05:05:27,MONTGOMERY,BETHLEHEM PIKE & TAYLOR RD,1
40.1824908,-75.0902100,E COUNTY LINE RD & N WARMINSTER RD; UPPER MORELAND; 2017-02-09 @ 18:05:18;,18974,Traffic: VEHICLE ACCIDENT -,2017-02-09 18:05:18,UPPER MORELAND,E COUNTY LINE RD & N WARMINSTER RD,1
40.3249920,-75.3281748,LUTHERAN HOME DR & DEAD END;  TELFORD; Station 339; 2020-06-18 @ 15:20:35;,,EMS: NAUSEA/VOMITING,2020-06-18 15:20:35,TELFORD,LUTHERAN HOME DR & DEAD END,1
40.2290075,-75.3878525,5TH ST & DEAD END;  BERKS COUNTY; Station EMS; 2016-11-11 @ 22:09:10;,,EMS: ASSAULT VICTIM,2016-11-11 22:09:10,BERKS COUNTY,5TH ST & DEAD END,1
40.1082672,-75.3062326,RAMP I476 NB TO CHEMICAL RD & BLUEROUTE NB; PLYMOUTH; 2016-06-21 @ 08:02:57;,,Traffic: VEHICLE ACCIDENT -,2016-06-21 08:02:57,PLYMOUTH,RAMP I476 NB TO CHEMICAL RD & BLUEROUTE NB,1
40.2642269,-75.6290857,CHARLOTTE ST & MERVINE ST; UPPER POTTSGROVE; 2017-09-01 @ 13:19:46;,19464,Traffic: VEHICLE ACCIDENT -,2017-09-01 13:19:46,UPPER POTTSGROVE,CHARLOTTE ST & MERVINE ST,1
40.2559428,-75.6339983,N WASHINGTON ST;  POTTSTOWN; Station 329; 2016-02-23 @ 15:32:34;,19464,EMS: VEHICLE ACCIDENT,2016-02-23 15:32:34,POTTSTOWN,N WASHINGTON ST,1
40.1089740,-75.2138303,BETHLEHEM PIKE & SPRINGFIELD AVE;  SPRINGFIELD; Station 311; 2017-12-13 @ 16:16:10;,19031,EMS: CARDIAC EMERGENCY,2017-12-13 16:16:10,SPRINGFIELD,BETHLEHEM PIKE & SPRINGFIELD AVE,1
40.1723141,-75.4927278,MILL RD & DEAD END; UPPER PROVIDENCE; 2016-10-07 @ 20:04:24-Station:STA99;,,Fire: ELECTRICAL FIRE OUTSIDE,2016-10-07 20:04:24,UPPER PROVIDENCE,MILL RD & DEAD END,1
40.0874758,-75.2680472,ANDORRA GLEN CT & CRABAPPLE DR;  WHITEMARSH; Station 318; 2016-06-17 @ 10:56:32;,19444,EMS: GAS-ODOR/LEAK,2016-06-17 10:56:32,WHITEMARSH,ANDORRA GLEN CT & CRABAPPLE DR,1
40.1270474,-75.4330200,AUDUBON VILLAGE DR & PAWLINGS RD; LOWER PROVIDENCE; 2019-08-15 @ 16:27:41;,19403,Traffic: VEHICLE ACCIDENT -,2019-08-15 16:27:41,LOWER PROVIDENCE,AUDUBON VILLAGE DR & PAWLINGS RD,1
40.1165291,-75.1687182,CHELSEA AVE & WALNUT AVE;  UPPER DUBLIN; Station 383; 2017-05-15 @ 10:58:12;,19038,EMS: RESPIRATORY EMERGENCY,2017-05-15 10:58:12,UPPER DUBLIN,CHELSEA AVE & WALNUT AVE,1
40.1414828,-75.1171420,MORELAND RD & EASTON RD; ABINGTON; 2018-09-19 @ 22:31:16-Station:STA500;,19090,Fire: FIRE ALARM,2018-09-19 22:31:16,ABINGTON,MORELAND RD & EASTON RD,1
40.1654058,-75.0879921,DAMIAN DR & DAVISVILLE RD;  UPPER MORELAND; Station 384; 2016-08-26 @ 16:43:37;,19040,EMS: HEAD INJURY,2016-08-26 16:43:37,UPPER MORELAND,DAMIAN DR & DAVISVILLE RD,1
40.2765951,-75.3342215,ALLENTOWN RD;  FRANCONIA; Station 339; 2017-10-22 @ 00:37:26;,18964,EMS: VEHICLE ACCIDENT,2017-10-22 00:37:26,FRANCONIA,ALLENTOWN RD,1
40.2598503,-75.2556033,BRIDLE PATH RD & GREENBRIAR RD;  MONTGOMERY; Station 345; 2019-05-29 @ 13:19:34;,19446,EMS: CARDIAC EMERGENCY,2019-05-29 13:19:34,MONTGOMERY,BRIDLE PATH RD & GREENBRIAR RD,1
40.1656794,-75.4744684,COLLEGEVILLE RD & ARCOLA RD;  UPPER PROVIDENCE; Station 324; 2020-06-09 @ 11:44:10;,19426,EMS: ALTERED MENTAL STATUS,2020-06-09 11:44:10,UPPER PROVIDENCE,COLLEGEVILLE RD & ARCOLA RD,1
40.1731181,-75.1864998,CHATHAM CT & MANCHESTER DR;  UPPER DUBLIN; Station 351; 2018-11-27 @ 05:29:15;,19002,EMS: UNKNOWN MEDICAL EMERGENCY,2018-11-27 05:29:15,UPPER DUBLIN,CHATHAM CT & MANCHESTER DR,1
40.1130613,-75.1192289,SUSQUEHANNA RD & HUNTINGDON RD;  ABINGTON; Station 381; 2017-09-05 @ 07:02:45;,19046,EMS: HEMORRHAGING,2017-09-05 07:02:45,ABINGTON,SUSQUEHANNA RD & HUNTINGDON RD,1
40.1723141,-75.4927278,RT422  & TROUTMAN RD UNDERPASS; UPPER PROVIDENCE; 2018-08-25 @ 00:50:31;,,Traffic: DISABLED VEHICLE -,2018-08-25 00:50:31,UPPER PROVIDENCE,RT422  & TROUTMAN RD UNDERPASS,1
40.1167657,-75.3200335,PLYMOUTH BLVD & WALNUT LN;  PLYMOUTH; Station 308; 2016-09-17 @ 07:13:21;,19401,EMS: ABDOMINAL PAINS,2016-09-17 07:13:21,PLYMOUTH,PLYMOUTH BLVD & WALNUT LN,1
40.2228820,-75.3987889,PRISON RD & PIGGERY RD;  SKIPPACK; Station 336; 2017-08-21 @ 08:39:18;,,EMS: RESPIRATORY EMERGENCY,2017-08-21 08:39:18,SKIPPACK,PRISON RD & PIGGERY RD,1
40.1032150,-75.0858792,HUNTINGDON PIKE & MEETINGHOUSE RD; ABINGTON; 2020-03-24 @ 14:59:47;,19046,Traffic: VEHICLE ACCIDENT -,2020-03-24 14:59:47,ABINGTON,HUNTINGDON PIKE & MEETINGHOUSE RD,1
40.1403248,-75.0981869,EDGEHILL RD & OVERLOOK AVE; UPPER MORELAND; 2016-03-25 @ 14:46:08;,19090,Traffic: DISABLED VEHICLE -,2016-03-25 14:46:08,UPPER MORELAND,EDGEHILL RD & OVERLOOK AVE,1
40.1330371,-75.4084631,SHANNONDELL DR & SHANNONDELL BLVD;  LOWER PROVIDENCE; Station 322A; 2016-02-22 @ 10:31:19;,19403,EMS: MEDICAL ALERT ALARM,2016-02-22 10:31:19,LOWER PROVIDENCE,SHANNONDELL DR & SHANNONDELL BLVD,1
40.1317624,-75.1371555,WOODLAND RD & ST CHARLES PL;  ABINGTON; Station 381; 2019-08-29 @ 18:28:52;,19001,EMS: CARDIAC EMERGENCY,2019-08-29 18:28:52,ABINGTON,WOODLAND RD & ST CHARLES PL,1
40.0769151,-75.3746644,FALCON RD & BOB WHITE RD; UPPER MERION; 2016-07-20 @ 20:18:38-Station:STA47;,19087,Fire: UNKNOWN TYPE FIRE,2016-07-20 20:18:38,UPPER MERION,FALCON RD & BOB WHITE RD,1
40.1564481,-75.1220797,EASTON RD & ANDREA DR;  UPPER MORELAND; Station 381; 2016-01-14 @ 07:17:54;,19090,EMS: CARDIAC EMERGENCY,2016-01-14 07:17:54,UPPER MORELAND,EASTON RD & ANDREA DR,1
40.1152233,-75.1041247,RYDAL RD & WOODLAND RD; ABINGTON; 2018-08-15 @ 16:32:50;,19046,Traffic: VEHICLE ACCIDENT -,2018-08-15 16:32:50,ABINGTON,RYDAL RD & WOODLAND RD,1
40.1214076,-75.3502155,KOHN ST & W BLACKBERRY ALY;  NORRISTOWN; Station 308A; 2018-08-02 @ 09:59:03;,19401,EMS: APPLIANCE FIRE,2018-08-02 09:59:03,NORRISTOWN,KOHN ST & W BLACKBERRY ALY,1
40.3145677,-75.3400812,TELFORD PIKE & COWPATH RD;  FRANCONIA; Station 339; 2016-07-11 @ 18:41:04;,18964,EMS: RESPIRATORY EMERGENCY,2016-07-11 18:41:04,FRANCONIA,TELFORD PIKE & COWPATH RD,1
40.0935279,-75.1337202,FLORENCE AVE & GREENWOOD AVE;  JENKINTOWN; Station 382; 2017-07-01 @ 15:40:04;,19046,EMS: RESPIRATORY EMERGENCY,2017-07-01 15:40:04,JENKINTOWN,FLORENCE AVE & GREENWOOD AVE,1
40.1126850,-75.3257860,LUXOR LN & KELLY DR; NORRISTOWN; 2019-04-27 @ 19:19:34-Station:STA27;,19401,Fire: ELEVATOR EMERGENCY,2019-04-27 19:19:34,NORRISTOWN,LUXOR LN & KELLY DR,1
40.1210694,-75.3561999,NOBLE ST & W AIRY ST;  NORRISTOWN; Station 308A; 2019-10-03 @ 21:34:18;,19401,EMS: MEDICAL ALERT ALARM,2019-10-03 21:34:18,NORRISTOWN,NOBLE ST & W AIRY ST,1
40.1537535,-75.1216041,EASTON RD & LAWNTON RD;  UPPER MORELAND; Station 381; 2019-10-07 @ 07:42:36;,19090,EMS: MEDICAL ALERT ALARM,2019-10-07 07:42:36,UPPER MORELAND,EASTON RD & LAWNTON RD,1
40.0903610,-75.1334939,TOWNSHIP LINE RD & MATHER SPUR; CHELTENHAM; 2019-12-04 @ 20:22:58;,19046,Traffic: ROAD OBSTRUCTION -,2019-12-04 20:22:58,CHELTENHAM,TOWNSHIP LINE RD & MATHER SPUR,1
40.1326040,-75.3781680,MAIN ST & EGYPT RD;  WEST NORRITON; Station 308B; 2018-09-30 @ 18:34:10;,19403,EMS: UNKNOWN MEDICAL EMERGENCY,2018-09-30 18:34:10,WEST NORRITON,MAIN ST & EGYPT RD,1
40.0960353,-75.4000406,AMERICAN AVE & 1ST AVE;  UPPER MERION; Station 356A; 2020-06-21 @ 15:22:57;,19406,EMS: GAS-ODOR/LEAK,2020-06-21 15:22:57,UPPER MERION,AMERICAN AVE & 1ST AVE,1
40.2115028,-75.2407083,TANGLEWOOD DR & UXBRIDGE WAY;  LOWER GWYNEDD; Station 351; 2016-07-27 @ 12:56:37;,19454,EMS: MEDICAL ALERT ALARM,2016-07-27 12:56:37,LOWER GWYNEDD,TANGLEWOOD DR & UXBRIDGE WAY,1
40.0592792,-75.2740435,LAFAYETTE RD & YOUNGS FORD RD; LOWER MERION; 2018-01-12 @ 11:12:31;,19035,Traffic: ROAD OBSTRUCTION -,2018-01-12 11:12:31,LOWER MERION,LAFAYETTE RD & YOUNGS FORD RD,1
40.1165277,-75.3165835,SANDY HILL RD & PLYMOUTH BLVD;  PLYMOUTH; Station 308; 2019-12-24 @ 09:16:57;,19462,EMS: SUBJECT IN PAIN,2019-12-24 09:16:57,PLYMOUTH,SANDY HILL RD & PLYMOUTH BLVD,1
40.1535740,-75.2244410,MAIN ST & W BUTLER AVE;  AMBLER; Station 351; 2016-05-08 @ 00:04:46;,19002,EMS: OVERDOSE,2016-05-08 00:04:46,AMBLER,MAIN ST & W BUTLER AVE,1
40.3990042,-75.4611842,HILLEGASS RD & FENNEL RD;  UPPER HANOVER; Station 369; 2020-02-23 @ 06:53:36;,18073,EMS: CARDIAC EMERGENCY,2020-02-23 06:53:36,UPPER HANOVER,HILLEGASS RD & FENNEL RD,1
40.1484602,-75.1347281,KIMBALL AVE & CARNATION AVE; ABINGTON; 2017-06-29 @ 11:48:30-Station:STA500;,19090,Fire: APPLIANCE FIRE,2017-06-29 11:48:30,ABINGTON,KIMBALL AVE & CARNATION AVE,1
40.1985375,-75.5160390,CATHLYN LN & OLD MILL RD;  UPPER PROVIDENCE; Station 325; 2018-12-19 @ 16:56:41;,19468,EMS: NAUSEA/VOMITING,2018-12-19 16:56:41,UPPER PROVIDENCE,CATHLYN LN & OLD MILL RD,1
40.0840706,-75.0899467,CENTRAL AVE & MONTGOMERY AVE; ROCKLEDGE; 2019-08-02 @ 14:46:34;,19046,Traffic: VEHICLE ACCIDENT -,2019-08-02 14:46:34,ROCKLEDGE,CENTRAL AVE & MONTGOMERY AVE,1
40.1685378,-75.4982005,BLACK ROCK RD & S TRAPPE RD;  UPPER PROVIDENCE; Station 325; 2017-07-30 @ 17:47:42;,19468,EMS: RESPIRATORY EMERGENCY,2017-07-30 17:47:42,UPPER PROVIDENCE,BLACK ROCK RD & S TRAPPE RD,1
40.1193180,-75.3522687,KOHN ST & W AIRY ST;  NORRISTOWN; Station 308A; 2017-07-26 @ 03:14:42;,19401,EMS: HEMORRHAGING,2017-07-26 03:14:42,NORRISTOWN,KOHN ST & W AIRY ST,1
40.2051737,-75.4961988,LINFIELD TRAPPE RD;  LIMERICK; Station 324A; 2016-09-07 @ 17:15:59;,19468,EMS: VEHICLE ACCIDENT,2016-09-07 17:15:59,LIMERICK,LINFIELD TRAPPE RD,1
40.0978421,-75.3786499,CROSSFIELD RD & SPRINGHOUSE RD; UPPER MERION; 2019-10-11 @ 14:32:02;,19406,Traffic: VEHICLE ACCIDENT -,2019-10-11 14:32:02,UPPER MERION,CROSSFIELD RD & SPRINGHOUSE RD,1
40.1154014,-75.3374519,MARSHALL ST & ARCH ST;  NORRISTOWN; Station 308A; 2020-05-30 @ 14:46:58;,19401,EMS: ABDOMINAL PAINS,2020-05-30 14:46:58,NORRISTOWN,MARSHALL ST & ARCH ST,1
40.1330371,-75.4084631,SHANNONDELL DR & SHANNONDELL BLVD;  LOWER PROVIDENCE; Station 322A; 2018-03-06 @ 19:14:23;,19403,EMS: DIABETIC EMERGENCY,2018-03-06 19:14:23,LOWER PROVIDENCE,SHANNONDELL DR & SHANNONDELL BLVD,1
40.0727175,-75.3046469,HECTOR ST & ASH ST;  CONSHOHOCKEN; Station 313A; 2017-01-29 @ 00:28:04;,19428,EMS: UNKNOWN MEDICAL EMERGENCY,2017-01-29 00:28:04,CONSHOHOCKEN,HECTOR ST & ASH ST,1
40.2108822,-75.3649130,SKIPPACK PIKE & CEDARS HILL RD; WORCESTER; 2017-05-03 @ 08:24:34-Station:STA83;,19423,Fire: VEHICLE ACCIDENT,2017-05-03 08:24:34,WORCESTER,SKIPPACK PIKE & CEDARS HILL RD,1
40.3045977,-75.3031138,HATFIELD PIKE & TOWNSHIP LINE RD; FRANCONIA; 2017-07-01 @ 15:43:05;,18964,Traffic: VEHICLE ACCIDENT -,2017-07-01 15:43:05,FRANCONIA,HATFIELD PIKE & TOWNSHIP LINE RD,1
40.1483375,-75.0977475,FITZWATERTOWN RD & TERWOOD RD; UPPER MORELAND; 2019-02-25 @ 23:13:25;,,Traffic: VEHICLE ACCIDENT -,2019-02-25 23:13:25,UPPER MORELAND,FITZWATERTOWN RD & TERWOOD RD,1
40.0894551,-75.3467742,CROOKED LN & E CHURCH RD; UPPER MERION; 2017-03-25 @ 14:56:51;,19406,Traffic: VEHICLE ACCIDENT -,2017-03-25 14:56:51,UPPER MERION,CROOKED LN & E CHURCH RD,1
40.1508958,-75.1274376,FITZWATERTOWN RD & BARTRAM RD;  UPPER MORELAND; Station 381; 2019-11-14 @ 21:29:23;,19090,EMS: OVERDOSE,2019-11-14 21:29:23,UPPER MORELAND,FITZWATERTOWN RD & BARTRAM RD,1
40.2860208,-75.5647478,NEW HANOVER SQUARE RD; NEW HANOVER; 2019-04-07 @ 01:54:51-Station:STA37;,,Fire: VEHICLE ACCIDENT,2019-04-07 01:54:51,NEW HANOVER,NEW HANOVER SQUARE RD,1
40.1457897,-75.1766957,CAMP HILL RD & OFFICE CENTER DR;  UPPER DUBLIN; Station 351; 2017-06-24 @ 14:21:02;,19034,EMS: CARDIAC EMERGENCY,2017-06-24 14:21:02,UPPER DUBLIN,CAMP HILL RD & OFFICE CENTER DR,1
40.2459704,-75.6528170,HIGH ST & S YORK ST;  POTTSTOWN; Station 329; 2018-09-17 @ 17:16:42;,19464,EMS: UNKNOWN MEDICAL EMERGENCY,2018-09-17 17:16:42,POTTSTOWN,HIGH ST & S YORK ST,1
40.1744456,-75.3614542,REINER RD & SPRING HILL RD;  WORCESTER; Station 322; 2016-05-16 @ 11:01:03;,19403,EMS: FALL VICTIM,2016-05-16 11:01:03,WORCESTER,REINER RD & SPRING HILL RD,1
40.0617246,-75.3407968,GULPH RD & UPPER GULPH RD;  UPPER MERION; Station 317; 2017-04-25 @ 17:22:42;,19087,EMS: VEHICLE ACCIDENT,2017-04-25 17:22:42,UPPER MERION,GULPH RD & UPPER GULPH RD,1
40.2515922,-75.5151487,PHEASANT RD & GAME FARM RD;  LIMERICK; Station 324A; 2017-04-23 @ 15:49:29;,19473,EMS: OVERDOSE,2017-04-23 15:49:29,LIMERICK,PHEASANT RD & GAME FARM RD,1
40.1304298,-75.3150109,CAROL LN & TEARDROP TER;  EAST NORRITON; Station 308; 2018-02-18 @ 21:25:33;,19401,EMS: RESPIRATORY EMERGENCY,2018-02-18 21:25:33,EAST NORRITON,CAROL LN & TEARDROP TER,1
40.0451456,-75.3090620,GREAT SPRINGS RD & OAK SPRINGS RD;  LOWER MERION; Station 313A; 2019-09-10 @ 23:22:14;,19010,EMS: CARDIAC EMERGENCY,2019-09-10 23:22:14,LOWER MERION,GREAT SPRINGS RD & OAK SPRINGS RD,1
40.1713591,-75.2237803,BETHLEHEM PIKE & DAGER RD; LOWER GWYNEDD; 2019-11-04 @ 17:11:47;,19002,Traffic: VEHICLE ACCIDENT -,2019-11-04 17:11:47,LOWER GWYNEDD,BETHLEHEM PIKE & DAGER RD,1
40.2513703,-75.4657098,PERKIOMEN AVE & 3RD ST;  SCHWENKSVILLE; Station 331; 2016-03-09 @ 03:08:42;,19473,EMS: HEAD INJURY,2016-03-09 03:08:42,SCHWENKSVILLE,PERKIOMEN AVE & 3RD ST,1
40.1249936,-75.0634693,FETTERSMILL RD & WALTON RD; LOWER MORELAND; 2017-01-14 @ 23:59:22-Station:STA8;,19006,Fire: FIRE INVESTIGATION,2017-01-14 23:59:22,LOWER MORELAND,FETTERSMILL RD & WALTON RD,1
40.2253013,-75.2339509,STUMP RD & BETHLEHEM PIKE; MONTGOMERY; 2017-11-29 @ 21:27:52;,18936,Traffic: DISABLED VEHICLE -,2017-11-29 21:27:52,MONTGOMERY,STUMP RD & BETHLEHEM PIKE,1
40.1899951,-75.1333355,WASHINGTON AVE & PERSHING AVE;  HORSHAM; Station 352; 2016-08-07 @ 14:37:28;,19044,EMS: HEAT EXHAUSTION,2016-08-07 14:37:28,HORSHAM,WASHINGTON AVE & PERSHING AVE,1
40.0855923,-75.3912204,GULPH RD & KIRK AVE;  UPPER MERION; Station 317; 2017-09-05 @ 13:31:32;,19406,EMS: NAUSEA/VOMITING,2017-09-05 13:31:32,UPPER MERION,GULPH RD & KIRK AVE,1
40.2438810,-75.6161910,HIGH ST & BEECH ST; POTTSTOWN; 2017-06-12 @ 09:51:27;,19464,Traffic: DISABLED VEHICLE -,2017-06-12 09:51:27,POTTSTOWN,HIGH ST & BEECH ST,1
40.0719100,-75.3143236,BULLOCK AVE & FRONT ST; WEST CONSHOHOCKEN; 2017-10-12 @ 15:19:03;,19428,Traffic: VEHICLE ACCIDENT -,2017-10-12 15:19:03,WEST CONSHOHOCKEN,BULLOCK AVE & FRONT ST,1
40.0888917,-75.0871355,BROWN AVE & MANKIN AVE;  ABINGTON; Station 382; 2015-12-29 @ 04:50:59;,19006,EMS: MEDICAL ALERT ALARM,2015-12-29 04:50:59,ABINGTON,BROWN AVE & MANKIN AVE,1
40.0886939,-75.2049029,CARLISLE RD & CURTIS TER;  SPRINGFIELD; Station 311; 2017-02-26 @ 20:11:10;,19038,EMS: RESPIRATORY EMERGENCY,2017-02-26 20:11:10,SPRINGFIELD,CARLISLE RD & CURTIS TER,1
40.1489852,-75.0334990,COUNTY LINE RD & BUCK RD; LOWER MORELAND; 2016-11-05 @ 08:57:19;,19006,Traffic: VEHICLE ACCIDENT -,2016-11-05 08:57:19,LOWER MORELAND,COUNTY LINE RD & BUCK RD,1
40.1013652,-75.1695455,LINDLEY RD & FOX RD; CHELTENHAM; 2018-08-31 @ 21:32:36-Station:STA1;,19038,Fire: ELECTRICAL FIRE OUTSIDE,2018-08-31 21:32:36,CHELTENHAM,LINDLEY RD & FOX RD,1
40.1859503,-75.2707523,DEKALB PIKE & GRASSHOPPER LN; LOWER GWYNEDD; 2018-06-27 @ 17:07:32;,19002,Traffic: VEHICLE ACCIDENT -,2018-06-27 17:07:32,LOWER GWYNEDD,DEKALB PIKE & GRASSHOPPER LN,1
40.0960146,-75.1266818,WEST AVE & JOHNSON ST;  JENKINTOWN; Station 382; 2020-03-27 @ 08:49:03;,19046,EMS: RESPIRATORY EMERGENCY,2020-03-27 08:49:03,JENKINTOWN,WEST AVE & JOHNSON ST,1
40.1886432,-75.5371123,CHURCH ST & N 6TH AVE; ROYERSFORD; 2016-11-12 @ 18:00:40;,19468,Traffic: ROAD OBSTRUCTION -,2016-11-12 18:00:40,ROYERSFORD,CHURCH ST & N 6TH AVE,1
40.1433257,-75.4228190,DEVON DR & DEAD END;  LOWER PROVIDENCE; Station 322; 2020-05-22 @ 01:27:24;,,EMS: NAUSEA/VOMITING,2020-05-22 01:27:24,LOWER PROVIDENCE,DEVON DR & DEAD END,1
40.1114350,-75.0759539,MEADOWBROOK DR & HUNTINGDON PIKE;  ABINGTON; Station 382; 2020-03-01 @ 06:27:25;,19006,EMS: SUBJECT IN PAIN,2020-03-01 06:27:25,ABINGTON,MEADOWBROOK DR & HUNTINGDON PIKE,1
39.9883097,-75.2539752,CITY AVE & LANCASTER AVE; LOWER MERION; 2019-10-21 @ 09:22:51;,19151,Traffic: VEHICLE ACCIDENT -,2019-10-21 09:22:51,LOWER MERION,CITY AVE & LANCASTER AVE,1
40.1624836,-75.0909396,TURNPIKE DR & DAVISVILLE RD; UPPER MORELAND; 2020-05-13 @ 17:07:22-Station:STA10;,19040,Fire: FIRE ALARM,2020-05-13 17:07:22,UPPER MORELAND,TURNPIKE DR & DAVISVILLE RD,1
40.3244917,-75.6049596,CONGO RD & SMITH RD;  DOUGLASS; Station 332; 2020-01-31 @ 13:26:56;,19525,EMS: HEMORRHAGING,2020-01-31 13:26:56,DOUGLASS,CONGO RD & SMITH RD,1
40.0937574,-75.3767984,HILLVIEW RD & REBEL RD;  UPPER MERION; Station 317; 2016-09-11 @ 09:54:06;,19406,EMS: MEDICAL ALERT ALARM,2016-09-11 09:54:06,UPPER MERION,HILLVIEW RD & REBEL RD,1
40.1566208,-75.4113257,EAGLEVILLE RD & SUNDERLAND DR;  LOWER PROVIDENCE; Station 322; 2018-11-05 @ 08:51:41;,19403,EMS: RESPIRATORY EMERGENCY,2018-11-05 08:51:41,LOWER PROVIDENCE,EAGLEVILLE RD & SUNDERLAND DR,1
40.3750485,-75.4850981,WILLIAMS LN & APPLE ST;  RED HILL; Station 369; 2018-08-05 @ 05:21:44;,18076,EMS: ABDOMINAL PAINS,2018-08-05 05:21:44,RED HILL,WILLIAMS LN & APPLE ST,1
40.1326906,-75.1242377,SUMMIT AVE & HAMILTON AVE;  ABINGTON; Station 381; 2019-01-09 @ 15:39:25;,19090,EMS: HEMORRHAGING,2019-01-09 15:39:25,ABINGTON,SUMMIT AVE & HAMILTON AVE,1
40.1001300,-75.1771616,W CHURCH RD & WILLOW GROVE AVE; CHELTENHAM; 2017-11-27 @ 07:43:36;,19038,Traffic: DISABLED VEHICLE -,2017-11-27 07:43:36,CHELTENHAM,W CHURCH RD & WILLOW GROVE AVE,1
40.3249920,-75.3281748,LUTHERAN HOME DR & DEAD END;  TELFORD; Station 339; 2018-08-01 @ 20:51:52;,,EMS: RESPIRATORY EMERGENCY,2018-08-01 20:51:52,TELFORD,LUTHERAN HOME DR & DEAD END,1
40.2309343,-75.5221245,PEBBLE BEACH DR & AUGUSTA AVE;  LIMERICK; Station 324A; 2018-12-13 @ 07:22:06;,19468,EMS: GENERAL WEAKNESS,2018-12-13 07:22:06,LIMERICK,PEBBLE BEACH DR & AUGUSTA AVE,1
40.0960989,-75.2959706,CHEMICAL RD & COLWELL LN; PLYMOUTH; 2017-12-30 @ 10:31:05;,19428,Traffic: DISABLED VEHICLE -,2017-12-30 10:31:05,PLYMOUTH,CHEMICAL RD & COLWELL LN,1
40.1997775,-75.3052172,MORRIS RD & BETHEL DR; WORCESTER; 2018-12-10 @ 08:12:05;,19446,Traffic: VEHICLE ACCIDENT -,2018-12-10 08:12:05,WORCESTER,MORRIS RD & BETHEL DR,1
40.1907655,-75.3407004,HICKORY HILL DR & GREEN BRIAR DR;  WORCESTER; Station 322; 2016-04-20 @ 18:57:04;,19403,EMS: ALTERED MENTAL STATUS,2016-04-20 18:57:04,WORCESTER,HICKORY HILL DR & GREEN BRIAR DR,1
40.0855923,-75.3912204,GULPH RD & KIRK AVE;  UPPER MERION; Station 317; 2018-10-25 @ 18:37:46;,19406,EMS: LACERATIONS,2018-10-25 18:37:46,UPPER MERION,GULPH RD & KIRK AVE,1
40.1605451,-75.4725804,CAMPUS DR & TAYLOR WAY; UPPER PROVIDENCE; 2019-09-09 @ 12:35:58-Station:STA99;,19426,Fire: FIRE ALARM,2019-09-09 12:35:58,UPPER PROVIDENCE,CAMPUS DR & TAYLOR WAY,1
40.2700149,-75.4896066,YERGER RD & GERLOFF RD;  LOWER FREDERICK; Station 308C; 2018-04-18 @ 09:53:35;,19473,EMS: HEMORRHAGING,2018-04-18 09:53:35,LOWER FREDERICK,YERGER RD & GERLOFF RD,1
40.0850736,-75.3886248,W DEKALB PIKE & N GULPH RD; UPPER MERION; 2020-06-30 @ 14:18:21;,19406,Traffic: DISABLED VEHICLE -,2020-06-30 14:18:21,UPPER MERION,W DEKALB PIKE & N GULPH RD,1
40.1423996,-75.4988544,AMANDA LN & S COLLEGEVILLE RD; UPPER PROVIDENCE; 2019-12-14 @ 18:06:32;,19453,Traffic: VEHICLE ACCIDENT -,2019-12-14 18:06:32,UPPER PROVIDENCE,AMANDA LN & S COLLEGEVILLE RD,1
40.1614701,-75.1301588,MARYLAND RD & COMMERCE AVE;  UPPER MORELAND; Station 384; 2020-07-11 @ 21:00:09;,19090,EMS: CARDIAC EMERGENCY,2020-07-11 21:00:09,UPPER MORELAND,MARYLAND RD & COMMERCE AVE,1
40.2394780,-75.1845203,COUNTY LINE RD & KULP RD W; MONTGOMERY; 2016-01-22 @ 15:24:40;,19454,Traffic: VEHICLE ACCIDENT -,2016-01-22 15:24:40,MONTGOMERY,COUNTY LINE RD & KULP RD W,1
40.2060806,-75.2246178,BETHLEHEM PIKE & WELSH RD; HORSHAM; 2018-10-12 @ 12:55:15;,19454,Traffic: VEHICLE ACCIDENT -,2018-10-12 12:55:15,HORSHAM,BETHLEHEM PIKE & WELSH RD,1
40.2477323,-75.2801218,WALNUT ST & W 7TH ST;  LANSDALE; Station 345; 2019-12-13 @ 12:35:21;,19446,EMS: SUBJECT IN PAIN,2019-12-13 12:35:21,LANSDALE,WALNUT ST & W 7TH ST,1
40.2523864,-75.3381934,SHAGBARK CT & WOOD HOLLOW DR;  TOWAMENCIN; Station 345B; 2019-04-15 @ 20:13:21;,19438,EMS: ALTERED MENTAL STATUS,2019-04-15 20:13:21,TOWAMENCIN,SHAGBARK CT & WOOD HOLLOW DR,1
40.2434353,-75.6211784,HIGH ST & S MT VERNON ST;  POTTSTOWN; Station 329; 2019-05-27 @ 21:09:51;,19464,EMS: CARDIAC ARREST,2019-05-27 21:09:51,POTTSTOWN,HIGH ST & S MT VERNON ST,1
40.1058896,-75.3490687,4TH ST & E VALLEY FORGE RD; BRIDGEPORT; 2017-05-25 @ 13:12:25;,19405,Traffic: VEHICLE ACCIDENT -,2017-05-25 13:12:25,BRIDGEPORT,4TH ST & E VALLEY FORGE RD,1
40.2750651,-75.4593382,PERKIOMEN AVE & MARION ST;  LOWER FREDERICK; Station 308C; 2019-02-17 @ 10:56:24;,19473,EMS: FALL VICTIM,2019-02-17 10:56:24,LOWER FREDERICK,PERKIOMEN AVE & MARION ST,1
40.1324422,-75.2031093,RAMP RT309 SB TO PENNSYLVANIA AVE & W PENNSYLVANIA AVE; UPPER DUBLIN; 2020-01-17 @ 08:37:32;,,Traffic: VEHICLE ACCIDENT -,2020-01-17 08:37:32,UPPER DUBLIN,RAMP RT309 SB TO PENNSYLVANIA AVE & W PENNSYLVANIA AVE,1
40.1037165,-75.3373866,GROVE ST & HOLSTEIN ST;  BRIDGEPORT; Station 317; 2017-09-13 @ 22:44:14;,19405,EMS: RESPIRATORY EMERGENCY,2017-09-13 22:44:14,BRIDGEPORT,GROVE ST & HOLSTEIN ST,1
40.1099097,-75.2622709,CAMBURN RD & CONLIN RD;  WHITEMARSH; Station 318; 2019-10-05 @ 07:42:18;,19462,EMS: MEDICAL ALERT ALARM,2019-10-05 07:42:18,WHITEMARSH,CAMBURN RD & CONLIN RD,1
40.1727390,-75.2999673,WHITPAIN HLS & SKIPPACK PIKE; WHITPAIN; 2018-08-25 @ 18:18:31-Station:STA33;,19422,Fire: VEHICLE FIRE,2018-08-25 18:18:31,WHITPAIN,WHITPAIN HLS & SKIPPACK PIKE,1
40.2911903,-75.3198342,COWPATH RD & MININGER RD; FRANCONIA; 2019-02-18 @ 15:40:00;,18964,Traffic: VEHICLE ACCIDENT -,2019-02-18 15:40:00,FRANCONIA,COWPATH RD & MININGER RD,1
40.1614701,-75.1301588,MARYLAND RD & COMMERCE AVE;  UPPER MORELAND; Station 384; 2020-01-07 @ 09:02:51;,19090,EMS: CARDIAC EMERGENCY,2020-01-07 09:02:51,UPPER MORELAND,MARYLAND RD & COMMERCE AVE,1
39.9981530,-75.2331580,W CITY AVE & MAPLE AVE; LOWER MERION; 2020-07-21 @ 22:19:37;,19004,Traffic: VEHICLE ACCIDENT -,2020-07-21 22:19:37,LOWER MERION,W CITY AVE & MAPLE AVE,1
40.2937659,-75.3767229,HARLEYSVILLE PIKE & MAPLE AVE; FRANCONIA; 2018-03-15 @ 14:12:07;,19438,Traffic: VEHICLE ACCIDENT -,2018-03-15 14:12:07,FRANCONIA,HARLEYSVILLE PIKE & MAPLE AVE,1
40.1090929,-75.2726447,PLYMOUTH RD & BUTLER PIKE;  PLYMOUTH; Station 308; 2019-09-11 @ 01:32:08;,19462,EMS: RESPIRATORY EMERGENCY,2019-09-11 01:32:08,PLYMOUTH,PLYMOUTH RD & BUTLER PIKE,1
40.1547855,-75.3319449,NORTH WALES RD & WELLINGTON RD; EAST NORRITON; 2020-06-13 @ 01:22:37;,19403,Traffic: HAZARDOUS ROAD CONDITIONS -,2020-06-13 01:22:37,EAST NORRITON,NORTH WALES RD & WELLINGTON RD,1
40.0964849,-75.2077963,LONGFIELD RD & TERMINAL AVE;  SPRINGFIELD; Station 311; 2016-06-27 @ 00:36:22;,19038,EMS: FALL VICTIM,2016-06-27 00:36:22,SPRINGFIELD,LONGFIELD RD & TERMINAL AVE,1
40.3278237,-75.6255904,PHILADELPHIA AVE & MONTGOMERY AVE; DOUGLASS; 2019-05-07 @ 15:50:26;,19512,Traffic: VEHICLE ACCIDENT -,2019-05-07 15:50:26,DOUGLASS,PHILADELPHIA AVE & MONTGOMERY AVE,1
40.1181071,-75.3395387,DEKALB ST & E OAK ST; NORRISTOWN; 2018-01-12 @ 23:01:22;,19401,Traffic: DISABLED VEHICLE -,2018-01-12 23:01:22,NORRISTOWN,DEKALB ST & E OAK ST,1
40.2524142,-75.6338502,ADAMS ST & MORRIS ST; POTTSTOWN; 2016-11-04 @ 16:26:30;,19464,Traffic: VEHICLE ACCIDENT -,2016-11-04 16:26:30,POTTSTOWN,ADAMS ST & MORRIS ST,1
40.1477624,-75.1276795,PENNSYLVANIA TPKE & WELSH RD OVERPASS;  UPPER MORELAND; Station 351; 2019-11-01 @ 18:22:10;,19090,EMS: VEHICLE ACCIDENT,2019-11-01 18:22:10,UPPER MORELAND,PENNSYLVANIA TPKE & WELSH RD OVERPASS,1
40.2446363,-75.6421825,HIGH ST & N WASHINGTON ST; POTTSTOWN; 2018-11-11 @ 23:46:57;,19464,Traffic: VEHICLE ACCIDENT -,2018-11-11 23:46:57,POTTSTOWN,HIGH ST & N WASHINGTON ST,1
40.1568468,-75.1019942,RAMP I276 EB TO RT611  & PENNSYLVANIA TPKE EB; UPPER MORELAND; 2020-02-14 @ 22:52:46;,,Traffic: DISABLED VEHICLE -,2020-02-14 22:52:46,UPPER MORELAND,RAMP I276 EB TO RT611  & PENNSYLVANIA TPKE EB,1
40.2269143,-75.3613036,SCHLOSSER RD & METZ RD;  TOWAMENCIN; Station 336; 2018-04-05 @ 12:22:47;,19438,EMS: HEMORRHAGING,2018-04-05 12:22:47,TOWAMENCIN,SCHLOSSER RD & METZ RD,1
40.1461804,-75.1690698,LIMEKILN PIKE & GOLDEN DR; UPPER DUBLIN; 2018-02-13 @ 08:54:07;,19025,Traffic: VEHICLE ACCIDENT -,2018-02-13 08:54:07,UPPER DUBLIN,LIMEKILN PIKE & GOLDEN DR,1
40.0875677,-75.4055591,N GULPH RD;  UPPER MERION; Station 317; 2018-04-02 @ 15:44:24;,,EMS: VEHICLE ACCIDENT,2018-04-02 15:44:24,UPPER MERION,N GULPH RD,1
40.2588195,-75.6574220,UPLAND ST & MANATAWNY ST;  POTTSTOWN; Station 329; 2017-09-06 @ 15:08:38;,19464,EMS: NAUSEA/VOMITING,2017-09-06 15:08:38,POTTSTOWN,UPLAND ST & MANATAWNY ST,1
40.1182924,-75.3560379,KNOX ST & W LAFAYETTE ST;  NORRISTOWN; Station 308A; 2020-03-29 @ 13:26:46;,19401,EMS: SUBJECT IN PAIN,2020-03-29 13:26:46,NORRISTOWN,KNOX ST & W LAFAYETTE ST,1
40.2170390,-75.2289634,BETHLEHEM PIKE & HARTMAN RD; MONTGOMERY; 2018-11-15 @ 16:51:39;,19454,Traffic: DISABLED VEHICLE -,2018-11-15 16:51:39,MONTGOMERY,BETHLEHEM PIKE & HARTMAN RD,1
40.2290075,-75.3878525,VINE ST & BUTLER AVE; HATFIELD BORO; 2017-12-05 @ 13:13:27;,,Traffic: VEHICLE ACCIDENT -,2017-12-05 13:13:27,HATFIELD BORO,VINE ST & BUTLER AVE,1
39.9981327,-75.2501038,MERION RD & CIVIC CIR; LOWER MERION; 2018-02-14 @ 18:14:58-Station:STA28;,19066,Fire: CARBON MONOXIDE DETECTOR,2018-02-14 18:14:58,LOWER MERION,MERION RD & CIVIC CIR,1
40.4231776,-75.5019650,KRAUSSDALE RD & WARNER SCHOOL RD; UPPER HANOVER; 2018-05-19 @ 07:31:17-Station:STA38;,18041,Fire: VEHICLE ACCIDENT,2018-05-19 07:31:17,UPPER HANOVER,KRAUSSDALE RD & WARNER SCHOOL RD,1
40.0972222,-75.3761952,LORI LN & DEAD END; UPPER MERION; 2017-02-13 @ 04:13:25-Station:STA48;,,Fire: ELECTRICAL FIRE OUTSIDE,2017-02-13 04:13:25,UPPER MERION,LORI LN & DEAD END,1
40.1082672,-75.3062326,RAMP I476 NB TO I276  & NE EXTENSION PENNSYLVANIA TPKE NB;  PLYMOUTH; Station 308; 2017-11-10 @ 00:03:28;,,EMS: VEHICLE ACCIDENT,2017-11-10 00:03:28,PLYMOUTH,RAMP I476 NB TO I276  & NE EXTENSION PENNSYLVANIA TPKE NB,1
40.1339362,-75.3450564,LOCUST ST & LAUREL DR;  NORRISTOWN; Station 308A; 2016-10-12 @ 18:56:33;,19401,EMS: SEIZURES,2016-10-12 18:56:33,NORRISTOWN,LOCUST ST & LAUREL DR,1
40.3116295,-75.3310962,SUMMIT ST & COLONIAL AVE;  FRANCONIA; Station 339; 2019-09-06 @ 08:34:20;,18964,EMS: HEAD INJURY,2019-09-06 08:34:20,FRANCONIA,SUMMIT ST & COLONIAL AVE,1
40.1884610,-75.5293295,LEWIS RD & SPRING ST;  LIMERICK; Station 325; 2017-06-13 @ 10:20:02;,19468,EMS: SYNCOPAL EPISODE,2017-06-13 10:20:02,LIMERICK,LEWIS RD & SPRING ST,1
39.9883097,-75.2539752,LANCASTER AVE & CITY AVE; LOWER MERION; 2016-04-27 @ 19:49:43;,19151,Traffic: VEHICLE ACCIDENT -,2016-04-27 19:49:43,LOWER MERION,LANCASTER AVE & CITY AVE,1
40.0759724,-75.3053629,3RD AVE & FORREST ST;  CONSHOHOCKEN; Station 313A; 2016-12-22 @ 00:00:12;,19428,EMS: NAUSEA/VOMITING,2016-12-22 00:00:12,CONSHOHOCKEN,3RD AVE & FORREST ST,1
40.2582531,-75.2482301,BETHLEHEM PIKE & TAYLOR RD;  MONTGOMERY; Station 345; 2018-11-01 @ 06:59:17;,19446,EMS: VEHICLE ACCIDENT,2018-11-01 06:59:17,MONTGOMERY,BETHLEHEM PIKE & TAYLOR RD,1
40.1753468,-75.1741599,WELSH RD & TERRACE DR;  UPPER DUBLIN; Station 351; 2019-07-09 @ 06:57:17;,19002,EMS: VEHICLE ACCIDENT,2019-07-09 06:57:17,UPPER DUBLIN,WELSH RD & TERRACE DR,1
40.2009585,-75.5091223,RITTENHOUSE RD & PLYMOUTH DR; UPPER PROVIDENCE; 2017-06-20 @ 20:27:20;,19468,Traffic: VEHICLE FIRE -,2017-06-20 20:27:20,UPPER PROVIDENCE,RITTENHOUSE RD & PLYMOUTH DR,1
40.1223300,-75.1326280,EASTON RD & MILDRED AVE; ABINGTON; 2019-01-04 @ 12:18:32;,19001,Traffic: DISABLED VEHICLE -,2019-01-04 12:18:32,ABINGTON,EASTON RD & MILDRED AVE,1
40.0844647,-75.3901733,DEKALB PIKE & KING OF PRUSSIA RD;  UPPER MERION; Station 317; 2016-09-09 @ 19:51:27;,19406,EMS: CARDIAC EMERGENCY,2016-09-09 19:51:27,UPPER MERION,DEKALB PIKE & KING OF PRUSSIA RD,1
40.2132858,-75.7297893,SAINT PETERS RD & WELLS RD;  CHESTER COUNTY; Station 3A84; 2018-05-25 @ 19:55:11;,19465,EMS: UNRESPONSIVE SUBJECT,2018-05-25 19:55:11,CHESTER COUNTY,SAINT PETERS RD & WELLS RD,1
40.1405049,-75.3108737,GERMANTOWN PIKE & HANNAH AVE;  EAST NORRITON; Station 308; 2020-01-03 @ 07:41:40;,19401,EMS: ABDOMINAL PAINS,2020-01-03 07:41:40,EAST NORRITON,GERMANTOWN PIKE & HANNAH AVE,1
40.1048956,-75.1410738,JENKINTOWN RD & EDGLEY AVE; ABINGTON; 2017-03-14 @ 20:05:08-Station:STA300;,19038,Fire: UNKNOWN TYPE FIRE,2017-03-14 20:05:08,ABINGTON,JENKINTOWN RD & EDGLEY AVE,1
40.1189555,-75.3339940,SPRUCE ST & GREENVALLEY RD;  NORRISTOWN; Station 308A; 2016-09-17 @ 16:00:12;,19401,EMS: NAUSEA/VOMITING,2016-09-17 16:00:12,NORRISTOWN,SPRUCE ST & GREENVALLEY RD,1
40.2012016,-75.3465306,SKIPPACK PIKE & VALLEY FORGE RD; WORCESTER; 2016-04-15 @ 11:43:10;,19426,Traffic: VEHICLE ACCIDENT -,2016-04-15 11:43:10,WORCESTER,SKIPPACK PIKE & VALLEY FORGE RD,1
40.1147453,-75.2854469,GERMANTOWN PIKE & LAUNFALL RD; PLYMOUTH; 2018-02-14 @ 12:56:17-Station:STA44;,19462,Fire: FIRE ALARM,2018-02-14 12:56:17,PLYMOUTH,GERMANTOWN PIKE & LAUNFALL RD,1
40.1209496,-75.3494023,GEORGE ST & W BLACKBERRY ALY; NORRISTOWN; 2017-09-12 @ 16:24:30-Station:STA27;,19401,Fire: GAS-ODOR/LEAK,2017-09-12 16:24:30,NORRISTOWN,GEORGE ST & W BLACKBERRY ALY,1
40.1537128,-75.2198790,GREENWOOD AVE & MATTISON AVE; AMBLER; 2019-09-18 @ 08:13:12;,19002,Traffic: VEHICLE ACCIDENT -,2019-09-18 08:13:12,AMBLER,GREENWOOD AVE & MATTISON AVE,1
40.1241473,-75.0609301,RED LION RD & MURRAY AVE; LOWER MORELAND; 2018-12-09 @ 15:28:20;,19006,Traffic: VEHICLE ACCIDENT -,2018-12-09 15:28:20,LOWER MORELAND,RED LION RD & MURRAY AVE,1
40.2602289,-75.6590909,SPRING ST & MANATAWNY ST;  POTTSTOWN; Station 329; 2018-01-18 @ 00:27:38;,19464,EMS: RESPIRATORY EMERGENCY,2018-01-18 00:27:38,POTTSTOWN,SPRING ST & MANATAWNY ST,1
40.2141518,-75.4260264,BRIDGE RD & N GORSKI LN; SKIPPACK; 2019-01-29 @ 17:07:26-Station:STA86;,19426,Fire: VEHICLE ACCIDENT,2019-01-29 17:07:26,SKIPPACK,BRIDGE RD & N GORSKI LN,1
40.2467856,-75.2785662,N BROAD ST & E 7TH ST; LANSDALE; 2016-06-23 @ 08:25:26;,19446,Traffic: VEHICLE ACCIDENT -,2016-06-23 08:25:26,LANSDALE,N BROAD ST & E 7TH ST,1
40.2774679,-75.2604622,BETHLEHEM PIKE & TREWIGTOWN RD; HATFIELD TOWNSHIP; 2017-11-02 @ 13:03:49;,19440,Traffic: VEHICLE ACCIDENT -,2017-11-02 13:03:49,HATFIELD TOWNSHIP,BETHLEHEM PIKE & TREWIGTOWN RD,1
40.1491503,-75.3742926,CRANBERRY DR & HILLENDALE DR;  WEST NORRITON; Station 308B; 2016-10-11 @ 21:00:40;,19403,EMS: RESPIRATORY EMERGENCY,2016-10-11 21:00:40,WEST NORRITON,CRANBERRY DR & HILLENDALE DR,1
40.1635075,-75.1541222,JARRETTOWN RD & WELSH RD; UPPER DUBLIN; 2018-07-24 @ 11:41:05;,19002,Traffic: DISABLED VEHICLE -,2018-07-24 11:41:05,UPPER DUBLIN,JARRETTOWN RD & WELSH RD,1
40.2369923,-75.2929585,WHITES RD & SUSQUEHANNA AVE; UPPER GWYNEDD; 2016-08-13 @ 16:49:48;,19446,Traffic: VEHICLE ACCIDENT -,2016-08-13 16:49:48,UPPER GWYNEDD,WHITES RD & SUSQUEHANNA AVE,1
40.1345727,-75.2068744,W PENNSYLVANIA AVE & COMMERCE DR; UPPER DUBLIN; 2019-11-20 @ 09:23:48;,19034,Traffic: DISABLED VEHICLE -,2019-11-20 09:23:48,UPPER DUBLIN,W PENNSYLVANIA AVE & COMMERCE DR,1
40.1119000,-75.3373400,MAIN ST & WALNUT ST;  NORRISTOWN; Station 308A; 2016-11-30 @ 18:30:17;,19401,EMS: CARDIAC EMERGENCY,2016-11-30 18:30:17,NORRISTOWN,MAIN ST & WALNUT ST,1
40.0613688,-75.1212088,LYCOMING AVE & LENAPE AVE; CHELTENHAM; 2017-01-14 @ 04:58:57-Station:STA3;,19027,Fire: BUILDING FIRE,2017-01-14 04:58:57,CHELTENHAM,LYCOMING AVE & LENAPE AVE,1
40.1089740,-75.2138303,SPRINGFIELD AVE & BETHLEHEM PIKE;  SPRINGFIELD; Station 311; 2016-01-29 @ 14:00:47;,19031,EMS: CARDIAC EMERGENCY,2016-01-29 14:00:47,SPRINGFIELD,SPRINGFIELD AVE & BETHLEHEM PIKE,1
40.1195583,-75.3470376,CORSON ST & W BLACKBERRY ALY;  NORRISTOWN; Station 308A; 2020-05-03 @ 14:40:02;,19401,EMS: OVERDOSE,2020-05-03 14:40:02,NORRISTOWN,CORSON ST & W BLACKBERRY ALY,1
40.0045557,-75.2843574,LANCASTER AVE & CHATHAM RD; LOWER MERION; 2020-01-11 @ 22:21:42;,19003,Traffic: VEHICLE ACCIDENT -,2020-01-11 22:21:42,LOWER MERION,LANCASTER AVE & CHATHAM RD,1
40.1231861,-75.3320815,NASSAU PL & GREEN ST;  NORRISTOWN; Station 308A; 2020-06-05 @ 02:47:59;,19401,EMS: SUBJECT IN PAIN,2020-06-05 02:47:59,NORRISTOWN,NASSAU PL & GREEN ST,1
40.1725260,-75.2846533,DEKALB PIKE & BLUE BELL SPRINGS DR;  WHITPAIN; Station 385; 2018-07-20 @ 17:22:58;,19422,EMS: UNCONSCIOUS SUBJECT,2018-07-20 17:22:58,WHITPAIN,DEKALB PIKE & BLUE BELL SPRINGS DR,1
40.1180215,-75.1537003,HARRISON AVE & WOODROW AVE; ABINGTON; 2019-10-31 @ 23:56:45-Station:STA400;,19038,Fire: ELECTRICAL FIRE OUTSIDE,2019-10-31 23:56:45,ABINGTON,HARRISON AVE & WOODROW AVE,1
40.2489269,-75.6404302,HALE ST & SPRUCE ALY;  POTTSTOWN; Station 329B; 2019-08-07 @ 14:57:19;,19464,EMS: UNKNOWN MEDICAL EMERGENCY,2019-08-07 14:57:19,POTTSTOWN,HALE ST & SPRUCE ALY,1
40.1503559,-75.3412600,W GERMANTOWN PIKE;  EAST NORRITON; Station 308; 2015-12-24 @ 15:51:05;,,EMS: VEHICLE ACCIDENT,2015-12-24 15:51:05,EAST NORRITON,W GERMANTOWN PIKE,1
40.1633808,-75.1111903,MILL RD & S YORK RD; UPPER MORELAND; 2017-02-07 @ 17:34:13;,19040,Traffic: VEHICLE ACCIDENT -,2017-02-07 17:34:13,UPPER MORELAND,MILL RD & S YORK RD,1
40.2629833,-75.3193739,FORTY FOOT RD & WELSH RD; TOWAMENCIN; 2019-10-31 @ 09:43:45;,19446,Traffic: VEHICLE ACCIDENT -,2019-10-31 09:43:45,TOWAMENCIN,FORTY FOOT RD & WELSH RD,1
39.9883097,-75.2539752,LANCASTER AVE & CITY AVE; LOWER MERION; 2019-08-01 @ 10:55:49;,19151,Traffic: VEHICLE ACCIDENT -,2019-08-01 10:55:49,LOWER MERION,LANCASTER AVE & CITY AVE,1
40.2630065,-75.2510759,BETHLEHEM PIKE & MELE AVE; MONTGOMERY; 2018-01-28 @ 11:14:04;,19446,Traffic: VEHICLE ACCIDENT -,2018-01-28 11:14:04,MONTGOMERY,BETHLEHEM PIKE & MELE AVE,1
40.2490184,-75.6451884,BEECH ST & N EVANS ST;  POTTSTOWN; Station 329; 2018-12-10 @ 04:07:53;,19464,EMS: RESPIRATORY EMERGENCY,2018-12-10 04:07:53,POTTSTOWN,BEECH ST & N EVANS ST,1
40.2493654,-75.6725826,MYRTLE ST & W BUTTONWOOD ST;  POTTSTOWN; Station 329; 2017-10-27 @ 18:05:22;,19464,EMS: MATERNITY,2017-10-27 18:05:22,POTTSTOWN,MYRTLE ST & W BUTTONWOOD ST,1
40.1058897,-75.0847407,HUNTINGDON PIKE & MOREDON RD;  ABINGTON; Station 382; 2019-04-09 @ 07:03:35;,19006,EMS: BACK PAINS/INJURY,2019-04-09 07:03:35,ABINGTON,HUNTINGDON PIKE & MOREDON RD,1
40.1898825,-75.1762986,HERMAN RD & HUNT DR;  HORSHAM; Station 352; 2017-11-29 @ 10:34:09;,19044,EMS: UNRESPONSIVE SUBJECT,2017-11-29 10:34:09,HORSHAM,HERMAN RD & HUNT DR,1
40.2199904,-75.1527559,W COUNTY LINE RD & KEITH VALLEY RD; HORSHAM; 2016-11-18 @ 17:11:15;,19044,Traffic: VEHICLE ACCIDENT -,2016-11-18 17:11:15,HORSHAM,W COUNTY LINE RD & KEITH VALLEY RD,1
40.0092598,-75.2869257,E MONTGOMERY AVE & GLENN RD; LOWER MERION; 2017-01-22 @ 14:52:38;,19003,Traffic: VEHICLE ACCIDENT -,2017-01-22 14:52:38,LOWER MERION,E MONTGOMERY AVE & GLENN RD,1
40.2290075,-75.3878525,PENNSYLVANIA TPKE & VALLEY CREEK RD OVERPASS; CHESTER COUNTY; 2018-10-03 @ 00:03:17;,,Traffic: VEHICLE ACCIDENT -,2018-10-03 00:03:17,CHESTER COUNTY,PENNSYLVANIA TPKE & VALLEY CREEK RD OVERPASS,1
40.2042590,-75.5401335,LEWIS RD & PINE TREE DR;  LIMERICK; Station 325; 2016-05-31 @ 10:42:46;,19468,EMS: SUBJECT IN PAIN,2016-05-31 10:42:46,LIMERICK,LEWIS RD & PINE TREE DR,1
40.2250992,-75.2076515,HORSHAM RD & GREEN TREE TAVERN RD;  HORSHAM; Station 352A; 2020-03-17 @ 22:10:49;,19454,EMS: HEAD INJURY,2020-03-17 22:10:49,HORSHAM,HORSHAM RD & GREEN TREE TAVERN RD,1
40.0808543,-75.2979850,10TH AVE & HARRY ST; CONSHOHOCKEN; 2017-10-09 @ 08:35:54-Station:STA35;,19428,Fire: VEHICLE ACCIDENT,2017-10-09 08:35:54,CONSHOHOCKEN,10TH AVE & HARRY ST,1
40.2115243,-75.2779332,WALNUT ST & S 2ND ST;  NORTH WALES; Station 345B; 2016-05-05 @ 19:19:49;,19454,EMS: CHOKING,2016-05-05 19:19:49,NORTH WALES,WALNUT ST & S 2ND ST,1
40.1461804,-75.1690698,LIMEKILN PIKE & GOLDEN DR; UPPER DUBLIN; 2018-08-23 @ 17:21:16;,19025,Traffic: VEHICLE ACCIDENT -,2018-08-23 17:21:16,UPPER DUBLIN,LIMEKILN PIKE & GOLDEN DR,1
40.1946475,-75.4660639,MAIN ST & E 1ST AVE; TRAPPE; 2017-12-22 @ 10:42:32;,19426,Traffic: VEHICLE ACCIDENT -,2017-12-22 10:42:32,TRAPPE,MAIN ST & E 1ST AVE,1
40.3453520,-75.5753947,HOFFMANSVILLE RD & GREEN HILL RD; DOUGLASS; 2017-09-01 @ 15:44:48;,19504,Traffic: VEHICLE ACCIDENT -,2017-09-01 15:44:48,DOUGLASS,HOFFMANSVILLE RD & GREEN HILL RD,1
40.1041653,-75.1322073,BAEDER RD;  ABINGTON; Station 382; 2018-07-17 @ 21:08:34;,19046,EMS: VEHICLE ACCIDENT,2018-07-17 21:08:34,ABINGTON,BAEDER RD,1
40.1444791,-75.0280245,LAWRENCE RD & LONGFELLOW RD;  LOWER MORELAND; Station 355; 2019-05-19 @ 15:19:26;,19006,EMS: LACERATIONS,2019-05-19 15:19:26,LOWER MORELAND,LAWRENCE RD & LONGFELLOW RD,1
40.2231017,-75.1964984,SLEEPY HOLLOW CT & STONEY RIVER DR;  HORSHAM; Station 352; 2017-02-25 @ 23:49:23;,19002,EMS: ABDOMINAL PAINS,2017-02-25 23:49:23,HORSHAM,SLEEPY HOLLOW CT & STONEY RIVER DR,1
40.2449706,-75.2676708,ADDISON LN & AILEEN DR;  MONTGOMERY; Station 345; 2019-06-04 @ 18:44:56;,19446,EMS: SYNCOPAL EPISODE,2019-06-04 18:44:56,MONTGOMERY,ADDISON LN & AILEEN DR,1
40.1550603,-75.1022513,DAVISVILLE RD & PENNYPACK RD;  UPPER MORELAND; Station 381; 2019-03-25 @ 14:59:44;,19040,EMS: SUBJECT IN PAIN,2019-03-25 14:59:44,UPPER MORELAND,DAVISVILLE RD & PENNYPACK RD,1
40.0722441,-75.1325966,OLD YORK RD & WEBB RD; CHELTENHAM; 2018-10-16 @ 14:44:54;,19027,Traffic: VEHICLE ACCIDENT -,2018-10-16 14:44:54,CHELTENHAM,OLD YORK RD & WEBB RD,1
40.2020831,-75.2859815,W WALNUT ST;  NORTH WALES; Station 345B; 2018-03-05 @ 08:41:44;,19454,EMS: VEHICLE ACCIDENT,2018-03-05 08:41:44,NORTH WALES,W WALNUT ST,1
40.2290075,-75.3878525,RT422 EB & RT202 OVERPASS; CHESTER COUNTY; 2018-07-11 @ 13:59:09;,,Traffic: VEHICLE ACCIDENT -,2018-07-11 13:59:09,CHESTER COUNTY,RT422 EB & RT202 OVERPASS,1
40.1626490,-75.2169847,BETHLEHEM PIKE & VALLEY BROOK RD; AMBLER; 2019-12-13 @ 15:44:11-Station:STA7;,19002,Fire: FIRE ALARM,2019-12-13 15:44:11,AMBLER,BETHLEHEM PIKE & VALLEY BROOK RD,1
40.2107008,-75.1459055,MCGUIRE ST;  HORSHAM; Station 352; 2016-10-19 @ 14:25:45;,19090,EMS: UNCONSCIOUS SUBJECT,2016-10-19 14:25:45,HORSHAM,MCGUIRE ST,1
40.1653934,-75.2829046,EXTENSION PENNSYLVANIA TPKE & DEKALB PIKE ACCESS GATE; WHITPAIN; 2020-03-12 @ 19:45:05;,,Traffic: DISABLED VEHICLE -,2020-03-12 19:45:05,WHITPAIN,EXTENSION PENNSYLVANIA TPKE & DEKALB PIKE ACCESS GATE,1
40.0845749,-75.1332791,RIVER BIRCH CIR; CHELTENHAM; 2016-02-21 @ 13:52:23-Station:STA5;,19027,Fire: UNKNOWN TYPE FIRE,2016-02-21 13:52:23,CHELTENHAM,RIVER BIRCH CIR,1
40.2563601,-75.6400219,CHARLOTTE ST & NIGHTINGALE ST;  POTTSTOWN; Station 329B; 2018-09-03 @ 08:49:31;,19464,EMS: SEIZURES,2018-09-03 08:49:31,POTTSTOWN,CHARLOTTE ST & NIGHTINGALE ST,1
40.2334340,-75.6547628,SCHUYLKILL RD & COYNE ALY;  CHESTER COUNTY; Station 3A84; 2016-11-15 @ 09:37:57;,19465,EMS: CARDIAC EMERGENCY,2016-11-15 09:37:57,CHESTER COUNTY,SCHUYLKILL RD & COYNE ALY,1
40.0945485,-75.2600309,JOSHUA RD & 1ST ST;  WHITEMARSH; Station 318; 2019-03-06 @ 07:29:30;,19444,EMS: DIZZINESS,2019-03-06 07:29:30,WHITEMARSH,JOSHUA RD & 1ST ST,1
40.3116295,-75.3310962,SUMMIT ST & COLONIAL AVE;  FRANCONIA; Station 339; 2016-09-05 @ 23:42:37;,18964,EMS: HEAD INJURY,2016-09-05 23:42:37,FRANCONIA,SUMMIT ST & COLONIAL AVE,1
40.0972222,-75.3761952,PENNSYLVANIA TPKE & RAMP I276 WB TO KOFP SERVICE PLZ; UPPER MERION; 2020-05-22 @ 13:42:09;,,Traffic: VEHICLE ACCIDENT -,2020-05-22 13:42:09,UPPER MERION,PENNSYLVANIA TPKE & RAMP I276 WB TO KOFP SERVICE PLZ,1
40.1160744,-75.1679535,WALNUT AVE & RUSCOMBE AVE;  ABINGTON; Station 383; 2018-02-05 @ 13:38:48;,19038,EMS: FALL VICTIM,2018-02-05 13:38:48,ABINGTON,WALNUT AVE & RUSCOMBE AVE,1
40.1671780,-75.1323606,BLAIR MILL RD & CARRELL LN;  UPPER MORELAND; Station 384; 2017-10-16 @ 12:44:58;,19090,EMS: CARDIAC EMERGENCY,2017-10-16 12:44:58,UPPER MORELAND,BLAIR MILL RD & CARRELL LN,1
39.9997504,-75.2496990,MERION RD;  LOWER MERION; Station 313; 2019-05-26 @ 07:06:02;,19066,EMS: VEHICLE ACCIDENT,2019-05-26 07:06:02,LOWER MERION,MERION RD,1
40.0837614,-75.1422046,WASHINGTON LN & W CHURCH RD; CHELTENHAM; 2020-02-04 @ 09:05:18;,19095,Traffic: VEHICLE ACCIDENT -,2020-02-04 09:05:18,CHELTENHAM,WASHINGTON LN & W CHURCH RD,1
40.1786998,-75.2051086,NORRISTOWN RD & TENNIS AVE;  LOWER GWYNEDD; Station 351; 2018-09-07 @ 11:20:00;,19002,EMS: CARDIAC EMERGENCY,2018-09-07 11:20:00,LOWER GWYNEDD,NORRISTOWN RD & TENNIS AVE,1
40.0871744,-75.2603551,RIDGE PIKE & N GILINGER RD; WHITEMARSH; 2020-04-30 @ 12:08:19;,19444,Traffic: DISABLED VEHICLE -,2020-04-30 12:08:19,WHITEMARSH,RIDGE PIKE & N GILINGER RD,1
40.1431830,-75.1191500,PARK AVE & MORELAND RD; UPPER MORELAND; 2017-12-22 @ 17:24:30;,19090,Traffic: VEHICLE ACCIDENT -,2017-12-22 17:24:30,UPPER MORELAND,PARK AVE & MORELAND RD,1
40.2442402,-75.6277451,HIGH ST & N KEIM ST; POTTSTOWN; 2018-04-26 @ 21:10:53;,19464,Traffic: VEHICLE ACCIDENT -,2018-04-26 21:10:53,POTTSTOWN,HIGH ST & N KEIM ST,1
40.1295515,-75.3785172,MIDDLETON PL & DEAD END;  WEST NORRITON; Station 308B; 2019-10-05 @ 04:27:15;,,EMS: GENERAL WEAKNESS,2019-10-05 04:27:15,WEST NORRITON,MIDDLETON PL & DEAD END,1
40.1772723,-75.1061958,MORELAND AVE & S YORK RD;  HATBORO; Station 384; 2019-07-26 @ 17:18:39;,19040,EMS: UNKNOWN MEDICAL EMERGENCY,2019-07-26 17:18:39,HATBORO,MORELAND AVE & S YORK RD,1
40.2449296,-75.5970443,PLEASANT VIEW RD & E HIGH ST;  LOWER POTTSGROVE; Station 329B; 2017-10-09 @ 11:41:08;,19464,EMS: CARDIAC EMERGENCY,2017-10-09 11:41:08,LOWER POTTSGROVE,PLEASANT VIEW RD & E HIGH ST,1
40.2495317,-75.6720055,CUSTER CT & W BUTTONWOOD ST;  POTTSTOWN; Station 329; 2017-02-05 @ 12:48:26;,19464,EMS: UNKNOWN MEDICAL EMERGENCY,2017-02-05 12:48:26,POTTSTOWN,CUSTER CT & W BUTTONWOOD ST,1
40.1600068,-77.6868167,EXTENSION PENNSYLVANIA TPKE & RAMP I276 WB TO I476 NB; WHITPAIN; 2020-01-30 @ 08:44:39;,,Traffic: ROAD OBSTRUCTION -,2020-01-30 08:44:39,WHITPAIN,EXTENSION PENNSYLVANIA TPKE & RAMP I276 WB TO I476 NB,1
40.0838870,-75.3572280,HENDERSON RD & QUEENS DR; UPPER MERION; 2018-11-30 @ 10:33:02-Station:STA48;,19406,Fire: GAS-ODOR/LEAK,2018-11-30 10:33:02,UPPER MERION,HENDERSON RD & QUEENS DR,1
40.1974958,-75.2039050,TALAMORE DR & ASHRIDGE CT; HORSHAM; 2019-06-16 @ 01:11:12-Station:STA15;,19002,Fire: VEHICLE FIRE,2019-06-16 01:11:12,HORSHAM,TALAMORE DR & ASHRIDGE CT,1
40.2345047,-75.2625788,MONTICELLO PL & NORWAY DR;  LANSDALE; Station 345; 2017-04-27 @ 08:29:34;,19446,EMS: MEDICAL ALERT ALARM,2017-04-27 08:29:34,LANSDALE,MONTICELLO PL & NORWAY DR,1
40.0086800,-75.2107603,E CITY AVE & PRESIDENTIAL BLVD; LOWER MERION; 2016-04-20 @ 16:17:05;,19004,Traffic: VEHICLE ACCIDENT -,2016-04-20 16:17:05,LOWER MERION,E CITY AVE & PRESIDENTIAL BLVD,1
40.1037081,-75.1902397,BERGAN RD & SHADY LN;  SPRINGFIELD; Station 311; 2017-03-30 @ 15:16:36;,19075,EMS: UNKNOWN MEDICAL EMERGENCY,2017-03-30 15:16:36,SPRINGFIELD,BERGAN RD & SHADY LN,1
39.9961161,-75.2373430,CITY AVE & ORCHARD RD;  LOWER MERION; Station 313; 2019-04-03 @ 20:39:03;,19066,EMS: CVA/STROKE,2019-04-03 20:39:03,LOWER MERION,CITY AVE & ORCHARD RD,1
40.2547355,-75.6175194,IVY LN & N KEIM ST;  LOWER POTTSGROVE; Station 329B; 2018-11-17 @ 12:56:16;,19464,EMS: LACERATIONS,2018-11-17 12:56:16,LOWER POTTSGROVE,IVY LN & N KEIM ST,1
40.0797044,-75.1149724,TOWNSHIP LINE RD & HIGH SCHOOL RD; ABINGTON; 2017-08-02 @ 16:45:42;,19027,Traffic: VEHICLE FIRE -,2017-08-02 16:45:42,ABINGTON,TOWNSHIP LINE RD & HIGH SCHOOL RD,1
40.0005459,-75.2855270,W WYNNEWOOD RD & ARGYLE RD; LOWER MERION; 2019-09-19 @ 17:14:04;,19096,Traffic: VEHICLE ACCIDENT -,2019-09-19 17:14:04,LOWER MERION,W WYNNEWOOD RD & ARGYLE RD,1
40.1546984,-75.1392426,WELSH RD & COMPUTER AVE; UPPER MORELAND; 2017-08-14 @ 01:16:44-Station:STA10;,19090,Fire: FIRE INVESTIGATION,2017-08-14 01:16:44,UPPER MORELAND,WELSH RD & COMPUTER AVE,1
40.0912673,-75.2179777,GORDON RD & WHITEMARSH AVE; SPRINGFIELD; 2017-03-07 @ 12:22:02;,19038,Traffic: ROAD OBSTRUCTION -,2017-03-07 12:22:02,SPRINGFIELD,GORDON RD & WHITEMARSH AVE,1
40.1925336,-75.1529228,PRECISION RD & HORSHAM RD; HORSHAM; 2020-02-07 @ 00:30:06-Station:STA15;,19044,Fire: FIRE ALARM,2020-02-07 00:30:06,HORSHAM,PRECISION RD & HORSHAM RD,1
40.2586572,-75.2228042,BEACON CT & CLAREMONT DR;  MONTGOMERY; Station 345A; 2019-12-20 @ 08:40:02;,19446,EMS: GENERAL WEAKNESS,2019-12-20 08:40:02,MONTGOMERY,BEACON CT & CLAREMONT DR,1
40.1563876,-75.4026150,OAKLYN AVE & RIDGE PIKE;  LOWER PROVIDENCE; Station 322; 2018-01-26 @ 10:27:24;,19403,EMS: ABDOMINAL PAINS,2018-01-26 10:27:24,LOWER PROVIDENCE,OAKLYN AVE & RIDGE PIKE,1
40.1422617,-75.3898091,RIDGE PIKE & N TROOPER RD; LOWER PROVIDENCE; 2017-10-02 @ 05:54:18;,19403,Traffic: DISABLED VEHICLE -,2017-10-02 05:54:18,LOWER PROVIDENCE,RIDGE PIKE & N TROOPER RD,1
40.0249667,-75.2829046,BLUEROUTE  & OLD GULPH RD OVERPASS; LOWER MERION; 2016-08-13 @ 03:52:40;,,Traffic: VEHICLE LEAKING FUEL -,2016-08-13 03:52:40,LOWER MERION,BLUEROUTE  & OLD GULPH RD OVERPASS,1
40.2387314,-75.5784013,EVERGREEN RD; LOWER POTTSGROVE; 2019-05-31 @ 12:53:33-Station:STA58;,19464,Fire: VEHICLE ACCIDENT,2019-05-31 12:53:33,LOWER POTTSGROVE,EVERGREEN RD,1
40.1325208,-75.1526926,SUSQUEHANNA RD & FITZWATERTOWN RD; UPPER DUBLIN; 2019-03-09 @ 08:25:24;,19025,Traffic: DISABLED VEHICLE -,2019-03-09 08:25:24,UPPER DUBLIN,SUSQUEHANNA RD & FITZWATERTOWN RD,1
40.1330371,-75.4084631,SHANNONDELL DR & SHANNONDELL BLVD;  LOWER PROVIDENCE; Station 322A; 2016-06-10 @ 06:18:25;,19403,EMS: FALL VICTIM,2016-06-10 06:18:25,LOWER PROVIDENCE,SHANNONDELL DR & SHANNONDELL BLVD,1
40.2629833,-75.3193739,FORTY FOOT RD & WELSH RD; HATFIELD TOWNSHIP; 2016-10-03 @ 18:14:03;,19446,Traffic: VEHICLE ACCIDENT -,2016-10-03 18:14:03,HATFIELD TOWNSHIP,FORTY FOOT RD & WELSH RD,1
40.1397628,-75.3863985,MAIN ST & LAWN AVE;  WEST NORRITON; Station 308B; 2017-09-19 @ 14:19:33;,19403,EMS: OVERDOSE,2017-09-19 14:19:33,WEST NORRITON,MAIN ST & LAWN AVE,1
40.1159150,-75.3431841,CHURCH ST & E AIRY ST;  NORRISTOWN; Station 308A; 2018-11-20 @ 15:01:35;,19401,EMS: RESPIRATORY EMERGENCY,2018-11-20 15:01:35,NORRISTOWN,CHURCH ST & E AIRY ST,1
40.1152488,-75.3413789,DEKALB ST & E AIRY ST;  NORRISTOWN; Station 308A; 2017-01-25 @ 12:39:20;,19401,EMS: FALL VICTIM,2017-01-25 12:39:20,NORRISTOWN,DEKALB ST & E AIRY ST,1
40.1507107,-75.0552739,HAWK CIR & DEAD END;  LOWER MORELAND; Station 355; 2016-12-05 @ 19:33:10;,,EMS: FALL VICTIM,2016-12-05 19:33:10,LOWER MORELAND,HAWK CIR & DEAD END,1
40.0024841,-75.2322128,HAZEL LN & UNION AVE; LOWER MERION; 2017-12-25 @ 09:16:06;,19004,Traffic: ROAD OBSTRUCTION -,2017-12-25 09:16:06,LOWER MERION,HAZEL LN & UNION AVE,1
40.2081644,-75.5426597,LEWIS RD & S LIMERICK RD; LIMERICK; 2017-02-07 @ 21:35:33;,19468,Traffic: VEHICLE ACCIDENT -,2017-02-07 21:35:33,LIMERICK,LEWIS RD & S LIMERICK RD,1
40.2620151,-75.5473792,KURTZ RD & SWAMP PIKE; NEW HANOVER; 2017-02-09 @ 09:49:52;,19473,Traffic: HAZARDOUS ROAD CONDITIONS -,2017-02-09 09:49:52,NEW HANOVER,KURTZ RD & SWAMP PIKE,1
40.0711662,-75.1338280,ASHBOURNE RD & OLD YORK RD;  CHELTENHAM; Station 358; 2019-03-01 @ 17:00:24;,19027,EMS: VEHICLE ACCIDENT,2019-03-01 17:00:24,CHELTENHAM,ASHBOURNE RD & OLD YORK RD,1
40.0753031,-75.1604141,CHELTENHAM AVE & LIMEKILN PIKE; CHELTENHAM; 2019-10-04 @ 23:00:19;,19095,Traffic: VEHICLE ACCIDENT -,2019-10-04 23:00:19,CHELTENHAM,CHELTENHAM AVE & LIMEKILN PIKE,1
40.1158257,-75.3071398,GRAVERS RD & BELVOIR RD;  PLYMOUTH; Station 308; 2019-11-20 @ 16:45:40;,19462,EMS: FRACTURE,2019-11-20 16:45:40,PLYMOUTH,GRAVERS RD & BELVOIR RD,1
40.2806101,-75.2924128,MAPLE AVE & CHESTNUT ST;  HATFIELD TOWNSHIP; Station 345; 2018-07-14 @ 15:54:17;,19440,EMS: SHOOTING,2018-07-14 15:54:17,HATFIELD TOWNSHIP,MAPLE AVE & CHESTNUT ST,1
40.0591816,-75.1107490,PLEASANT HILL DR & BERWYN RD; CHELTENHAM; 2016-07-15 @ 16:46:42;,19012,Traffic: ROAD OBSTRUCTION -,2016-07-15 16:46:42,CHELTENHAM,PLEASANT HILL DR & BERWYN RD,1
40.0377528,-75.3175950,ITHAN AVE & POND LN;  LOWER MERION; Station 313A; 2018-02-25 @ 16:25:14;,19010,EMS: CARDIAC ARREST,2018-02-25 16:25:14,LOWER MERION,ITHAN AVE & POND LN,1
40.1685378,-75.4982005,BLACK ROCK RD & S TRAPPE RD;  UPPER PROVIDENCE; Station 325; 2017-05-15 @ 21:05:46;,19468,EMS: CARDIAC ARREST,2017-05-15 21:05:46,UPPER PROVIDENCE,BLACK ROCK RD & S TRAPPE RD,1
40.2413204,-75.2428276,BETHLEHEM PIKE & NORTH WALES RD; MONTGOMERY; 2019-11-30 @ 15:58:42;,19454,Traffic: VEHICLE ACCIDENT -,2019-11-30 15:58:42,MONTGOMERY,BETHLEHEM PIKE & NORTH WALES RD,1
40.1317128,-75.3695827,W MARSHALL ST & N WHITEHALL RD; WEST NORRITON; 2019-10-22 @ 19:24:51;,19403,Traffic: VEHICLE ACCIDENT -,2019-10-22 19:24:51,WEST NORRITON,W MARSHALL ST & N WHITEHALL RD,1
40.2310857,-75.2439793,CHESWICK DR & DEKALB PIKE; MONTGOMERY; 2017-05-05 @ 16:18:39;,19454,Traffic: VEHICLE ACCIDENT -,2017-05-05 16:18:39,MONTGOMERY,CHESWICK DR & DEKALB PIKE,1
40.2017616,-75.1305261,BUCKMAN DR & BRUMAR DR;  HORSHAM; Station 352; 2020-05-03 @ 11:45:58;,19040,EMS: ABDOMINAL PAINS,2020-05-03 11:45:58,HORSHAM,BUCKMAN DR & BRUMAR DR,1
40.1082048,-75.3202254,LUCETTA ST & BROOK ALY;  PLYMOUTH; Station 308A; 2016-03-26 @ 06:15:10;,19462,EMS: NAUSEA/VOMITING,2016-03-26 06:15:10,PLYMOUTH,LUCETTA ST & BROOK ALY,1
40.1192674,-75.3579515,LAFAYETTE ST & NOBLE ST;  NORRISTOWN; Station 308A; 2016-10-29 @ 23:02:51;,19401,EMS: HEMORRHAGING,2016-10-29 23:02:51,NORRISTOWN,LAFAYETTE ST & NOBLE ST,1
40.0053879,-75.2410485,MONTGOMERY AVE & TREGARON RD;  LOWER MERION; Station 313; 2020-02-04 @ 19:40:49;,19004,EMS: HEAD INJURY,2020-02-04 19:40:49,LOWER MERION,MONTGOMERY AVE & TREGARON RD,1
40.1302785,-75.4521468,MILL RD & CRESSON BLVD;  UPPER PROVIDENCE; Station 322A; 2018-04-27 @ 17:44:21;,19460,EMS: VEHICLE ACCIDENT,2018-04-27 17:44:21,UPPER PROVIDENCE,MILL RD & CRESSON BLVD,1
40.2303171,-75.4999707,GRATERFORD RD & SCHOOL RD; LIMERICK; 2016-02-06 @ 17:22:49;,19473,Traffic: VEHICLE ACCIDENT -,2016-02-06 17:22:49,LIMERICK,GRATERFORD RD & SCHOOL RD,1
40.1652568,-75.1106869,YORK RD & ARMOUR RD;  UPPER MORELAND; Station 384; 2017-03-11 @ 16:41:35;,19040,EMS: DIABETIC EMERGENCY,2017-03-11 16:41:35,UPPER MORELAND,YORK RD & ARMOUR RD,1
40.0920722,-75.3782293,WILLIAMS RD & NANCYS LN;  UPPER MERION; Station 317; 2018-02-26 @ 22:32:41;,19406,EMS: NAUSEA/VOMITING,2018-02-26 22:32:41,UPPER MERION,WILLIAMS RD & NANCYS LN,1
40.1544376,-75.2137788,S BETHLEHEM PIKE & EUCLID AVE; AMBLER; 2018-12-12 @ 09:31:22;,19002,Traffic: VEHICLE ACCIDENT -,2018-12-12 09:31:22,AMBLER,S BETHLEHEM PIKE & EUCLID AVE,1
40.1273716,-75.0697493,WOODLAND RD & ALDEN RD; BRYN ATHYN; 2018-01-08 @ 01:14:05-Station:STA11;,19009,Fire: FIRE INVESTIGATION,2018-01-08 01:14:05,BRYN ATHYN,WOODLAND RD & ALDEN RD,1
40.1117978,-75.3436082,SCHUYLKILL AVE & DEKALB ST; NORRISTOWN; 2019-01-07 @ 18:03:32-Station:STA27;,19401,Fire: APPLIANCE FIRE,2019-01-07 18:03:32,NORRISTOWN,SCHUYLKILL AVE & DEKALB ST,1
40.1494950,-75.2211215,MAIN ST & MARY AMBLER WAY;  AMBLER; Station 351; 2019-03-23 @ 07:07:19;,19002,EMS: RESPIRATORY EMERGENCY,2019-03-23 07:07:19,AMBLER,MAIN ST & MARY AMBLER WAY,1
40.1152488,-75.3413789,DEKALB ST;  NORRISTOWN; Station 308A; 2019-10-12 @ 13:54:31;,,EMS: HEAD INJURY,2019-10-12 13:54:31,NORRISTOWN,DEKALB ST,1
40.1241473,-75.0609301,RED LION RD & MURRAY AVE;  LOWER MORELAND; Station 355; 2017-07-13 @ 11:01:37;,19006,EMS: SEIZURES,2017-07-13 11:01:37,LOWER MORELAND,RED LION RD & MURRAY AVE,1
40.1302785,-75.4521468,MILL RD & CRESSON BLVD;  UPPER PROVIDENCE; Station 322A; 2017-03-12 @ 17:09:39;,19460,EMS: DIABETIC EMERGENCY,2017-03-12 17:09:39,UPPER PROVIDENCE,MILL RD & CRESSON BLVD,1
40.1160765,-75.3436490,SWEDE ST & W AIRY ST;  NORRISTOWN; Station 308A; 2016-01-11 @ 17:51:10;,19401,EMS: SUBJECT IN PAIN,2016-01-11 17:51:10,NORRISTOWN,SWEDE ST & W AIRY ST,1
40.2741374,-75.6604687,UPLAND SQUARE DR & SELL RD; WEST POTTSGROVE; 2019-12-13 @ 19:02:53;,19464,Traffic: DISABLED VEHICLE -,2019-12-13 19:02:53,WEST POTTSGROVE,UPLAND SQUARE DR & SELL RD,1
40.2388099,-75.3679933,BRIDGE RD & OLD FORTY FOOT RD; TOWAMENCIN; 2019-02-08 @ 17:33:11;,19438,Traffic: VEHICLE ACCIDENT -,2019-02-08 17:33:11,TOWAMENCIN,BRIDGE RD & OLD FORTY FOOT RD,1
40.1504483,-75.4778772,BLACK ROCK RD & TROUTMAN RD; UPPER PROVIDENCE; 2016-07-30 @ 16:25:07;,19460,Traffic: DISABLED VEHICLE -,2016-07-30 16:25:07,UPPER PROVIDENCE,BLACK ROCK RD & TROUTMAN RD,1
40.0840520,-75.2963700,FAYETTE ST & E 13TH AVE;  PLYMOUTH; Station 308; 2017-02-23 @ 14:27:50;,19428,EMS: ASSAULT VICTIM,2017-02-23 14:27:50,PLYMOUTH,FAYETTE ST & E 13TH AVE,1
40.0081299,-75.2888131,COULTER AVE & ST JAMES PL; LOWER MERION; 2016-09-17 @ 09:39:44;,19003,Traffic: VEHICLE ACCIDENT -,2016-09-17 09:39:44,LOWER MERION,COULTER AVE & ST JAMES PL,1
40.2290075,-75.3878525,RT422  & TURNPIKE OVERPASS; CHESTER COUNTY; 2018-12-20 @ 15:45:04-Station:STA47;,,Fire: VEHICLE ACCIDENT,2018-12-20 15:45:04,CHESTER COUNTY,RT422  & TURNPIKE OVERPASS,1
40.2456734,-75.2796667,BROAD ST & E 6TH ST;  LANSDALE; Station 345; 2016-11-16 @ 17:21:02;,19446,EMS: CARDIAC EMERGENCY,2016-11-16 17:21:02,LANSDALE,BROAD ST & E 6TH ST,1
40.1058286,-75.3467566,DEKALB ST & W 4TH ST; BRIDGEPORT; 2019-01-18 @ 14:52:26;,19405,Traffic: VEHICLE ACCIDENT -,2019-01-18 14:52:26,BRIDGEPORT,DEKALB ST & W 4TH ST,1
40.1285070,-75.3371066,MARKLEY ST & W FREEDLEY ST;  NORRISTOWN; Station 308A; 2016-05-10 @ 11:46:22;,19401,EMS: UNCONSCIOUS SUBJECT,2016-05-10 11:46:22,NORRISTOWN,MARKLEY ST & W FREEDLEY ST,1
40.3305544,-75.6238893,MONTGOMERY AVE & E 6TH ST;  DOUGLASS; Station 332; 2016-11-26 @ 05:38:27;,19512,EMS: LACERATIONS,2016-11-26 05:38:27,DOUGLASS,MONTGOMERY AVE & E 6TH ST,1
40.2438155,-75.5737710,RIDGE PIKE & RUPERT RD;  LIMERICK; Station 324A; 2018-09-27 @ 06:31:07;,19464,EMS: FALL VICTIM,2018-09-27 06:31:07,LIMERICK,RIDGE PIKE & RUPERT RD,1
40.2522137,-75.2522111,COWPATH RD;  MONTGOMERY; Station 345; 2016-03-14 @ 19:27:39;,,EMS: SEIZURES,2016-03-14 19:27:39,MONTGOMERY,COWPATH RD,1
40.0859138,-75.2512428,CRESCENT AVE & GERMANTOWN PIKE; WHITEMARSH; 2019-07-14 @ 16:26:05;,19444,Traffic: VEHICLE ACCIDENT -,2019-07-14 16:26:05,WHITEMARSH,CRESCENT AVE & GERMANTOWN PIKE,1
40.4106035,-75.4736714,GERYVILLE PIKE & JOHN FRIES HWY; UPPER HANOVER; 2019-08-22 @ 05:27:44;,18073,Traffic: VEHICLE ACCIDENT -,2019-08-22 05:27:44,UPPER HANOVER,GERYVILLE PIKE & JOHN FRIES HWY,1
40.0972222,-75.3761952,RT422  & W VALLEY FORGE RD OVERPASS; UPPER MERION; 2019-11-02 @ 05:42:11;,,Traffic: ROAD OBSTRUCTION -,2019-11-02 05:42:11,UPPER MERION,RT422  & W VALLEY FORGE RD OVERPASS,1
40.2519803,-75.4595257,SKIPPACK PIKE & HALDEMAN RD; PERKIOMEN; 2016-10-09 @ 14:06:16-Station:STA86;,19473,Fire: FIRE POLICE NEEDED,2016-10-09 14:06:16,PERKIOMEN,SKIPPACK PIKE & HALDEMAN RD,1
40.1082672,-75.3062326,RAMP I476 SB TO RIDGE PIKE & BLUEROUTE SB; PLYMOUTH; 2018-12-19 @ 11:55:47;,,Traffic: VEHICLE ACCIDENT -,2018-12-19 11:55:47,PLYMOUTH,RAMP I476 SB TO RIDGE PIKE & BLUEROUTE SB,1
40.2797430,-75.2770721,BETHLEHEM PIKE & RR CROSSING;  HATFIELD TOWNSHIP; Station 345; 2016-09-15 @ 19:05:21;,,EMS: GENERAL WEAKNESS,2016-09-15 19:05:21,HATFIELD TOWNSHIP,BETHLEHEM PIKE & RR CROSSING,1
40.1646555,-75.2863126,SKIPPACK PIKE & CRESTLINE DR;  WHITPAIN; Station 385; 2020-04-07 @ 13:28:12;,19422,EMS: VEHICLE ACCIDENT,2020-04-07 13:28:12,WHITPAIN,SKIPPACK PIKE & CRESTLINE DR,1
40.1795116,-75.2777325,DEKALB PIKE & MORRIS RD;  WHITPAIN; Station 385; 2018-03-08 @ 11:05:28;,19422,EMS: SYNCOPAL EPISODE,2018-03-08 11:05:28,WHITPAIN,DEKALB PIKE & MORRIS RD,1
40.3661693,-75.4174792,WHITES MILL RD;  MARLBOROUGH; Station 344A; 2016-09-16 @ 09:48:05;,18054,EMS: VEHICLE ACCIDENT,2016-09-16 09:48:05,MARLBOROUGH,WHITES MILL RD,1
40.2388477,-75.6155117,ARMAND HAMMER BLVD & MEDICAL DR; LOWER POTTSGROVE; 2019-02-26 @ 08:00:23;,19464,Traffic: DISABLED VEHICLE -,2019-02-26 08:00:23,LOWER POTTSGROVE,ARMAND HAMMER BLVD & MEDICAL DR,1
40.1343089,-75.1174195,ROCKWELL RD & TREMONT AVE;  ABINGTON; Station 381; 2017-09-01 @ 07:52:25;,19001,EMS: UNKNOWN MEDICAL EMERGENCY,2017-09-01 07:52:25,ABINGTON,ROCKWELL RD & TREMONT AVE,1
40.0138560,-75.2279595,BELMONT AVE;  LOWER MERION; Station 313; 2017-06-06 @ 14:09:04;,19004,EMS: VEHICLE ACCIDENT,2017-06-06 14:09:04,LOWER MERION,BELMONT AVE,1
40.1414828,-75.1171420,MORELAND RD & EASTON RD;  ABINGTON; Station 381; 2017-08-11 @ 13:16:26;,19090,EMS: SEIZURES,2017-08-11 13:16:26,ABINGTON,MORELAND RD & EASTON RD,1
40.2133024,-75.2724803,6TH ST & CHURCH ST;  NORTH WALES; Station 345B; 2016-03-30 @ 17:08:29;,19454,EMS: HEAD INJURY,2016-03-30 17:08:29,NORTH WALES,6TH ST & CHURCH ST,1
40.1938129,-75.2421421,STONEBRIDGE RD & SUMNEYTOWN PIKE;  LOWER GWYNEDD; Station 351; 2017-05-17 @ 20:49:58;,19002,EMS: MEDICAL ALERT ALARM,2017-05-17 20:49:58,LOWER GWYNEDD,STONEBRIDGE RD & SUMNEYTOWN PIKE,1
40.2553982,-75.3068555,WELSH RD & GRIST MILL DR;  HATFIELD TOWNSHIP; Station 345; 2017-09-02 @ 05:35:44;,19446,EMS: UNCONSCIOUS SUBJECT,2017-09-02 05:35:44,HATFIELD TOWNSHIP,WELSH RD & GRIST MILL DR,1
40.1793752,-75.2362381,MCKEAN RD & RT309 OVERPASS;  LOWER GWYNEDD; Station 351; 2016-04-03 @ 18:20:10;,,EMS: SYNCOPAL EPISODE,2016-04-03 18:20:10,LOWER GWYNEDD,MCKEAN RD & RT309 OVERPASS,1
40.0972222,-75.3761952,SCHUYLKILL EXPY & RAMP RT202 NB TO I76 EB; UPPER MERION; 2018-06-17 @ 16:56:44;,,Traffic: VEHICLE ACCIDENT -,2018-06-17 16:56:44,UPPER MERION,SCHUYLKILL EXPY & RAMP RT202 NB TO I76 EB,1
40.1003438,-75.2939548,CHEMICAL RD & GALLAGHER RD; PLYMOUTH; 2017-06-09 @ 13:25:06;,19462,Traffic: DISABLED VEHICLE -,2017-06-09 13:25:06,PLYMOUTH,CHEMICAL RD & GALLAGHER RD,1
40.1082672,-75.3062326,BLUEROUTE  & CONSHOHOCKEN RD UNDERPASS; PLYMOUTH; 2018-09-14 @ 18:08:25;,,Traffic: VEHICLE ACCIDENT -,2018-09-14 18:08:25,PLYMOUTH,BLUEROUTE  & CONSHOHOCKEN RD UNDERPASS,1
40.2281549,-75.5330076,LEWIS RD & SAND TRAP DR;  LIMERICK; Station 324A; 2018-03-26 @ 08:04:23;,19468,EMS: FALL VICTIM,2018-03-26 08:04:23,LIMERICK,LEWIS RD & SAND TRAP DR,1
40.1198332,-75.1253492,SUSQUEHANNA RD & TYSON AVE OVERPASS; ABINGTON; 2016-10-06 @ 08:29:52;,,Traffic: VEHICLE ACCIDENT -,2016-10-06 08:29:52,ABINGTON,SUSQUEHANNA RD & TYSON AVE OVERPASS,1
40.1557213,-75.2194098,E BUTLER AVE & LINDENWOLD AVE; AMBLER; 2017-08-22 @ 19:51:39;,19002,Traffic: VEHICLE ACCIDENT -,2017-08-22 19:51:39,AMBLER,E BUTLER AVE & LINDENWOLD AVE,1
40.1688525,-75.5231438,2ND AVE & HAFNER RD; UPPER PROVIDENCE; 2018-01-10 @ 02:10:12;,19468,Traffic: VEHICLE ACCIDENT -,2018-01-10 02:10:12,UPPER PROVIDENCE,2ND AVE & HAFNER RD,1
40.1307346,-75.1313096,HIGH AVE & PERSHING AVE; ABINGTON; 2017-02-21 @ 19:35:40;,19001,Traffic: VEHICLE ACCIDENT -,2017-02-21 19:35:40,ABINGTON,HIGH AVE & PERSHING AVE,1
40.1566208,-75.4113257,EAGLEVILLE RD & SUNDERLAND DR;  LOWER PROVIDENCE; Station 322; 2018-05-09 @ 22:05:47;,19403,EMS: RESPIRATORY EMERGENCY,2018-05-09 22:05:47,LOWER PROVIDENCE,EAGLEVILLE RD & SUNDERLAND DR,1
40.1429762,-75.3257563,HILLCREST AVE & BRIAR LN;  EAST NORRITON; Station 308; 2018-01-28 @ 11:07:12;,19401,EMS: SEIZURES,2018-01-28 11:07:12,EAST NORRITON,HILLCREST AVE & BRIAR LN,1
40.1232246,-75.2907657,GERMANTOWN PIKE & SANDY HILL RD; PLYMOUTH; 2019-11-22 @ 09:58:01;,19462,Traffic: VEHICLE ACCIDENT -,2019-11-22 09:58:01,PLYMOUTH,GERMANTOWN PIKE & SANDY HILL RD,1
40.1112176,-75.0764435,HUNTINGDON PIKE;  ABINGTON; Station 382; 2019-10-20 @ 02:16:27;,,EMS: UNKNOWN MEDICAL EMERGENCY,2019-10-20 02:16:27,ABINGTON,HUNTINGDON PIKE,1
40.0760226,-75.1903594,PINE RD; SPRINGFIELD; 2016-10-16 @ 12:01:13-Station:STA82;,19038,Fire: GAS-ODOR/LEAK,2016-10-16 12:01:13,SPRINGFIELD,PINE RD,1
40.2441030,-75.6290690,HIGH ST & EDGEWOOD ST;  POTTSTOWN; Station 329; 2017-03-30 @ 15:56:49;,19464,EMS: ASSAULT VICTIM,2017-03-30 15:56:49,POTTSTOWN,HIGH ST & EDGEWOOD ST,1
40.1214076,-75.3502155,KOHN ST & W BLACKBERRY ALY;  NORRISTOWN; Station 308A; 2019-03-21 @ 10:59:34;,19401,EMS: FALL VICTIM,2019-03-21 10:59:34,NORRISTOWN,KOHN ST & W BLACKBERRY ALY,1
40.0972222,-75.3761952,RT422  & N GULPH RD UNDERPASS; UPPER MERION; 2016-07-18 @ 22:30:17;,,Traffic: VEHICLE ACCIDENT -,2016-07-18 22:30:17,UPPER MERION,RT422  & N GULPH RD UNDERPASS,1
40.1973574,-75.1246051,HEMLOCK DR & HIDDEN CREEK DR;  HORSHAM; Station 352; 2017-01-07 @ 06:48:24;,19040,EMS: NAUSEA/VOMITING,2017-01-07 06:48:24,HORSHAM,HEMLOCK DR & HIDDEN CREEK DR,1
40.0997170,-75.1544600,EASTON RD & WESLEY AVE; CHELTENHAM; 2017-11-18 @ 09:21:25;,19038,Traffic: VEHICLE ACCIDENT -,2017-11-18 09:21:25,CHELTENHAM,EASTON RD & WESLEY AVE,1
40.1417319,-75.3126075,E GERMANTOWN PIKE & DEKALB PIKE; EAST NORRITON; 2018-08-15 @ 18:50:30;,19401,Traffic: DISABLED VEHICLE -,2018-08-15 18:50:30,EAST NORRITON,E GERMANTOWN PIKE & DEKALB PIKE,1
40.1376366,-75.2718463,WALTON RD & STENTON AVE; WHITPAIN; 2019-02-13 @ 12:01:21;,19422,Traffic: VEHICLE ACCIDENT -,2019-02-13 12:01:21,WHITPAIN,WALTON RD & STENTON AVE,1
40.0795139,-75.3486367,SCHOOL LINE DR & EDGEWOOD RD;  UPPER MERION; Station 317; 2016-09-02 @ 05:24:49;,19406,EMS: LACERATIONS,2016-09-02 05:24:49,UPPER MERION,SCHOOL LINE DR & EDGEWOOD RD,1
40.2456734,-75.2796667,BROAD ST & E 6TH ST;  LANSDALE; Station 345; 2018-07-08 @ 16:45:40;,19446,EMS: ABDOMINAL PAINS,2018-07-08 16:45:40,LANSDALE,BROAD ST & E 6TH ST,1
40.2644844,-75.6492695,RT100 NB & N STATE ST; UPPER POTTSGROVE; 2020-01-06 @ 16:27:07;,19464,Traffic: VEHICLE ACCIDENT -,2020-01-06 16:27:07,UPPER POTTSGROVE,RT100 NB & N STATE ST,1
40.3496879,-75.3813084,ALLENTOWN RD & RIDGE RD;  SALFORD; Station 339; 2018-06-06 @ 08:08:03;,18969,EMS: GENERAL WEAKNESS,2018-06-06 08:08:03,SALFORD,ALLENTOWN RD & RIDGE RD,1
40.0008295,-75.2936302,EDGEMONT AVE & E SPRING AVE;  LOWER MERION; Station 313; 2017-01-04 @ 09:59:15;,19003,EMS: RESPIRATORY EMERGENCY,2017-01-04 09:59:15,LOWER MERION,EDGEMONT AVE & E SPRING AVE,1
40.1829511,-75.1160776,BLAIR MILL RD & W MORELAND AVE; UPPER MORELAND; 2019-10-06 @ 12:19:36;,19040,Traffic: VEHICLE ACCIDENT -,2019-10-06 12:19:36,UPPER MORELAND,BLAIR MILL RD & W MORELAND AVE,1
40.2547680,-75.6604586,SHOEMAKER RD & ROBINSON ST;  POTTSTOWN; Station 329; 2020-06-22 @ 10:24:37;,19464,EMS: SUBJECT IN PAIN,2020-06-22 10:24:37,POTTSTOWN,SHOEMAKER RD & ROBINSON ST,1
40.1457897,-75.1766957,CAMP HILL RD & OFFICE CENTER DR;  UPPER DUBLIN; Station 351; 2016-10-11 @ 20:06:03;,19034,EMS: CARDIAC EMERGENCY,2016-10-11 20:06:03,UPPER DUBLIN,CAMP HILL RD & OFFICE CENTER DR,1
40.1182951,-75.0681779,HUNTINGDON PIKE & CHESTNUT ST; LOWER MORELAND; 2018-04-26 @ 18:34:56;,19006,Traffic: DISABLED VEHICLE -,2018-04-26 18:34:56,LOWER MORELAND,HUNTINGDON PIKE & CHESTNUT ST,1
40.1745629,-75.4560356,LARCHWOOD CT & PERKIOMEN BLVD;  UPPER PROVIDENCE; Station 324; 2015-12-25 @ 04:04:51;,19426,EMS: RESPIRATORY EMERGENCY,2015-12-25 04:04:51,UPPER PROVIDENCE,LARCHWOOD CT & PERKIOMEN BLVD,1
40.1505083,-75.2831100,UNION MEETING RD & HARVEST DR;  WHITPAIN; Station 385; 2017-04-20 @ 11:41:31;,19422,EMS: RESPIRATORY EMERGENCY,2017-04-20 11:41:31,WHITPAIN,UNION MEETING RD & HARVEST DR,1
40.1546507,-75.1027077,TERWOOD RD & DAVISVILLE RD; UPPER MORELAND; 2016-05-12 @ 19:54:03;,19040,Traffic: DISABLED VEHICLE -,2016-05-12 19:54:03,UPPER MORELAND,TERWOOD RD & DAVISVILLE RD,1
40.2511490,-75.2856583,W 7TH ST & N CANNON AVE; LANSDALE; 2019-12-19 @ 17:20:00;,19446,Traffic: VEHICLE ACCIDENT -,2019-12-19 17:20:00,LANSDALE,W 7TH ST & N CANNON AVE,1
40.0348666,-75.3276061,MONTGOMERY AVE & THORNBROOK AVE; LOWER MERION; 2020-05-28 @ 04:28:33-Station:STA23;,19010,Fire: FIRE ALARM,2020-05-28 04:28:33,LOWER MERION,MONTGOMERY AVE & THORNBROOK AVE,1
40.1049161,-75.1249119,OLD YORK RD & BAEDER RD;  ABINGTON; Station 382; 2018-11-09 @ 21:17:29;,19046,EMS: SEIZURES,2018-11-09 21:17:29,ABINGTON,OLD YORK RD & BAEDER RD,1
40.2564230,-75.6709953,GLASGOW ST & ANTHONY WAYNE DR; POTTSTOWN; 2018-10-28 @ 00:56:09-Station:STA69;,19464,Fire: FIRE ALARM,2018-10-28 00:56:09,POTTSTOWN,GLASGOW ST & ANTHONY WAYNE DR,1
40.2514168,-75.2763000,WALNUT ST;  LANSDALE; Station 345; 2016-07-07 @ 17:16:20;,19446,EMS: FALL VICTIM,2016-07-07 17:16:20,LANSDALE,WALNUT ST,1
40.0174074,-75.3218088,COUNTY LINE RD & S BRYN MAWR AVE; LOWER MERION; 2018-05-19 @ 12:08:40;,19010,Traffic: VEHICLE ACCIDENT -,2018-05-19 12:08:40,LOWER MERION,COUNTY LINE RD & S BRYN MAWR AVE,1
40.2608215,-75.6218645,WOODLAND DR & BLUE SPRUCE CT;  LOWER POTTSGROVE; Station 329B; 2017-08-20 @ 19:54:41;,19464,EMS: DIABETIC EMERGENCY,2017-08-20 19:54:41,LOWER POTTSGROVE,WOODLAND DR & BLUE SPRUCE CT,1
40.2515230,-75.3295570,RAMP I476 TO RT63  & RAMP I476 NB TO RT63; TOWAMENCIN; 2018-07-20 @ 16:26:27;,,Traffic: DISABLED VEHICLE -,2018-07-20 16:26:27,TOWAMENCIN,RAMP I476 TO RT63  & RAMP I476 NB TO RT63,1
39.9883097,-75.2539752,LANCASTER AVE & CITY AVE; LOWER MERION; 2016-05-20 @ 14:59:05;,19151,Traffic: VEHICLE ACCIDENT -,2016-05-20 14:59:05,LOWER MERION,LANCASTER AVE & CITY AVE,1
40.2416720,-75.2934132,W MT VERNON ST & S TOWAMENCIN AVE; LANSDALE; 2015-12-31 @ 14:50:59;,19446,Traffic: VEHICLE ACCIDENT -,2015-12-31 14:50:59,LANSDALE,W MT VERNON ST & S TOWAMENCIN AVE,1
40.1122682,-75.3409495,MILL ST & E LAFAYETTE ST; NORRISTOWN; 2020-01-07 @ 16:43:17;,19401,Traffic: VEHICLE ACCIDENT -,2020-01-07 16:43:17,NORRISTOWN,MILL ST & E LAFAYETTE ST,1
40.1212070,-75.1334140,EASTON RD & SUSQUEHANNA RD; ABINGTON; 2017-07-21 @ 12:25:43;,19001,Traffic: VEHICLE ACCIDENT -,2017-07-21 12:25:43,ABINGTON,EASTON RD & SUSQUEHANNA RD,1
40.3146524,-75.3243554,2ND ST & CHURCH ST;  SOUDERTON; Station 339; 2016-04-16 @ 09:04:22;,18964,EMS: VEHICLE ACCIDENT,2016-04-16 09:04:22,SOUDERTON,2ND ST & CHURCH ST,1
40.1187284,-75.3412141,OAK ST & CHURCH ST; NORRISTOWN; 2018-10-01 @ 08:51:33;,19401,Traffic: DISABLED VEHICLE -,2018-10-01 08:51:33,NORRISTOWN,OAK ST & CHURCH ST,1
40.3798953,-75.6149140,RED WING DR & EAGLES WATCH DR N;  BERKS COUNTY; Station EMS; 2016-05-26 @ 10:39:14;,19505,EMS: ABDOMINAL PAINS,2016-05-26 10:39:14,BERKS COUNTY,RED WING DR & EAGLES WATCH DR N,1
40.2302055,-75.6677818,LAURELWOOD RD & W CEDARVILLE RD;  CHESTER COUNTY; Station 3A84; 2020-04-22 @ 21:29:58;,19465,EMS: HEMORRHAGING,2020-04-22 21:29:58,CHESTER COUNTY,LAURELWOOD RD & W CEDARVILLE RD,1
40.0248840,-75.2760678,CROSBY BROWN RD & MILL CREEK RD; LOWER MERION; 2019-05-27 @ 02:32:59-Station:STA24;,19035,Fire: FIRE ALARM,2019-05-27 02:32:59,LOWER MERION,CROSBY BROWN RD & MILL CREEK RD,1
40.2477323,-75.2801218,WALNUT ST & W 7TH ST; LANSDALE; 2018-09-22 @ 08:30:40;,19446,Traffic: VEHICLE ACCIDENT -,2018-09-22 08:30:40,LANSDALE,WALNUT ST & W 7TH ST,1
40.2333802,-75.2542761,KNAPP RD & NORTH WALES RD; MONTGOMERY; 2019-11-10 @ 17:39:32;,19454,Traffic: VEHICLE ACCIDENT -,2019-11-10 17:39:32,MONTGOMERY,KNAPP RD & NORTH WALES RD,1
40.4199939,-75.4909731,RIDGE WAY & WASSER RD;  UPPER HANOVER; Station 369; 2016-10-21 @ 06:31:27;,18041,EMS: SUBJECT IN PAIN,2016-10-21 06:31:27,UPPER HANOVER,RIDGE WAY & WASSER RD,1
40.2756328,-75.3921037,OAK DR & MAPLE AVE;  LOWER SALFORD; Station 344; 2018-08-21 @ 19:18:36;,19438,EMS: MEDICAL ALERT ALARM,2018-08-21 19:18:36,LOWER SALFORD,OAK DR & MAPLE AVE,1
40.2470909,-75.6532847,KING ST & VANBUSKIRK ALY;  POTTSTOWN; Station 329; 2020-07-27 @ 22:35:10;,19464,EMS: RESPIRATORY EMERGENCY,2020-07-27 22:35:10,POTTSTOWN,KING ST & VANBUSKIRK ALY,1
40.1670212,-75.2902532,DEKALB PIKE & SKIPPACK PIKE; WHITPAIN; 2018-11-14 @ 11:01:04;,19422,Traffic: VEHICLE ACCIDENT -,2018-11-14 11:01:04,WHITPAIN,DEKALB PIKE & SKIPPACK PIKE,1
40.2195658,-75.2203898,DRAKE LN & THAMES DR;  MONTGOMERY; Station 345A; 2018-07-18 @ 07:43:47;,19454,EMS: CHOKING,2018-07-18 07:43:47,MONTGOMERY,DRAKE LN & THAMES DR,1
40.3106761,-75.4307969,SUMNEYTOWN PIKE;  UPPER SALFORD; Station 344A; 2019-12-25 @ 19:22:42;,,EMS: VEHICLE ACCIDENT,2019-12-25 19:22:42,UPPER SALFORD,SUMNEYTOWN PIKE,1
40.1723141,-75.4927278,RT422  & S LEWIS RD UNDERPASS; UPPER PROVIDENCE; 2019-02-11 @ 00:45:12;,,Traffic: VEHICLE ACCIDENT -,2019-02-11 00:45:12,UPPER PROVIDENCE,RT422  & S LEWIS RD UNDERPASS,1
40.2285593,-75.2268135,COMMERCE DR & ENTERPRISE DR; MONTGOMERY; 2018-03-09 @ 12:06:57;,19454,Traffic: VEHICLE ACCIDENT -,2018-03-09 12:06:57,MONTGOMERY,COMMERCE DR & ENTERPRISE DR,1
40.1714630,-75.1097050,YORK RD & HORSHAM RD;  HATBORO; Station 384; 2020-01-25 @ 09:30:28;,19040,EMS: ALTERED MENTAL STATUS,2020-01-25 09:30:28,HATBORO,YORK RD & HORSHAM RD,1
40.1189870,-75.1602086,TENNIS AVE & JENKINTOWN RD;  ABINGTON; Station 383; 2020-07-15 @ 13:21:04;,19038,EMS: ALLERGIC REACTION,2020-07-15 13:21:04,ABINGTON,TENNIS AVE & JENKINTOWN RD,1
40.1414692,-75.3905947,TROOPER RD & OAKDALE AVE;  LOWER PROVIDENCE; Station 322; 2017-07-26 @ 09:10:58;,19403,EMS: SUBJECT IN PAIN,2017-07-26 09:10:58,LOWER PROVIDENCE,TROOPER RD & OAKDALE AVE,1
40.1235226,-75.3565066,WASHINGTON ST & VAUGHN ALY;  NORRISTOWN; Station 308A; 2018-07-01 @ 08:17:16;,19401,EMS: FALL VICTIM,2018-07-01 08:17:16,NORRISTOWN,WASHINGTON ST & VAUGHN ALY,1
40.1133720,-75.3413966,MAIN ST & GREEN ST;  NORRISTOWN; Station 308A; 2019-06-22 @ 18:28:03;,19401,EMS: OVERDOSE,2019-06-22 18:28:03,NORRISTOWN,MAIN ST & GREEN ST,1
40.1497410,-75.1146690,YORK RD & LINCOLN AVE;  UPPER MORELAND; Station 381; 2017-06-14 @ 13:22:54;,19090,EMS: NAUSEA/VOMITING,2017-06-14 13:22:54,UPPER MORELAND,YORK RD & LINCOLN AVE,1
40.4039658,-75.5004776,MAIN ST & 2ND ST; EAST GREENVILLE; 2019-08-04 @ 15:05:04;,18041,Traffic: VEHICLE ACCIDENT -,2019-08-04 15:05:04,EAST GREENVILLE,MAIN ST & 2ND ST,1
40.1578049,-75.1084376,TERWOOD RD & BEAR BLVD; UPPER MORELAND; 2018-10-24 @ 16:17:59;,19090,Traffic: VEHICLE ACCIDENT -,2018-10-24 16:17:59,UPPER MORELAND,TERWOOD RD & BEAR BLVD,1
40.1349001,-75.0618234,HUNTINGDON PIKE & CATHEDRAL RD; BRYN ATHYN; 2017-06-30 @ 18:12:47-Station:STA11;,19006,Fire: FIRE ALARM,2017-06-30 18:12:47,BRYN ATHYN,HUNTINGDON PIKE & CATHEDRAL RD,1
40.2407435,-75.3073593,BOYD AVE & SUNNYLEA RD; TOWAMENCIN; 2019-01-31 @ 00:42:48-Station:STA76;,19446,Fire: FIRE INVESTIGATION,2019-01-31 00:42:48,TOWAMENCIN,BOYD AVE & SUNNYLEA RD,1
40.3363650,-75.4643472,MAIN ST & 5TH ST;  GREEN LANE; Station 344A; 2019-06-05 @ 22:26:02;,18054,EMS: CARDIAC EMERGENCY,2019-06-05 22:26:02,GREEN LANE,MAIN ST & 5TH ST,1
40.1434202,-75.1284778,LUKENS AVE & CARVER AVE;  ABINGTON; Station 381; 2016-07-11 @ 15:32:53;,19090,EMS: UNCONSCIOUS SUBJECT,2016-07-11 15:32:53,ABINGTON,LUKENS AVE & CARVER AVE,1
40.0219134,-75.3126796,MONTGOMERY AVE & RADNOR ST; LOWER MERION; 2018-09-12 @ 14:24:06-Station:STA23;,19010,Fire: FIRE ALARM,2018-09-12 14:24:06,LOWER MERION,MONTGOMERY AVE & RADNOR ST,1
40.0072359,-75.2137950,CITY AVE & MONUMENT RD; LOWER MERION; 2019-06-15 @ 13:59:03;,19131,Traffic: VEHICLE ACCIDENT -,2019-06-15 13:59:03,LOWER MERION,CITY AVE & MONUMENT RD,1
40.1507107,-75.0552739,HEATON RD & RR OVERPASS; LOWER MORELAND; 2017-06-24 @ 07:08:06;,,Traffic: HAZARDOUS ROAD CONDITIONS -,2017-06-24 07:08:06,LOWER MORELAND,HEATON RD & RR OVERPASS,1
40.0719938,-75.1462727,JOHN RUSSELL CIR & WAGNER WAY;  CHELTENHAM; Station 358; 2018-06-15 @ 03:12:43;,19027,EMS: MATERNITY,2018-06-15 03:12:43,CHELTENHAM,JOHN RUSSELL CIR & WAGNER WAY,1
40.3287222,-75.4544635,CHURCH RD & PENNY RD; MARLBOROUGH; 2016-06-27 @ 04:53:32;,18054,Traffic: VEHICLE ACCIDENT -,2016-06-27 04:53:32,MARLBOROUGH,CHURCH RD & PENNY RD,1
40.0335780,-75.2670955,SCHUYLKILL EXPY & CONSHOHOCKEN STATE UNDERPASS; LOWER MERION; 2016-01-04 @ 21:28:09;,,Traffic: DISABLED VEHICLE -,2016-01-04 21:28:09,LOWER MERION,SCHUYLKILL EXPY & CONSHOHOCKEN STATE UNDERPASS,1
40.2499810,-75.6972525,RANDOM RD & BROADMOOR BLVD;  BERKS COUNTY; Station EMS; 2018-01-24 @ 17:06:56;,19518,EMS: FRACTURE,2018-01-24 17:06:56,BERKS COUNTY,RANDOM RD & BROADMOOR BLVD,1
40.0075053,-75.2692854,FOXHALL LN & N WYNNEWOOD AVE;  NARBERTH; Station 313; 2018-12-27 @ 06:09:39;,19096,EMS: FALL VICTIM,2018-12-27 06:09:39,NARBERTH,FOXHALL LN & N WYNNEWOOD AVE,1
40.0941849,-75.2866500,BUTLER PIKE & RIDGE PIKE; PLYMOUTH; 2017-06-27 @ 11:45:29;,19428,Traffic: VEHICLE ACCIDENT -,2017-06-27 11:45:29,PLYMOUTH,BUTLER PIKE & RIDGE PIKE,1
40.1292230,-75.0249003,BYBERRY RD & PHILMONT AVE; LOWER MORELAND; 2018-09-01 @ 08:43:13;,19006,Traffic: ROAD OBSTRUCTION -,2018-09-01 08:43:13,LOWER MORELAND,BYBERRY RD & PHILMONT AVE,1
40.1028353,-75.2874872,KINGS RD & QUEENS RD;  PLYMOUTH; Station 308; 2019-12-20 @ 21:42:18;,19462,EMS: UNCONSCIOUS SUBJECT,2019-12-20 21:42:18,PLYMOUTH,KINGS RD & QUEENS RD,1
40.3088202,-75.3636313,HARVEST DR & MEMORY LN;  FRANCONIA; Station 339; 2019-03-21 @ 13:41:47;,18969,EMS: FALL VICTIM,2019-03-21 13:41:47,FRANCONIA,HARVEST DR & MEMORY LN,1
40.1639499,-75.2308053,NORMA RD & MARION AVE;  LOWER GWYNEDD; Station 351; 2017-05-29 @ 09:22:28;,19002,EMS: FALL VICTIM,2017-05-29 09:22:28,LOWER GWYNEDD,NORMA RD & MARION AVE,1
40.1051084,-75.3451838,3RD ST & RR OVERPASS;  BRIDGEPORT; Station 317; 2018-09-24 @ 14:32:40;,,EMS: UNCONSCIOUS SUBJECT,2018-09-24 14:32:40,BRIDGEPORT,3RD ST & RR OVERPASS,1
40.1041852,-75.4399451,VALLEY CREEK RD & VALLEY FORGE PARK RD; UPPER MERION; 2020-03-02 @ 13:40:07;,,Traffic: VEHICLE ACCIDENT -,2020-03-02 13:40:07,UPPER MERION,VALLEY CREEK RD & VALLEY FORGE PARK RD,1
40.2586355,-75.2900798,SQUIRREL LN & KOFFEL RD; HATFIELD TOWNSHIP; 2020-06-07 @ 13:52:15;,19440,Traffic: DISABLED VEHICLE -,2020-06-07 13:52:15,HATFIELD TOWNSHIP,SQUIRREL LN & KOFFEL RD,1
40.0415248,-75.2609740,MILL CREEK RD & ROSE GLEN RD; LOWER MERION; 2019-07-06 @ 04:08:39;,19072,Traffic: ROAD OBSTRUCTION -,2019-07-06 04:08:39,LOWER MERION,MILL CREEK RD & ROSE GLEN RD,1
40.1099020,-75.2832085,CONSHOHOCKEN RD & T BLVD; PLYMOUTH; 2019-04-27 @ 09:05:19;,19462,Traffic: VEHICLE ACCIDENT -,2019-04-27 09:05:19,PLYMOUTH,CONSHOHOCKEN RD & T BLVD,1
40.2410527,-75.2688808,LANSDALE AVE & E 7TH ST;  LANSDALE; Station 345; 2017-06-29 @ 09:27:23;,19446,EMS: CARDIAC EMERGENCY,2017-06-29 09:27:23,LANSDALE,LANSDALE AVE & E 7TH ST,1
40.0694075,-75.1303916,ASHBOURNE RD & PARK AVE;  CHELTENHAM; Station 358; 2016-01-29 @ 08:53:14;,19027,EMS: CARDIAC EMERGENCY,2016-01-29 08:53:14,CHELTENHAM,ASHBOURNE RD & PARK AVE,1
40.1533049,-75.2014598,LOCH ALSH AVE & SPARK DR; UPPER DUBLIN; 2019-06-12 @ 08:59:58;,19034,Traffic: VEHICLE ACCIDENT -,2019-06-12 08:59:58,UPPER DUBLIN,LOCH ALSH AVE & SPARK DR,1
40.0972222,-75.3761952,SCHUYLKILL EXPY & TRINITY LN UNDERPASS; UPPER MERION; 2017-10-13 @ 07:17:24;,,Traffic: VEHICLE ACCIDENT -,2017-10-13 07:17:24,UPPER MERION,SCHUYLKILL EXPY & TRINITY LN UNDERPASS,1
40.1991465,-75.4152544,EVANSBURG RD & IVY LN;  SKIPPACK; Station 336; 2018-11-15 @ 09:38:21;,19426,EMS: VEHICLE ACCIDENT,2018-11-15 09:38:21,SKIPPACK,EVANSBURG RD & IVY LN,1
40.1723141,-75.4927278,RAMP RT422 EB TO EGYPT RD & RT422 EB;  UPPER PROVIDENCE; Station 322A; 2016-04-29 @ 03:36:54;,,EMS: VEHICLE ACCIDENT,2016-04-29 03:36:54,UPPER PROVIDENCE,RAMP RT422 EB TO EGYPT RD & RT422 EB,1
40.1553466,-75.2734523,STONY BROOK DR & SUNSET DR;  WHITPAIN; Station 385; 2016-05-03 @ 08:44:26;,19422,EMS: FALL VICTIM,2016-05-03 08:44:26,WHITPAIN,STONY BROOK DR & SUNSET DR,1
40.2987355,-75.3928027,MILL RD; FRANCONIA; 2017-05-17 @ 14:28:47-Station:STA89;,,Fire: WOODS/FIELD FIRE,2017-05-17 14:28:47,FRANCONIA,MILL RD,1
40.1211762,-75.2922300,JOHNSON RD & GAWAIN RD;  PLYMOUTH; Station 308; 2020-02-13 @ 07:06:01;,19462,EMS: RESPIRATORY EMERGENCY,2020-02-13 07:06:01,PLYMOUTH,JOHNSON RD & GAWAIN RD,1
40.2824484,-75.6087387,NEEDHAMMER RD & MOCK RD;  UPPER POTTSGROVE; Station 329B; 2017-08-31 @ 21:25:40;,19464,EMS: RESPIRATORY EMERGENCY,2017-08-31 21:25:40,UPPER POTTSGROVE,NEEDHAMMER RD & MOCK RD,1
40.2137100,-75.5384033,LINFIELD TRAPPE RD & WEAVER LN;  LIMERICK; Station 324A; 2015-12-30 @ 10:27:37;,19468,EMS: RESPIRATORY EMERGENCY,2015-12-30 10:27:37,LIMERICK,LINFIELD TRAPPE RD & WEAVER LN,1
40.1074003,-75.1132060,THE FAIRWAY  & RYDAL RD; ABINGTON; 2019-03-07 @ 11:14:49-Station:STA100;,19046,Fire: FIRE ALARM,2019-03-07 11:14:49,ABINGTON,THE FAIRWAY  & RYDAL RD,1
40.1617404,-75.1238208,EASTON RD & MARYLAND RD; UPPER MORELAND; 2020-05-20 @ 07:01:51;,19090,Traffic: VEHICLE ACCIDENT -,2020-05-20 07:01:51,UPPER MORELAND,EASTON RD & MARYLAND RD,1
40.1074003,-75.1132060,THE FAIRWAY  & RYDAL RD;  ABINGTON; Station 382; 2017-08-13 @ 15:56:42;,19046,EMS: UNKNOWN MEDICAL EMERGENCY,2017-08-13 15:56:42,ABINGTON,THE FAIRWAY  & RYDAL RD,1
40.0842932,-75.1926527,SOUTHAMPTON AVE & TRAYMORE AVE; SPRINGFIELD; 2019-04-26 @ 06:28:09-Station:STA82;,19038,Fire: ELECTRICAL FIRE OUTSIDE,2019-04-26 06:28:09,SPRINGFIELD,SOUTHAMPTON AVE & TRAYMORE AVE,1
40.1337714,-75.2055002,PENNSYLVANIA AVE & INDIANA AVE; WHITEMARSH; 2017-08-22 @ 17:03:33;,19034,Traffic: VEHICLE ACCIDENT -,2017-08-22 17:03:33,WHITEMARSH,PENNSYLVANIA AVE & INDIANA AVE,1
40.0249667,-75.2829046,BLUEROUTE  & COUNTY LINE RD OVERPASS; LOWER MERION; 2019-10-07 @ 14:40:53;,,Traffic: ROAD OBSTRUCTION -,2019-10-07 14:40:53,LOWER MERION,BLUEROUTE  & COUNTY LINE RD OVERPASS,1
40.1264670,-75.3073111,PATRIOT CIR & BELVOIR RD;  PLYMOUTH; Station 308; 2018-09-04 @ 16:09:43;,19462,EMS: CVA/STROKE,2018-09-04 16:09:43,PLYMOUTH,PATRIOT CIR & BELVOIR RD,1
40.0977661,-75.3776381,CROSSFIELD RD & MAIDEN LN;  UPPER MERION; Station 317; 2017-07-11 @ 12:08:15;,19406,EMS: BACK PAINS/INJURY,2017-07-11 12:08:15,UPPER MERION,CROSSFIELD RD & MAIDEN LN,1
40.2564587,-75.2683289,BROAD ST & LYNWOOD DR; HATFIELD TOWNSHIP; 2018-04-19 @ 17:19:51;,19446,Traffic: VEHICLE ACCIDENT -,2018-04-19 17:19:51,HATFIELD TOWNSHIP,BROAD ST & LYNWOOD DR,1
40.1822118,-75.3604632,VALLEY FORGE RD;  WORCESTER; Station 336; 2016-05-01 @ 11:15:14;,,EMS: VEHICLE ACCIDENT,2016-05-01 11:15:14,WORCESTER,VALLEY FORGE RD,1
40.2054756,-75.3529714,SKIPPACK PIKE & MEADOWOOD DR;  WORCESTER; Station 336; 2019-12-01 @ 13:28:25;,19446,EMS: UNCONSCIOUS SUBJECT,2019-12-01 13:28:25,WORCESTER,SKIPPACK PIKE & MEADOWOOD DR,1
40.1186224,-75.3432948,CHERRY ST;  NORRISTOWN; Station 308A; 2019-10-21 @ 00:12:16;,19401,EMS: ASSAULT VICTIM,2019-10-21 00:12:16,NORRISTOWN,CHERRY ST,1
40.0865385,-75.3862840,W DEKALB PIKE & MALL BLVD; UPPER MERION; 2018-04-23 @ 11:37:15;,19406,Traffic: VEHICLE ACCIDENT -,2018-04-23 11:37:15,UPPER MERION,W DEKALB PIKE & MALL BLVD,1
40.2476953,-75.4323918,CROSS RD & SPENCER DR; SKIPPACK; 2018-02-01 @ 17:54:14;,19473,Traffic: VEHICLE ACCIDENT -,2018-02-01 17:54:14,SKIPPACK,CROSS RD & SPENCER DR,1
40.0727919,-75.1029530,TOWNSHIP LINE RD & SUSAN DR;  CHELTENHAM; Station 358; 2018-03-12 @ 11:35:40;,19027,EMS: CVA/STROKE,2018-03-12 11:35:40,CHELTENHAM,TOWNSHIP LINE RD & SUSAN DR,1
40.0972222,-75.3761952,RT422  & W VALLEY FORGE RD OVERPASS; UPPER MERION; 2016-06-13 @ 08:16:32;,,Traffic: ROAD OBSTRUCTION -,2016-06-13 08:16:32,UPPER MERION,RT422  & W VALLEY FORGE RD OVERPASS,1
40.1391849,-75.1418012,THUNDERHEAD RD & WHITE OWL RD; ABINGTON; 2020-06-03 @ 15:47:03-Station:STA500;,19001,Fire: ELECTRICAL FIRE OUTSIDE,2020-06-03 15:47:03,ABINGTON,THUNDERHEAD RD & WHITE OWL RD,1
40.2290075,-75.3878525,RIDGE RD & BETHEL CHURCH RD;  CHESTER COUNTY; Station EMS; 2016-08-07 @ 17:13:05;,,EMS: VEHICLE ACCIDENT,2016-08-07 17:13:05,CHESTER COUNTY,RIDGE RD & BETHEL CHURCH RD,1
40.1246576,-75.1333979,RADCLIFFE AVE & BRADFIELD RD;  ABINGTON; Station 381; 2019-06-15 @ 17:00:34;,19001,EMS: HEAD INJURY,2019-06-15 17:00:34,ABINGTON,RADCLIFFE AVE & BRADFIELD RD,1
40.2423071,-75.3013706,S VALLEY FORGE RD & WHITES RD; LANSDALE; 2019-01-23 @ 04:36:55;,19446,Traffic: ROAD OBSTRUCTION -,2019-01-23 04:36:55,LANSDALE,S VALLEY FORGE RD & WHITES RD,1
40.2395204,-75.6210548,MAPLE ST & MOSER RD; POTTSTOWN; 2017-08-15 @ 11:40:41;,19464,Traffic: DISABLED VEHICLE -,2017-08-15 11:40:41,POTTSTOWN,MAPLE ST & MOSER RD,1
40.2547680,-75.6604586,ROBINSON ST & SHOEMAKER RD;  POTTSTOWN; Station 329; 2017-08-01 @ 10:16:42;,19464,EMS: ALTERED MENTAL STATUS,2017-08-01 10:16:42,POTTSTOWN,ROBINSON ST & SHOEMAKER RD,1
39.9898980,-75.2584300,LANCASTER AVE & LANKENAU DR;  LOWER MERION; Station 313; 2019-09-26 @ 12:18:35;,19096,EMS: UNKNOWN MEDICAL EMERGENCY,2019-09-26 12:18:35,LOWER MERION,LANCASTER AVE & LANKENAU DR,1
40.2346744,-75.4466334,SCENIC VIEW DR & CREEKWOOD DR;  SKIPPACK; Station 336; 2016-07-30 @ 00:20:45;,19473,EMS: CARDIAC EMERGENCY,2016-07-30 00:20:45,SKIPPACK,SCENIC VIEW DR & CREEKWOOD DR,1
40.3119448,-75.6114018,GILBERTSVILLE RD & YODER AVE;  DOUGLASS; Station 332; 2017-01-28 @ 21:26:28;,19525,EMS: CARDIAC EMERGENCY,2017-01-28 21:26:28,DOUGLASS,GILBERTSVILLE RD & YODER AVE,1
40.1716990,-75.1279885,NEW RD & EASTON RD; HORSHAM; 2016-11-14 @ 06:51:40;,19044,Traffic: ROAD OBSTRUCTION -,2016-11-14 06:51:40,HORSHAM,NEW RD & EASTON RD,1
40.0886655,-75.0849273,SHERMAN AVE & MARGARETTA AVE;  ABINGTON; Station 382; 2017-04-16 @ 16:42:42;,19006,EMS: UNCONSCIOUS SUBJECT,2017-04-16 16:42:42,ABINGTON,SHERMAN AVE & MARGARETTA AVE,1
40.1367250,-75.2103420,SUMMIT AVE & W PENNSYLVANIA AVE; UPPER DUBLIN; 2020-07-24 @ 16:48:10-Station:STA88;,19034,Fire: FIRE ALARM,2020-07-24 16:48:10,UPPER DUBLIN,SUMMIT AVE & W PENNSYLVANIA AVE,1
40.2709622,-75.3018269,HICKORY DR & SPRUCE DR;  HATFIELD TOWNSHIP; Station 345; 2018-07-02 @ 16:45:37;,19440,EMS: SUBJECT IN PAIN,2018-07-02 16:45:37,HATFIELD TOWNSHIP,HICKORY DR & SPRUCE DR,1
40.2446527,-75.3003879,DELAWARE AVE & WINDING RD;  LANSDALE; Station 345B; 2016-12-18 @ 23:29:39;,19446,EMS: RESPIRATORY EMERGENCY,2016-12-18 23:29:39,LANSDALE,DELAWARE AVE & WINDING RD,1
39.9846090,-75.2744510,HAVERFORD RD & MANOA RD; LOWER MERION; 2017-12-13 @ 09:24:04;,19096,Traffic: VEHICLE ACCIDENT -,2017-12-13 09:24:04,LOWER MERION,HAVERFORD RD & MANOA RD,1
40.2582531,-75.2482301,BETHLEHEM PIKE & TAYLOR RD;  MONTGOMERY; Station 345; 2016-12-31 @ 17:28:12;,19446,EMS: CARDIAC EMERGENCY,2016-12-31 17:28:12,MONTGOMERY,BETHLEHEM PIKE & TAYLOR RD,1
40.2456734,-75.2796667,BROAD ST & E 6TH ST;  LANSDALE; Station 345; 2018-02-12 @ 08:12:29;,19446,EMS: ALTERED MENTAL STATUS,2018-02-12 08:12:29,LANSDALE,BROAD ST & E 6TH ST,1
40.4142488,-75.5090155,BLOMMER DR & GRAVEL PIKE; UPPER HANOVER; 2016-11-28 @ 21:54:55-Station:STA38;,18041,Fire: FIRE ALARM,2016-11-28 21:54:55,UPPER HANOVER,BLOMMER DR & GRAVEL PIKE,1
40.1220112,-75.2321088,JOSHUA RD & MILITIA HILL RD; WHITEMARSH; 2016-02-22 @ 15:18:31;,19034,Traffic: DISABLED VEHICLE -,2016-02-22 15:18:31,WHITEMARSH,JOSHUA RD & MILITIA HILL RD,1
40.1246946,-75.3645164,N MONTGOMERY AVE & W MAIN ST; WEST NORRITON; 2017-07-31 @ 16:27:11;,19403,Traffic: VEHICLE ACCIDENT -,2017-07-31 16:27:11,WEST NORRITON,N MONTGOMERY AVE & W MAIN ST,1
40.1433257,-75.4228190,S TROOPER RD & RT422 UNDERPASS; LOWER PROVIDENCE; 2018-02-06 @ 17:29:33;,,Traffic: VEHICLE ACCIDENT -,2018-02-06 17:29:33,LOWER PROVIDENCE,S TROOPER RD & RT422 UNDERPASS,1
40.1614701,-75.1301588,COMMERCE AVE & MARYLAND RD; UPPER MORELAND; 2020-02-23 @ 15:25:52;,19090,Traffic: DISABLED VEHICLE -,2020-02-23 15:25:52,UPPER MORELAND,COMMERCE AVE & MARYLAND RD,1
40.0909145,-75.2070697,PAPER MILL RD & SKYLINE DR;  SPRINGFIELD; Station 351A; 2019-08-19 @ 13:42:13;,19038,EMS: CARDIAC EMERGENCY,2019-08-19 13:42:13,SPRINGFIELD,PAPER MILL RD & SKYLINE DR,1
40.0881666,-75.0893365,WESLEY AVE & ROCKLEDGE AVE;  ABINGTON; Station 382; 2017-10-28 @ 08:42:03;,19006,EMS: FALL VICTIM,2017-10-28 08:42:03,ABINGTON,WESLEY AVE & ROCKLEDGE AVE,1
40.2883557,-75.3785374,MAPLE AVE & YODER RD;  FRANCONIA; Station 344; 2017-08-24 @ 11:33:27;,19438,EMS: UNCONSCIOUS SUBJECT,2017-08-24 11:33:27,FRANCONIA,MAPLE AVE & YODER RD,1
40.3091487,-75.3564906,INDIAN CREEK RD & DEAD END;  FRANCONIA; Station 344; 2016-08-18 @ 21:43:07;,,EMS: RESCUE - GENERAL,2016-08-18 21:43:07,FRANCONIA,INDIAN CREEK RD & DEAD END,1
40.2309343,-75.5221245,EVERGREEN RD & RAMP EVERGREEN RD TO RT422 WB; LIMERICK; 2017-06-27 @ 19:09:36;,19468,Traffic: VEHICLE ACCIDENT -,2017-06-27 19:09:36,LIMERICK,EVERGREEN RD & RAMP EVERGREEN RD TO RT422 WB,1
40.0903967,-75.3957327,GODDARD BLVD & MALL BLVD; UPPER MERION; 2016-10-24 @ 20:43:30;,19406,Traffic: VEHICLE ACCIDENT -,2016-10-24 20:43:30,UPPER MERION,GODDARD BLVD & MALL BLVD,1
40.2127339,-75.5633048,ROSEWOOD TRL & MAIN ST; LIMERICK; 2016-03-30 @ 18:39:03-Station:STA51;,19468,Fire: GAS-ODOR/LEAK,2016-03-30 18:39:03,LIMERICK,ROSEWOOD TRL & MAIN ST,1
40.2129945,-75.2263280,PARK DR & BETHLEHEM PIKE;  MONTGOMERY; Station 345A; 2017-04-07 @ 10:52:24;,19454,EMS: CARDIAC EMERGENCY,2017-04-07 10:52:24,MONTGOMERY,PARK DR & BETHLEHEM PIKE,1
40.1558109,-75.4854115,BLACK ROCK RD & S COLLEGEVILLE RD;  UPPER PROVIDENCE; Station 324; 2017-02-23 @ 07:41:22;,19460,EMS: UNRESPONSIVE SUBJECT,2017-02-23 07:41:22,UPPER PROVIDENCE,BLACK ROCK RD & S COLLEGEVILLE RD,1
40.1295380,-75.3246363,JOHNSON HWY & DEKALB ST;  EAST NORRITON; Station 308; 2020-04-16 @ 15:26:36;,19401,EMS: RESPIRATORY EMERGENCY,2020-04-16 15:26:36,EAST NORRITON,JOHNSON HWY & DEKALB ST,1
40.1431830,-75.1191500,PARK AVE & MORELAND RD;  UPPER MORELAND; Station 381; 2017-12-12 @ 14:43:21;,19090,EMS: UNRESPONSIVE SUBJECT,2017-12-12 14:43:21,UPPER MORELAND,PARK AVE & MORELAND RD,1
40.2462010,-75.6551970,HIGH ST & MANATAWNY ST;  POTTSTOWN; Station 329; 2019-10-11 @ 19:21:10;,19464,EMS: ABDOMINAL PAINS,2019-10-11 19:21:10,POTTSTOWN,HIGH ST & MANATAWNY ST,1
40.1332859,-75.4524546,EGYPT RD & MILL RD; UPPER PROVIDENCE; 2016-11-14 @ 22:56:46-Station:STA99;,19426,Fire: FIRE ALARM,2016-11-14 22:56:46,UPPER PROVIDENCE,EGYPT RD & MILL RD,1
40.1745940,-75.1009453,BYBERRY AVE & S NEW ST;  HATBORO; Station 384; 2019-06-06 @ 23:10:21;,19040,EMS: DIABETIC EMERGENCY,2019-06-06 23:10:21,HATBORO,BYBERRY AVE & S NEW ST,1
40.1257180,-75.1173669,JERICHO RD & OLD YORK RD; ABINGTON; 2017-07-31 @ 09:42:07;,19001,Traffic: VEHICLE ACCIDENT -,2017-07-31 09:42:07,ABINGTON,JERICHO RD & OLD YORK RD,1
40.1718840,-75.1281340,EASTON RD & NEW RD;  HORSHAM; Station 352; 2019-07-29 @ 01:48:02;,19044,EMS: VEHICLE ACCIDENT,2019-07-29 01:48:02,HORSHAM,EASTON RD & NEW RD,1
40.2353731,-75.2247509,HORSHAM RD & STUMP RD; MONTGOMERY; 2017-03-05 @ 08:18:58;,19454,Traffic: VEHICLE ACCIDENT -,2017-03-05 08:18:58,MONTGOMERY,HORSHAM RD & STUMP RD,1
40.2797430,-75.2770721,TITLOW RD & KINGS HWY S; HATFIELD TOWNSHIP; 2018-11-28 @ 18:02:20;,,Traffic: DISABLED VEHICLE -,2018-11-28 18:02:20,HATFIELD TOWNSHIP,TITLOW RD & KINGS HWY S,1
40.0730140,-75.1316260,OLD YORK RD & SPRING AVE;  CHELTENHAM; Station 358; 2020-06-05 @ 13:26:47;,19027,EMS: SUBJECT IN PAIN,2020-06-05 13:26:47,CHELTENHAM,OLD YORK RD & SPRING AVE,1
40.0249667,-75.2829046,COUNTY LINE RD & BLUEROUTE UNDERPASS;  LOWER MERION; Station 313A; 2017-07-02 @ 11:20:52;,,EMS: HEAD INJURY,2017-07-02 11:20:52,LOWER MERION,COUNTY LINE RD & BLUEROUTE UNDERPASS,1
40.1182493,-75.0553954,RED LION RD & DALE RD; LOWER MORELAND; 2020-01-15 @ 16:59:33;,19006,Traffic: DISABLED VEHICLE -,2020-01-15 16:59:33,LOWER MORELAND,RED LION RD & DALE RD,1
40.3249920,-75.3281748,LUTHERAN HOME DR & DEAD END;  TELFORD; Station 339; 2019-08-15 @ 09:38:54;,,EMS: CARDIAC EMERGENCY,2019-08-15 09:38:54,TELFORD,LUTHERAN HOME DR & DEAD END,1
40.1596858,-75.4083977,PARKLANE DR & RIDGE PIKE;  LOWER PROVIDENCE; Station 322; 2017-07-04 @ 22:04:37;,19403,EMS: FALL VICTIM,2017-07-04 22:04:37,LOWER PROVIDENCE,PARKLANE DR & RIDGE PIKE,1
40.0249667,-75.2829046,SCHUYLKILL EXPY & WAVERLY RD UNDERPASS; LOWER MERION; 2016-08-06 @ 09:13:41;,,Traffic: DISABLED VEHICLE -,2016-08-06 09:13:41,LOWER MERION,SCHUYLKILL EXPY & WAVERLY RD UNDERPASS,1
40.1671360,-75.4241984,BAKER ST & CASWELL AVE;  LOWER PROVIDENCE; Station 322; 2018-01-05 @ 08:08:59;,19426,EMS: RESPIRATORY EMERGENCY,2018-01-05 08:08:59,LOWER PROVIDENCE,BAKER ST & CASWELL AVE,1
40.1563852,-75.1124763,YORK RD & LAKEVUE DR;  UPPER MORELAND; Station 381; 2018-12-19 @ 09:26:02;,19090,EMS: CARDIAC EMERGENCY,2018-12-19 09:26:02,UPPER MORELAND,YORK RD & LAKEVUE DR,1
40.1163390,-75.2486824,STENTON AVE & ROGERS CIR;  WHITEMARSH; Station 318; 2016-09-08 @ 19:48:38;,19462,EMS: FRACTURE,2016-09-08 19:48:38,WHITEMARSH,STENTON AVE & ROGERS CIR,1
40.0931406,-75.3677644,TOWN CENTER RD & W DEKALB PIKE; UPPER MERION; 2019-06-13 @ 12:31:45;,19406,Traffic: VEHICLE ACCIDENT -,2019-06-13 12:31:45,UPPER MERION,TOWN CENTER RD & W DEKALB PIKE,1
40.1004231,-75.2070644,RT309 EXPY & RAMP PAPER MILL RD TO RT309 NB; SPRINGFIELD; 2020-04-19 @ 15:28:29;,,Traffic: VEHICLE ACCIDENT -,2020-04-19 15:28:29,SPRINGFIELD,RT309 EXPY & RAMP PAPER MILL RD TO RT309 NB,1
40.2288994,-75.2624611,WELSH RD & NORTH WALES RD; MONTGOMERY; 2018-10-08 @ 20:05:13;,19454,Traffic: VEHICLE ACCIDENT -,2018-10-08 20:05:13,MONTGOMERY,WELSH RD & NORTH WALES RD,1
40.2009354,-75.4809106,MAIN ST & W 7TH AVE; TRAPPE; 2016-08-28 @ 15:54:28;,19426,Traffic: VEHICLE ACCIDENT -,2016-08-28 15:54:28,TRAPPE,MAIN ST & W 7TH AVE,1
40.2511741,-75.6439755,JEFFERSON AVE & N EVANS ST; POTTSTOWN; 2020-07-29 @ 14:06:14;,19464,Traffic: VEHICLE ACCIDENT -,2020-07-29 14:06:14,POTTSTOWN,JEFFERSON AVE & N EVANS ST,1
40.3176760,-75.3245213,SUMMIT ST & N 4TH ST;  SOUDERTON; Station 339; 2017-11-29 @ 03:44:47;,18964,EMS: FALL VICTIM,2017-11-29 03:44:47,SOUDERTON,SUMMIT ST & N 4TH ST,1
40.0927439,-75.1208340,GREENWOOD AVE & JENKINTOWN RD;  ABINGTON; Station 382; 2017-07-03 @ 13:48:35;,19046,EMS: BACK PAINS/INJURY,2017-07-03 13:48:35,ABINGTON,GREENWOOD AVE & JENKINTOWN RD,1
40.1202467,-75.3639061,HARTRANFT AVE & JACKSON ST;  NORRISTOWN; Station 308A; 2020-02-02 @ 21:46:37;,19401,EMS: HEAD INJURY,2020-02-02 21:46:37,NORRISTOWN,HARTRANFT AVE & JACKSON ST,1
40.2100019,-75.3233342,MORRIS RD & TURN LANE; WORCESTER; 2019-08-05 @ 07:48:01;,,Traffic: VEHICLE ACCIDENT -,2019-08-05 07:48:01,WORCESTER,MORRIS RD & TURN LANE,1
40.0782759,-75.2498518,BARREN HILL RD & RIDGE PIKE; WHITEMARSH; 2019-10-20 @ 16:09:38;,19444,Traffic: VEHICLE ACCIDENT -,2019-10-20 16:09:38,WHITEMARSH,BARREN HILL RD & RIDGE PIKE,1
40.2377822,-75.4771120,TOWNSHIP LINE RD & SAYLOR RD; LIMERICK; 2018-01-09 @ 17:54:48;,19473,Traffic: VEHICLE ACCIDENT -,2018-01-09 17:54:48,LIMERICK,TOWNSHIP LINE RD & SAYLOR RD,1
40.1903913,-75.2695399,MORRIS RD & WISSAHICKON GREEN RIBBON TRL; WHITEMARSH; 2020-06-05 @ 06:11:17-Station:STA29;,19454,Fire: FIRE ALARM,2020-06-05 06:11:17,WHITEMARSH,MORRIS RD & WISSAHICKON GREEN RIBBON TRL,1
40.1255016,-75.3217964,NORTH HILLS DR & NATALIE LN;  NORRISTOWN; Station 308A; 2017-09-25 @ 17:33:07;,19401,EMS: UNCONSCIOUS SUBJECT,2017-09-25 17:33:07,NORRISTOWN,NORTH HILLS DR & NATALIE LN,1
40.1816167,-75.2312638,PENLLYN PIKE & FOXFIELD RD;  LOWER GWYNEDD; Station 351; 2018-09-06 @ 23:02:35;,19002,EMS: CVA/STROKE,2018-09-06 23:02:35,LOWER GWYNEDD,PENLLYN PIKE & FOXFIELD RD,1
40.2515922,-75.5151487,PHEASANT RD & GAME FARM RD; LIMERICK; 2016-12-29 @ 22:01:33;,19473,Traffic: VEHICLE ACCIDENT -,2016-12-29 22:01:33,LIMERICK,PHEASANT RD & GAME FARM RD,1
40.1307486,-75.3750185,SCHUYLKILL AVE & W MAIN ST;  WEST NORRITON; Station 308B; 2019-07-20 @ 22:36:35;,19403,EMS: NAUSEA/VOMITING,2019-07-20 22:36:35,WEST NORRITON,SCHUYLKILL AVE & W MAIN ST,1
40.2063920,-75.1398510,EASTON RD & W COUNTY LINE RD; HORSHAM; 2016-11-29 @ 10:07:01;,19040,Traffic: VEHICLE ACCIDENT -,2016-11-29 10:07:01,HORSHAM,EASTON RD & W COUNTY LINE RD,1
40.2257348,-75.4029822,SKIPPACK PIKE & CHURCH RD;  SKIPPACK; Station 336; 2019-07-21 @ 19:38:45;,19473,EMS: ASSAULT VICTIM,2019-07-21 19:38:45,SKIPPACK,SKIPPACK PIKE & CHURCH RD,1
40.0727310,-75.1559688,CHELTENHAM AVE & 79TH AVE;  CHELTENHAM; Station 358A; 2020-03-12 @ 19:37:20;,19150,EMS: CARDIAC EMERGENCY,2020-03-12 19:37:20,CHELTENHAM,CHELTENHAM AVE & 79TH AVE,1
40.0858467,-75.4022263,VILLAGE DR & N GULPH RD;  UPPER MERION; Station 317; 2018-11-13 @ 14:56:54;,19406,EMS: HEAD INJURY,2018-11-13 14:56:54,UPPER MERION,VILLAGE DR & N GULPH RD,1
40.0930573,-75.3908522,PENNSYLVANIA TPKE & SERVICE ROAD; UPPER MERION; 2019-08-19 @ 16:52:26-Station:STA47;,,Fire: VEHICLE ACCIDENT,2019-08-19 16:52:26,UPPER MERION,PENNSYLVANIA TPKE & SERVICE ROAD,1
40.2539610,-75.6511878,REYNOLDS AVE & JOHNSON ST;  POTTSTOWN; Station 329; 2018-03-28 @ 06:32:25;,19464,EMS: LACERATIONS,2018-03-28 06:32:25,POTTSTOWN,REYNOLDS AVE & JOHNSON ST,1
40.1271671,-75.2678675,HASTINGS DR & CROMWELL DR;  WHITPAIN; Station 385; 2017-02-23 @ 12:50:22;,19422,EMS: CVA/STROKE,2017-02-23 12:50:22,WHITPAIN,HASTINGS DR & CROMWELL DR,1
40.0974254,-75.3171505,CONSHOHOCKEN RD & ACADEMY DR; PLYMOUTH; 2019-12-18 @ 08:04:10;,19428,Traffic: VEHICLE ACCIDENT -,2019-12-18 08:04:10,PLYMOUTH,CONSHOHOCKEN RD & ACADEMY DR,1
40.2394356,-75.2362381,BETHLEHEM PIKE & JUGHANDLE; MONTGOMERY; 2020-02-29 @ 00:28:29;,,Traffic: DISABLED VEHICLE -,2020-02-29 00:28:29,MONTGOMERY,BETHLEHEM PIKE & JUGHANDLE,1
40.2410527,-75.2688808,LANSDALE AVE & E 7TH ST;  LANSDALE; Station 345; 2019-01-28 @ 23:45:35;,19446,EMS: ABDOMINAL PAINS,2019-01-28 23:45:35,LANSDALE,LANSDALE AVE & E 7TH ST,1
40.1182076,-75.1670422,SUMMIT AVE & CHELSEA AVE;  UPPER DUBLIN; Station 383; 2019-09-09 @ 14:03:44;,19038,EMS: UNKNOWN MEDICAL EMERGENCY,2019-09-09 14:03:44,UPPER DUBLIN,SUMMIT AVE & CHELSEA AVE,1
40.1130613,-75.1192289,SUSQUEHANNA RD & HUNTINGDON RD;  ABINGTON; Station 381; 2019-09-09 @ 06:19:09;,19046,EMS: ABDOMINAL PAINS,2019-09-09 06:19:09,ABINGTON,SUSQUEHANNA RD & HUNTINGDON RD,1
40.0972222,-75.3761952,RAMP RT202 NB TO I76  & RAMP RT422 EB TO I76 EB; UPPER MERION; 2016-12-10 @ 11:09:50;,,Traffic: VEHICLE ACCIDENT -,2016-12-10 11:09:50,UPPER MERION,RAMP RT202 NB TO I76  & RAMP RT422 EB TO I76 EB,1
40.1263140,-75.4589003,STATION AVE; UPPER PROVIDENCE; 2020-05-28 @ 12:29:22-Station:STA99;,19460,Fire: VEHICLE ACCIDENT,2020-05-28 12:29:22,UPPER PROVIDENCE,STATION AVE,1
40.0837614,-75.1422046,WASHINGTON LN & W CHURCH RD; CHELTENHAM; 2019-10-29 @ 10:40:39;,19095,Traffic: VEHICLE ACCIDENT -,2019-10-29 10:40:39,CHELTENHAM,WASHINGTON LN & W CHURCH RD,1
40.1758687,-75.4108885,GRANGE AVE & GERMANTOWN PIKE; WORCESTER; 2017-04-24 @ 08:25:39;,19426,Traffic: ROAD OBSTRUCTION -,2017-04-24 08:25:39,WORCESTER,GRANGE AVE & GERMANTOWN PIKE,1
40.1745629,-75.4560356,LARCHWOOD CT & PERKIOMEN BLVD;  UPPER PROVIDENCE; Station 324; 2019-09-15 @ 14:08:36;,19426,EMS: ALTERED MENTAL STATUS,2019-09-15 14:08:36,UPPER PROVIDENCE,LARCHWOOD CT & PERKIOMEN BLVD,1
40.2412769,-75.3024172,VALLEY FORGE RD & ALLENTOWN RD; TOWAMENCIN; 2018-09-23 @ 13:09:02;,19446,Traffic: VEHICLE ACCIDENT -,2018-09-23 13:09:02,TOWAMENCIN,VALLEY FORGE RD & ALLENTOWN RD,1
40.1762989,-75.0855669,HIGH AVE & GOODWIN RD;  UPPER MORELAND; Station 384; 2018-12-02 @ 13:55:34;,19040,EMS: ALTERED MENTAL STATUS,2018-12-02 13:55:34,UPPER MORELAND,HIGH AVE & GOODWIN RD,1
40.2004859,-75.4240679,SOMERSET DR & TWINING WAY;  SKIPPACK; Station 336; 2018-12-26 @ 23:54:17;,19426,EMS: CARDIAC EMERGENCY,2018-12-26 23:54:17,SKIPPACK,SOMERSET DR & TWINING WAY,1
40.1154461,-75.0941492,STOCTON RD; ABINGTON; 2019-02-18 @ 11:07:03-Station:STA100;,19046,Fire: ELECTRICAL FIRE OUTSIDE,2019-02-18 11:07:03,ABINGTON,STOCTON RD,1
40.2105824,-75.5667848,MILL LN & RAILROAD ST; LIMERICK; 2017-10-06 @ 14:42:39;,19468,Traffic: ROAD OBSTRUCTION -,2017-10-06 14:42:39,LIMERICK,MILL LN & RAILROAD ST,1
40.2439560,-75.6141280,HIGH ST & ARMAND HAMMER BLVD; POTTSTOWN; 2016-03-19 @ 09:15:30-Station:STA69;,19464,Fire: FIRE ALARM,2016-03-19 09:15:30,POTTSTOWN,HIGH ST & ARMAND HAMMER BLVD,1
40.2445192,-75.5867253,HIGH ST & ALLISON DR;  LOWER POTTSGROVE; Station 329; 2018-08-25 @ 14:34:12;,19464,EMS: HEAD INJURY,2018-08-25 14:34:12,LOWER POTTSGROVE,HIGH ST & ALLISON DR,1
40.0974438,-75.2880810,KARRS LN & LITTLE AVE; PLYMOUTH; 2016-10-10 @ 10:25:15-Station:STA44;,19428,Fire: FIRE ALARM,2016-10-10 10:25:15,PLYMOUTH,KARRS LN & LITTLE AVE,1
40.1165753,-75.3513892,PEARL ST;  NORRISTOWN; Station 308A; 2019-06-29 @ 03:37:31;,19401,EMS: FALL VICTIM,2019-06-29 03:37:31,NORRISTOWN,PEARL ST,1
40.1221838,-75.2171866,CAMP HILL RD & BETHLEHEM PIKE; WHITEMARSH; 2018-04-06 @ 16:24:06;,19034,Traffic: VEHICLE ACCIDENT -,2018-04-06 16:24:06,WHITEMARSH,CAMP HILL RD & BETHLEHEM PIKE,1
40.2349931,-75.1774180,W COUNTY LINE RD & CHESTNUT LN; HORSHAM; 2018-03-26 @ 07:37:06;,19002,Traffic: VEHICLE ACCIDENT -,2018-03-26 07:37:06,HORSHAM,W COUNTY LINE RD & CHESTNUT LN,1
40.1330371,-75.4084631,SHANNONDELL DR & SHANNONDELL BLVD;  LOWER PROVIDENCE; Station 322A; 2019-12-06 @ 08:43:03;,19403,EMS: CVA/STROKE,2019-12-06 08:43:03,LOWER PROVIDENCE,SHANNONDELL DR & SHANNONDELL BLVD,1
40.1706569,-75.2518890,GWYNEDD AVE & TOWNSHIP LINE RD;  LOWER GWYNEDD; Station 351; 2020-06-19 @ 15:23:35;,19422,EMS: RESCUE - GENERAL,2020-06-19 15:23:35,LOWER GWYNEDD,GWYNEDD AVE & TOWNSHIP LINE RD,1
40.0007630,-75.2797685,WYNNEWOOD RD & W OLD WYNNEWOOD RD;  LOWER MERION; Station 313; 2017-06-07 @ 13:04:49;,19096,EMS: CVA/STROKE,2017-06-07 13:04:49,LOWER MERION,WYNNEWOOD RD & W OLD WYNNEWOOD RD,1
40.1663730,-75.3916994,ESSEX CT & BERWICK PL;  WORCESTER; Station 322; 2019-08-13 @ 18:09:54;,19403,EMS: GENERAL WEAKNESS,2019-08-13 18:09:54,WORCESTER,ESSEX CT & BERWICK PL,1
40.2514920,-75.6033497,RT422 BYP & S PARK RD OVERPASS; LOWER POTTSGROVE; 2019-01-13 @ 02:00:51;,,Traffic: VEHICLE ACCIDENT -,2019-01-13 02:00:51,LOWER POTTSGROVE,RT422 BYP & S PARK RD OVERPASS,1
40.0249667,-75.2829046,SCHUYLKILL EXPY & RAMP I476 NB TO I76 WB; LOWER MERION; 2018-05-11 @ 13:43:12;,,Traffic: VEHICLE ACCIDENT -,2018-05-11 13:43:12,LOWER MERION,SCHUYLKILL EXPY & RAMP I476 NB TO I76 WB,1
40.2212266,-75.2887369,S SWEDESFORD RD & RR UNDERPASS; UPPER GWYNEDD; 2016-01-15 @ 14:45:11;,,Traffic: ROAD OBSTRUCTION -,2016-01-15 14:45:11,UPPER GWYNEDD,S SWEDESFORD RD & RR UNDERPASS,1
40.0941849,-75.2866500,RIDGE PIKE & BUTLER PIKE; PLYMOUTH; 2016-10-08 @ 11:14:09;,19428,Traffic: VEHICLE ACCIDENT -,2016-10-08 11:14:09,PLYMOUTH,RIDGE PIKE & BUTLER PIKE,1
40.1220362,-75.3353387,DEKALB ST & E WOOD ST;  NORRISTOWN; Station 308A; 2020-02-24 @ 13:54:01;,19401,EMS: HEMORRHAGING,2020-02-24 13:54:01,NORRISTOWN,DEKALB ST & E WOOD ST,1
40.1793752,-75.2362381,RT309 EXPY & CEDAR HILL RD OVERPASS; LOWER GWYNEDD; 2019-01-24 @ 13:44:30;,,Traffic: VEHICLE ACCIDENT -,2019-01-24 13:44:30,LOWER GWYNEDD,RT309 EXPY & CEDAR HILL RD OVERPASS,1
40.0046667,-75.2192509,CITY AVE & STOUT RD;  LOWER MERION; Station 313; 2018-01-08 @ 12:55:35;,19004,EMS: UNKNOWN MEDICAL EMERGENCY,2018-01-08 12:55:35,LOWER MERION,CITY AVE & STOUT RD,1
40.1023324,-75.2092317,MCCLOSKEY RD & KOPLEY RD;  SPRINGFIELD; Station 351A; 2018-06-25 @ 18:50:53;,19031,EMS: SYNCOPAL EPISODE,2018-06-25 18:50:53,SPRINGFIELD,MCCLOSKEY RD & KOPLEY RD,1
40.0498178,-75.1143965,DEWEY RD & IVINETTA RD;  CHELTENHAM; Station 358; 2019-10-19 @ 10:55:30;,19012,EMS: SEIZURES,2019-10-19 10:55:30,CHELTENHAM,DEWEY RD & IVINETTA RD,1
40.2955070,-75.5184927,BIG RD & PERKIOMENVILLE RD;  UPPER FREDERICK; Station 308C; 2018-01-28 @ 11:03:16;,18074,EMS: FIRE ALARM,2018-01-28 11:03:16,UPPER FREDERICK,BIG RD & PERKIOMENVILLE RD,1
40.2346744,-75.4466334,SCENIC VIEW DR & CREEKWOOD DR;  SKIPPACK; Station 336; 2017-07-15 @ 21:53:38;,19473,EMS: CARDIAC EMERGENCY,2017-07-15 21:53:38,SKIPPACK,SCENIC VIEW DR & CREEKWOOD DR,1
40.0836572,-75.1647407,GREENWOOD AVE;  CHELTENHAM; Station 358A; 2018-12-01 @ 08:01:54;,19095,EMS: VEHICLE ACCIDENT,2018-12-01 08:01:54,CHELTENHAM,GREENWOOD AVE,1
39.9788326,-75.2722798,TRENT RD & CITY AVE;  LOWER MERION; Station 313; 2017-06-30 @ 09:31:23;,19151,EMS: CVA/STROKE,2017-06-30 09:31:23,LOWER MERION,TRENT RD & CITY AVE,1
40.4030729,-75.4998641,MAIN ST & CHURCH ST; PENNSBURG; 2019-04-18 @ 18:33:54;,18041,Traffic: VEHICLE ACCIDENT -,2019-04-18 18:33:54,PENNSBURG,MAIN ST & CHURCH ST,1
40.1089740,-75.2138303,BETHLEHEM PIKE & SPRINGFIELD AVE;  SPRINGFIELD; Station 311; 2016-09-14 @ 16:40:54;,19031,EMS: CARDIAC EMERGENCY,2016-09-14 16:40:54,SPRINGFIELD,BETHLEHEM PIKE & SPRINGFIELD AVE,1
40.0296652,-75.3242811,AIRDALE RD & W MONTGOMERY AVE; LOWER MERION; 2019-12-18 @ 07:02:32;,19010,Traffic: DISABLED VEHICLE -,2019-12-18 07:02:32,LOWER MERION,AIRDALE RD & W MONTGOMERY AVE,1
40.1509381,-75.1422994,DALE RD & TWINING RD; UPPER DUBLIN; 2019-11-27 @ 11:46:08;,19090,Traffic: VEHICLE ACCIDENT -,2019-11-27 11:46:08,UPPER DUBLIN,DALE RD & TWINING RD,1
40.1893224,-75.1246908,W MORELAND AVE;  HORSHAM; Station 352; 2020-03-22 @ 17:25:59;,,EMS: VEHICLE ACCIDENT,2020-03-22 17:25:59,HORSHAM,W MORELAND AVE,1
40.2493715,-75.3441059,EXTENSION PENNSYLVANIA TPKE & MORRIS RD; TOWAMENCIN; 2020-06-06 @ 02:03:14;,19438,Traffic: DISABLED VEHICLE -,2020-06-06 02:03:14,TOWAMENCIN,EXTENSION PENNSYLVANIA TPKE & MORRIS RD,1
40.0809133,-75.2026651,EVERGREEN AVE & STENTON AVE;  SPRINGFIELD; Station 311; 2016-11-29 @ 17:37:30;,19038,EMS: UNCONSCIOUS SUBJECT,2016-11-29 17:37:30,SPRINGFIELD,EVERGREEN AVE & STENTON AVE,1
40.2417845,-75.3116516,WOODLAWN DR & WALNUT LN;  TOWAMENCIN; Station 345B; 2019-12-19 @ 14:20:09;,19446,EMS: NAUSEA/VOMITING,2019-12-19 14:20:09,TOWAMENCIN,WOODLAWN DR & WALNUT LN,1
40.1069684,-75.1643143,LIMEKILN PIKE & BROOKE RD;  CHELTENHAM; Station 358A; 2018-09-07 @ 06:00:25;,19038,EMS: SUBJECT IN PAIN,2018-09-07 06:00:25,CHELTENHAM,LIMEKILN PIKE & BROOKE RD,1
40.2296401,-75.3511730,KRIEBEL RD;  TOWAMENCIN; Station 345B; 2020-06-11 @ 09:58:01;,19446,EMS: UNRESPONSIVE SUBJECT,2020-06-11 09:58:01,TOWAMENCIN,KRIEBEL RD,1
40.1502196,-75.3143862,STONEY CREEK RD & NORWOOD LN;  EAST NORRITON; Station 308; 2018-04-10 @ 11:12:30;,19401,EMS: CVA/STROKE,2018-04-10 11:12:30,EAST NORRITON,STONEY CREEK RD & NORWOOD LN,1
40.0659979,-75.3364844,TIMOTHY CIR & ENCAMPMENT PL;  UPPER MERION; Station 356; 2020-05-25 @ 04:17:47;,19087,EMS: CARDIAC EMERGENCY,2020-05-25 04:17:47,UPPER MERION,TIMOTHY CIR & ENCAMPMENT PL,1
40.1954932,-75.1956028,TALAMORE DR & MARSTEN GREEN CT;  HORSHAM; Station 352A; 2019-08-18 @ 21:27:26;,19002,EMS: ASSAULT VICTIM,2019-08-18 21:27:26,HORSHAM,TALAMORE DR & MARSTEN GREEN CT,1
40.1447236,-75.3832025,WAGON WHEEL RD & STABLE RD;  WEST NORRITON; Station 308B; 2018-11-15 @ 19:24:39;,19403,EMS: UNKNOWN MEDICAL EMERGENCY,2018-11-15 19:24:39,WEST NORRITON,WAGON WHEEL RD & STABLE RD,1
40.0813675,-75.1401166,ROCK LN & DELL LN; CHELTENHAM; 2018-09-09 @ 10:25:33;,19027,Traffic: ROAD OBSTRUCTION -,2018-09-09 10:25:33,CHELTENHAM,ROCK LN & DELL LN,1
40.1200890,-75.3490126,CHAIN ST & W MARSHALL ST; NORRISTOWN; 2016-05-13 @ 16:06:56;,19401,Traffic: VEHICLE ACCIDENT -,2016-05-13 16:06:56,NORRISTOWN,CHAIN ST & W MARSHALL ST,1
40.1479742,-75.0562209,LARCH RD & BYBERRY RD; LOWER MORELAND; 2018-03-09 @ 16:16:47;,19006,Traffic: ROAD OBSTRUCTION -,2018-03-09 16:16:47,LOWER MORELAND,LARCH RD & BYBERRY RD,1
40.1626383,-75.3101242,YOST RD & CREEK VIEW LN; WHITPAIN; 2018-08-15 @ 17:02:02-Station:STA33;,19422,Fire: FIRE ALARM,2018-08-15 17:02:02,WHITPAIN,YOST RD & CREEK VIEW LN,1
40.2693624,-75.3792450,EXTENSION PENNSYLVANIA TPKE & RAMP RT63 TO I476 NB; LOWER SALFORD; 2019-12-03 @ 11:04:49;,,Traffic: ROAD OBSTRUCTION -,2019-12-03 11:04:49,LOWER SALFORD,EXTENSION PENNSYLVANIA TPKE & RAMP RT63 TO I476 NB,1
40.1849355,-75.4671899,CLAHOR AVE & 8TH AVE; COLLEGEVILLE; 2017-05-20 @ 19:40:27;,19426,Traffic: VEHICLE ACCIDENT -,2017-05-20 19:40:27,COLLEGEVILLE,CLAHOR AVE & 8TH AVE,1
40.1564481,-75.1220797,EASTON RD & ANDREA DR;  UPPER MORELAND; Station 381; 2020-01-28 @ 09:47:23;,19090,EMS: UNCONSCIOUS SUBJECT,2020-01-28 09:47:23,UPPER MORELAND,EASTON RD & ANDREA DR,1
40.1384477,-75.3287282,MEADOWBROOK RD & SWEDE RD; EAST NORRITON; 2017-01-30 @ 14:22:01;,19401,Traffic: VEHICLE ACCIDENT -,2017-01-30 14:22:01,EAST NORRITON,MEADOWBROOK RD & SWEDE RD,1
40.0883549,-75.3821004,DEKALB PIKE & ALLENDALE RD; UPPER MERION; 2018-11-26 @ 12:13:44-Station:STA47;,19406,Fire: FIRE ALARM,2018-11-26 12:13:44,UPPER MERION,DEKALB PIKE & ALLENDALE RD,1
40.0946197,-75.3628559,DEKALB PIKE & S HENDERSON RD; UPPER MERION; 2018-06-22 @ 17:41:22;,19406,Traffic: VEHICLE ACCIDENT -,2018-06-22 17:41:22,UPPER MERION,DEKALB PIKE & S HENDERSON RD,1
40.0966894,-75.2674978,FAIRWAY RD & GERMANTOWN PIKE;  WHITEMARSH; Station 318; 2018-12-13 @ 09:37:50;,19462,EMS: CVA/STROKE,2018-12-13 09:37:50,WHITEMARSH,FAIRWAY RD & GERMANTOWN PIKE,1
40.2291306,-75.3165327,POPLAR CT & DOGWOOD CT;  TOWAMENCIN; Station 345B; 2018-08-30 @ 22:15:19;,19446,EMS: ALTERED MENTAL STATUS,2018-08-30 22:15:19,TOWAMENCIN,POPLAR CT & DOGWOOD CT,1
40.2756820,-75.3545738,CASSELL RD; FRANCONIA; 2019-02-13 @ 07:12:44-Station:STA74;,,Fire: VEHICLE ACCIDENT,2019-02-13 07:12:44,FRANCONIA,CASSELL RD,1
40.1120405,-75.1882480,CREST RD & KINGSTON RD;  SPRINGFIELD; Station 311; 2016-06-09 @ 17:10:51;,19075,EMS: SEIZURES,2016-06-09 17:10:51,SPRINGFIELD,CREST RD & KINGSTON RD,1
40.1137920,-75.4079867,S TROOPER RD; WEST NORRITON; 2019-02-20 @ 12:04:08-Station:STA46;,19403,Fire: FIRE POLICE NEEDED,2019-02-20 12:04:08,WEST NORRITON,S TROOPER RD,1
40.0711763,-75.1530171,CHELTENHAM AVE;  CHELTENHAM; Station 358A; 2017-06-02 @ 15:05:08;,,EMS: SYNCOPAL EPISODE,2017-06-02 15:05:08,CHELTENHAM,CHELTENHAM AVE,1
40.0515836,-75.3003850,BROADMOOR RD & RAFFLES LN;  LOWER MERION; Station 313A; 2017-12-09 @ 11:51:01;,19010,EMS: MEDICAL ALERT ALARM,2017-12-09 11:51:01,LOWER MERION,BROADMOOR RD & RAFFLES LN,1
40.1888962,-75.1468437,NORRISTOWN RD & HORSHAM RD; HORSHAM; 2017-06-29 @ 17:11:07;,19044,Traffic: VEHICLE ACCIDENT -,2017-06-29 17:11:07,HORSHAM,NORRISTOWN RD & HORSHAM RD,1
40.0712483,-75.3046127,WASHINGTON ST & ASH ST; CONSHOHOCKEN; 2017-09-28 @ 08:09:44-Station:STA36;,19428,Fire: FIRE INVESTIGATION,2017-09-28 08:09:44,CONSHOHOCKEN,WASHINGTON ST & ASH ST,1
40.0675025,-75.0942053,CHURCH RD & COTTMAN AVE; CHELTENHAM; 2017-09-10 @ 13:05:47;,19012,Traffic: VEHICLE ACCIDENT -,2017-09-10 13:05:47,CHELTENHAM,CHURCH RD & COTTMAN AVE,1
40.1537535,-75.1216041,EASTON RD & LAWNTON RD;  UPPER MORELAND; Station 381; 2019-12-08 @ 14:04:24;,19090,EMS: HEMORRHAGING,2019-12-08 14:04:24,UPPER MORELAND,EASTON RD & LAWNTON RD,1
40.0776304,-75.3037118,5TH AVE & FORREST ST; CONSHOHOCKEN; 2017-08-24 @ 11:39:14;,19428,Traffic: ROAD OBSTRUCTION -,2017-08-24 11:39:14,CONSHOHOCKEN,5TH AVE & FORREST ST,1
40.2756328,-75.3921037,OAK DR & MAPLE AVE;  LOWER SALFORD; Station 344; 2018-01-04 @ 03:02:40;,19438,EMS: MEDICAL ALERT ALARM,2018-01-04 03:02:40,LOWER SALFORD,OAK DR & MAPLE AVE,1
40.1181071,-75.3395387,DEKALB ST & E OAK ST;  NORRISTOWN; Station 308A; 2019-09-18 @ 00:46:43;,19401,EMS: MATERNITY,2019-09-18 00:46:43,NORRISTOWN,DEKALB ST & E OAK ST,1
40.1330371,-75.4084631,SHANNONDELL DR & SHANNONDELL BLVD;  LOWER PROVIDENCE; Station 322A; 2017-12-16 @ 10:31:07;,19403,EMS: RESPIRATORY EMERGENCY,2017-12-16 10:31:07,LOWER PROVIDENCE,SHANNONDELL DR & SHANNONDELL BLVD,1
40.0972222,-75.3761952,SCHUYLKILL EXPY & GYPSY LN OVERPASS; UPPER MERION; 2016-11-03 @ 22:25:23;,,Traffic: VEHICLE ACCIDENT -,2016-11-03 22:25:23,UPPER MERION,SCHUYLKILL EXPY & GYPSY LN OVERPASS,1
40.2253013,-75.2339509,BETHLEHEM PIKE & STUMP RD;  MONTGOMERY; Station 345A; 2016-01-18 @ 08:25:36;,18936,EMS: RESPIRATORY EMERGENCY,2016-01-18 08:25:36,MONTGOMERY,BETHLEHEM PIKE & STUMP RD,1
40.0930758,-75.1619148,LIMEKILN PIKE & W CHURCH RD; CHELTENHAM; 2017-10-22 @ 12:10:18;,19038,Traffic: VEHICLE ACCIDENT -,2017-10-22 12:10:18,CHELTENHAM,LIMEKILN PIKE & W CHURCH RD,1
40.3053977,-75.4815650,KRATZ RD & COLONIAL DR; LOWER FREDERICK; 2017-09-05 @ 18:34:09;,18074,Traffic: ROAD OBSTRUCTION -,2017-09-05 18:34:09,LOWER FREDERICK,KRATZ RD & COLONIAL DR,1
40.1685488,-75.1014099,PENNYPACK CIR & HEATON RD;  UPPER MORELAND; Station 384; 2020-01-12 @ 00:36:10;,19040,EMS: SUBJECT IN PAIN,2020-01-12 00:36:10,UPPER MORELAND,PENNYPACK CIR & HEATON RD,1
40.1440275,-75.1291427,FLEMING AVE & CARVER AVE;  ABINGTON; Station 381; 2018-10-29 @ 23:50:36;,19090,EMS: SEIZURES,2018-10-29 23:50:36,ABINGTON,FLEMING AVE & CARVER AVE,1
40.2949021,-75.3208998,LEIDY RD & HARRINGTON WAY; FRANCONIA; 2020-01-14 @ 21:57:50;,18964,Traffic: VEHICLE ACCIDENT -,2020-01-14 21:57:50,FRANCONIA,LEIDY RD & HARRINGTON WAY,1
40.1147453,-75.2854469,GERMANTOWN PIKE & LAUNFALL RD;  PLYMOUTH; Station 308; 2016-07-29 @ 13:54:25;,19462,EMS: SYNCOPAL EPISODE,2016-07-29 13:54:25,PLYMOUTH,GERMANTOWN PIKE & LAUNFALL RD,1
40.1464310,-75.2872790,UNION MEETING RD & JOLLY RD; WHITPAIN; 2017-11-04 @ 10:39:11;,19422,Traffic: DISABLED VEHICLE -,2017-11-04 10:39:11,WHITPAIN,UNION MEETING RD & JOLLY RD,1
40.0073462,-75.2818436,KENT RD & CHURCH RD;  LOWER MERION; Station 358A; 2018-11-12 @ 06:17:57;,19003,EMS: BACK PAINS/INJURY,2018-11-12 06:17:57,LOWER MERION,KENT RD & CHURCH RD,1
39.9821650,-75.2647909,CITY AVE & WILTSHIRE RD; LOWER MERION; 2020-05-18 @ 12:59:20;,19151,Traffic: DISABLED VEHICLE -,2020-05-18 12:59:20,LOWER MERION,CITY AVE & WILTSHIRE RD,1
40.1191327,-75.0751577,LIEBERMAN DR; LOWER MORELAND; 2016-06-15 @ 08:10:46-Station:STA8;,19046,Fire: GAS-ODOR/LEAK,2016-06-15 08:10:46,LOWER MORELAND,LIEBERMAN DR,1
40.1029041,-75.3392282,GROVE ST & E RAMBO ST;  BRIDGEPORT; Station 317; 2017-06-24 @ 08:02:58;,19405,EMS: BUILDING FIRE,2017-06-24 08:02:58,BRIDGEPORT,GROVE ST & E RAMBO ST,1
40.2469515,-75.6264611,HENRY ST & HAMILTON ST; POTTSTOWN; 2019-06-12 @ 20:01:56-Station:STA69;,19464,Fire: UNKNOWN TYPE FIRE,2019-06-12 20:01:56,POTTSTOWN,HENRY ST & HAMILTON ST,1
40.0112056,-75.2597281,MONTGOMERY AVE & GORDON AVE; NARBERTH; 2017-04-14 @ 12:19:46;,19072,Traffic: VEHICLE ACCIDENT -,2017-04-14 12:19:46,NARBERTH,MONTGOMERY AVE & GORDON AVE,1
40.1830484,-75.1293825,WESTMONT AVE & OAKDALE AVE;  HORSHAM; Station 352; 2018-01-02 @ 01:25:24;,19044,EMS: MEDICAL ALERT ALARM,2018-01-02 01:25:24,HORSHAM,WESTMONT AVE & OAKDALE AVE,1
40.2290075,-75.3878525,RT422 BYP WB & RAMP RT100 SB TO RT422 WB; CHESTER COUNTY; 2016-09-27 @ 16:24:45;,,Traffic: VEHICLE ACCIDENT -,2016-09-27 16:24:45,CHESTER COUNTY,RT422 BYP WB & RAMP RT100 SB TO RT422 WB,1
40.2402185,-75.2882607,YORK AVE & GREEN ST;  LANSDALE; Station 345B; 2017-01-03 @ 18:27:27;,19446,EMS: OVERDOSE,2017-01-03 18:27:27,LANSDALE,YORK AVE & GREEN ST,1
40.1144040,-75.1217600,OLD YORK RD & SUSQUEHANNA RD; ABINGTON; 2017-12-16 @ 20:12:20;,19001,Traffic: DISABLED VEHICLE -,2017-12-16 20:12:20,ABINGTON,OLD YORK RD & SUSQUEHANNA RD,1
40.2959348,-75.4543440,EXTENSION PENNSYLVANIA TPKE & S DIETZ MILL RD UNDERPASS; SALFORD; 2018-03-10 @ 13:50:57;,19438,Traffic: DISABLED VEHICLE -,2018-03-10 13:50:57,SALFORD,EXTENSION PENNSYLVANIA TPKE & S DIETZ MILL RD UNDERPASS,1
40.2384788,-75.2297196,HORSHAM RD & RT202 PKWY; MONTGOMERY; 2016-05-31 @ 18:51:36;,19454,Traffic: DISABLED VEHICLE -,2016-05-31 18:51:36,MONTGOMERY,HORSHAM RD & RT202 PKWY,1
40.2387237,-75.5785160,EVERGREEN RD & W LIGHTCAP RD;  LOWER POTTSGROVE; Station 329; 2017-12-24 @ 01:13:28;,19464,EMS: LACERATIONS,2017-12-24 01:13:28,LOWER POTTSGROVE,EVERGREEN RD & W LIGHTCAP RD,1
40.3207520,-75.3723363,ALLENTOWN RD & MORWOOD RD;  FRANCONIA; Station 339; 2017-09-07 @ 01:59:12;,18969,EMS: SUBJECT IN PAIN,2017-09-07 01:59:12,FRANCONIA,ALLENTOWN RD & MORWOOD RD,1
40.2483901,-75.2842209,6TH ST & KENILWORTH AVE;  LANSDALE; Station 345; 2017-03-25 @ 20:03:02;,19446,EMS: FALL VICTIM,2017-03-25 20:03:02,LANSDALE,6TH ST & KENILWORTH AVE,1
40.1521886,-75.4805116,BLACK ROCK RD;  UPPER PROVIDENCE; Station 325; 2019-11-22 @ 14:29:02;,,EMS: VEHICLE ACCIDENT,2019-11-22 14:29:02,UPPER PROVIDENCE,BLACK ROCK RD,1
40.2459704,-75.6528170,HIGH ST & S YORK ST;  POTTSTOWN; Station 329; 2017-09-24 @ 13:35:42;,19464,EMS: RESPIRATORY EMERGENCY,2017-09-24 13:35:42,POTTSTOWN,HIGH ST & S YORK ST,1
39.9926890,-75.2845000,HAVERFORD RD & ARGYLE RD;  LOWER MERION; Station 313; 2018-08-31 @ 14:01:47;,19096,EMS: ALTERED MENTAL STATUS,2018-08-31 14:01:47,LOWER MERION,HAVERFORD RD & ARGYLE RD,1
40.2253013,-75.2339509,BETHLEHEM PIKE & STUMP RD; MONTGOMERY; 2015-12-11 @ 18:08:25;,18936,Traffic: ROAD OBSTRUCTION -,2015-12-11 18:08:25,MONTGOMERY,BETHLEHEM PIKE & STUMP RD,1
40.1141907,-75.3321110,MARSHALL ST & HIGH ST; NORRISTOWN; 2019-12-06 @ 08:16:31;,19401,Traffic: VEHICLE ACCIDENT -,2019-12-06 08:16:31,NORRISTOWN,MARSHALL ST & HIGH ST,1
40.3077958,-75.2998221,COUNTY LINE RD & TOWNSHIP LINE RD; FRANCONIA; 2017-12-13 @ 17:54:33;,18964,Traffic: VEHICLE ACCIDENT -,2017-12-13 17:54:33,FRANCONIA,COUNTY LINE RD & TOWNSHIP LINE RD,1
40.3728778,-75.4810131,WALT RD & MONTGOMERY AVE; RED HILL; 2016-11-23 @ 04:18:53-Station:STA71;,,Fire: FIRE ALARM,2016-11-23 04:18:53,RED HILL,WALT RD & MONTGOMERY AVE,1
40.2438810,-75.6161910,HIGH ST & BEECH ST; POTTSTOWN; 2017-03-07 @ 19:31:52;,19464,Traffic: VEHICLE ACCIDENT -,2017-03-07 19:31:52,POTTSTOWN,HIGH ST & BEECH ST,1
40.1711543,-75.0825132,EXTON RD & THISTLEWOOD RD; UPPER MORELAND; 2017-08-08 @ 10:06:02;,19040,Traffic: ROAD OBSTRUCTION -,2017-08-08 10:06:02,UPPER MORELAND,EXTON RD & THISTLEWOOD RD,1
40.0848987,-75.3834870,BILL SMITH BLVD & REESEVILLE DR;  UPPER MERION; Station 317; 2016-05-31 @ 08:53:07;,19406,EMS: UNKNOWN MEDICAL EMERGENCY,2016-05-31 08:53:07,UPPER MERION,BILL SMITH BLVD & REESEVILLE DR,1
40.1508824,-75.1710854,BELL LN & N LIMEKILN PIKE;  UPPER DUBLIN; Station 351; 2020-01-14 @ 20:32:46;,19002,EMS: GENERAL WEAKNESS,2020-01-14 20:32:46,UPPER DUBLIN,BELL LN & N LIMEKILN PIKE,1
40.2598808,-75.6064751,BUCHERT RD; LOWER POTTSGROVE; 2019-08-26 @ 05:41:28-Station:STA59;,19464,Fire: VEHICLE ACCIDENT,2019-08-26 05:41:28,LOWER POTTSGROVE,BUCHERT RD,1
40.0369008,-75.3558181,E LANCASTER AVE; DELAWARE COUNTY; 2019-10-24 @ 17:52:34-Station:STA23;,,Fire: VEHICLE ACCIDENT,2019-10-24 17:52:34,DELAWARE COUNTY,E LANCASTER AVE,1
40.1807822,-75.4289877,EVANSBURG RD & GERMANTOWN PIKE; LOWER PROVIDENCE; 2018-03-02 @ 21:45:52;,19426,Traffic: ROAD OBSTRUCTION -,2018-03-02 21:45:52,LOWER PROVIDENCE,EVANSBURG RD & GERMANTOWN PIKE,1
40.2485328,-75.5988483,GREEN BRIAR CT & PEBBLE BEACH LN; LOWER POTTSGROVE; 2018-07-18 @ 14:42:12;,19464,Traffic: ROAD OBSTRUCTION -,2018-07-18 14:42:12,LOWER POTTSGROVE,GREEN BRIAR CT & PEBBLE BEACH LN,1
40.1198332,-75.1253492,SUSQUEHANNA RD & RR OVERPASS; ABINGTON; 2016-07-13 @ 19:03:44;,,Traffic: VEHICLE ACCIDENT -,2016-07-13 19:03:44,ABINGTON,SUSQUEHANNA RD & RR OVERPASS,1
40.1022274,-75.3915443,VALLEY FORGE RD & GENERAL STEUBEN RD;  UPPER MERION; Station 317; 2016-05-11 @ 21:55:22;,19406,EMS: RESPIRATORY EMERGENCY,2016-05-11 21:55:22,UPPER MERION,VALLEY FORGE RD & GENERAL STEUBEN RD,1
40.3341715,-75.3590031,GREEN HILL RD & COWPATH RD;  FRANCONIA; Station 339; 2019-02-28 @ 12:37:50;,18969,EMS: FALL VICTIM,2019-02-28 12:37:50,FRANCONIA,GREEN HILL RD & COWPATH RD,1
40.1192425,-75.3388066,DEKALB ST & E JACOBY ST;  NORRISTOWN; Station 308A; 2018-07-07 @ 21:52:03;,19401,EMS: ABDOMINAL PAINS,2018-07-07 21:52:03,NORRISTOWN,DEKALB ST & E JACOBY ST,1
40.1564481,-75.1220797,EASTON RD & ANDREA DR;  UPPER MORELAND; Station 381; 2018-06-24 @ 01:37:18;,19090,EMS: CARDIAC EMERGENCY,2018-06-24 01:37:18,UPPER MORELAND,EASTON RD & ANDREA DR,1
40.3008217,-75.6190403,BUCHERT RD & GILBERTSVILLE RD; DOUGLASS; 2019-03-24 @ 10:32:48;,19525,Traffic: VEHICLE ACCIDENT -,2019-03-24 10:32:48,DOUGLASS,BUCHERT RD & GILBERTSVILLE RD,1
40.2378432,-75.6174760,SUNRISE ALY & MAPLE ST; POTTSTOWN; 2020-01-25 @ 08:33:52;,19464,Traffic: HAZARDOUS ROAD CONDITIONS -,2020-01-25 08:33:52,POTTSTOWN,SUNRISE ALY & MAPLE ST,1
40.2058631,-75.1296641,W COUNTY LINE RD & LATCHSTRING LN; HORSHAM; 2019-12-29 @ 22:05:01;,19040,Traffic: DISABLED VEHICLE -,2019-12-29 22:05:01,HORSHAM,W COUNTY LINE RD & LATCHSTRING LN,1
40.0076763,-75.2952107,ARDMORE AVE & SCHOOL LN; LOWER MERION; 2016-03-22 @ 18:03:00-Station:STA25;,19003,Fire: GAS-ODOR/LEAK,2016-03-22 18:03:00,LOWER MERION,ARDMORE AVE & SCHOOL LN,1
40.2224653,-75.2721473,BELFAST DR & WEXFORD DR; UPPER GWYNEDD; 2016-02-15 @ 20:16:28-Station:STA80;,19454,Fire: FIRE INVESTIGATION,2016-02-15 20:16:28,UPPER GWYNEDD,BELFAST DR & WEXFORD DR,1
40.0840520,-75.2963700,FAYETTE ST & E 13TH AVE;  PLYMOUTH; Station 308; 2016-08-02 @ 14:35:02;,19428,EMS: FRACTURE,2016-08-02 14:35:02,PLYMOUTH,FAYETTE ST & E 13TH AVE,1
40.2462010,-75.6551970,HIGH ST & MANATAWNY ST;  POTTSTOWN; Station 329; 2020-01-21 @ 22:09:32;,19464,EMS: GENERAL WEAKNESS,2020-01-21 22:09:32,POTTSTOWN,HIGH ST & MANATAWNY ST,1
40.1022557,-75.2028008,HAWS LN & FRASER RD;  SPRINGFIELD; Station 351A; 2019-12-19 @ 01:08:13;,19038,EMS: HEAD INJURY,2019-12-19 01:08:13,SPRINGFIELD,HAWS LN & FRASER RD,1
40.2708487,-75.4325201,LEDERACH RD & LARSON RD;  UPPER SALFORD; Station 308C; 2017-03-08 @ 20:06:57;,19473,EMS: RESPIRATORY EMERGENCY,2017-03-08 20:06:57,UPPER SALFORD,LEDERACH RD & LARSON RD,1
40.0826233,-75.0914373,HUNTINGDON PIKE & N CENTRAL AVE; ROCKLEDGE; 2016-09-14 @ 10:59:51-Station:STA9;,19046,Fire: FIRE ALARM,2016-09-14 10:59:51,ROCKLEDGE,HUNTINGDON PIKE & N CENTRAL AVE,1
40.2584961,-75.6380333,SPRUCE ST & WILSON ST;  POTTSTOWN; Station 329B; 2017-02-08 @ 13:49:25;,19464,EMS: CARDIAC ARREST,2017-02-08 13:49:25,POTTSTOWN,SPRUCE ST & WILSON ST,1
40.2489551,-75.6874216,JAY ST & W RACE ST;  WEST POTTSGROVE; Station 329; 2017-07-21 @ 21:07:43;,19464,EMS: HEMORRHAGING,2017-07-21 21:07:43,WEST POTTSGROVE,JAY ST & W RACE ST,1
40.0623140,-75.0934330,CENTRAL AVE & MYRTLE AVE; CHELTENHAM; 2016-06-30 @ 17:09:00-Station:STA4;,19012,Fire: FIRE ALARM,2016-06-30 17:09:00,CHELTENHAM,CENTRAL AVE & MYRTLE AVE,1
40.1641285,-75.4764840,TOWN CENTER DR & S COLLEGEVILLE RD; UPPER PROVIDENCE; 2016-06-19 @ 17:52:35;,19426,Traffic: DISABLED VEHICLE -,2016-06-19 17:52:35,UPPER PROVIDENCE,TOWN CENTER DR & S COLLEGEVILLE RD,1
40.1499398,-75.3396256,GERMANTOWN PIKE & RICHFIELD RD; EAST NORRITON; 2016-09-19 @ 02:17:04-Station:STA61;,19403,Fire: FIRE SPECIAL SERVICE,2016-09-19 02:17:04,EAST NORRITON,GERMANTOWN PIKE & RICHFIELD RD,1
40.2662707,-75.6356034,N HANOVER ST & MASTER ST; POTTSTOWN; 2018-05-21 @ 08:46:14;,19464,Traffic: VEHICLE ACCIDENT -,2018-05-21 08:46:14,POTTSTOWN,N HANOVER ST & MASTER ST,1
40.2438155,-75.5737710,RIDGE PIKE & RUPERT RD; LIMERICK; 2016-04-26 @ 10:58:07-Station:STA54;,19464,Fire: FIRE INVESTIGATION,2016-04-26 10:58:07,LIMERICK,RIDGE PIKE & RUPERT RD,1
40.0103860,-75.2916150,MONTGOMERY AVE & BLEDDYN RD; LOWER MERION; 2016-06-19 @ 09:10:41-Station:STA25;,19003,Fire: WOODS/FIELD FIRE,2016-06-19 09:10:41,LOWER MERION,MONTGOMERY AVE & BLEDDYN RD,1
40.1069605,-75.2885445,EXTENSION PENNSYLVANIA TPKE & W GERMANTOWN PIKE UNDERPASS; PLYMOUTH; 2017-12-07 @ 05:35:07;,19462,Traffic: VEHICLE ACCIDENT -,2017-12-07 05:35:07,PLYMOUTH,EXTENSION PENNSYLVANIA TPKE & W GERMANTOWN PIKE UNDERPASS,1
40.1499398,-75.3396256,GERMANTOWN PIKE & RICHFIELD RD;  EAST NORRITON; Station 308B; 2017-03-07 @ 10:15:14;,19403,EMS: CARDIAC EMERGENCY,2017-03-07 10:15:14,EAST NORRITON,GERMANTOWN PIKE & RICHFIELD RD,1
40.161971,-75.201353,RT309 EXPY & SUSQUEHANNA RD UNDERPASS; UPPER DUBLIN; 2015-12-30 @ 16:12:16;,,Traffic: ROAD OBSTRUCTION -,2015-12-30 16:12:16,UPPER DUBLIN,RT309 EXPY & SUSQUEHANNA RD UNDERPASS,1
40.1458873,-75.4034482,MIDLAND AVE & REGENCY DR;  LOWER PROVIDENCE; Station 322; 2016-02-21 @ 21:39:27;,19403,EMS: DIZZINESS,2016-02-21 21:39:27,LOWER PROVIDENCE,MIDLAND AVE & REGENCY DR,1
40.0875677,-75.4055591,N GULPH RD;  UPPER MERION; Station 356; 2019-12-02 @ 07:47:54;,,EMS: VEHICLE ACCIDENT,2019-12-02 07:47:54,UPPER MERION,N GULPH RD,1
40.1195583,-75.3470376,CORSON ST & W BLACKBERRY ALY;  NORRISTOWN; Station 308A; 2019-05-17 @ 12:26:01;,19401,EMS: ALTERED MENTAL STATUS,2019-05-17 12:26:01,NORRISTOWN,CORSON ST & W BLACKBERRY ALY,1
40.0484369,-75.3103950,RIDGEWOOD RD & MORRIS AVE;  LOWER MERION; Station 313A; 2019-06-24 @ 10:20:32;,19010,EMS: HEAD INJURY,2019-06-24 10:20:32,LOWER MERION,RIDGEWOOD RD & MORRIS AVE,1
40.0806780,-75.1267910,OLD YORK RD & GREEN BRIAR RD; CHELTENHAM; 2018-07-04 @ 11:06:03;,19027,Traffic: VEHICLE ACCIDENT -,2018-07-04 11:06:03,CHELTENHAM,OLD YORK RD & GREEN BRIAR RD,1
40.0787258,-75.1115955,CEDAR RD & JENKINTOWN RD; ABINGTON; 2020-03-01 @ 18:06:23;,19027,Traffic: VEHICLE ACCIDENT -,2020-03-01 18:06:23,ABINGTON,CEDAR RD & JENKINTOWN RD,1
40.0230397,-75.3151611,MONTGOMERY AVE & MORRIS AVE;  LOWER MERION; Station 313; 2019-03-05 @ 20:40:26;,19010,EMS: CARDIAC EMERGENCY,2019-03-05 20:40:26,LOWER MERION,MONTGOMERY AVE & MORRIS AVE,1
40.1247752,-75.2931878,GERMANTOWN PIKE & HALLOWELL RD;  PLYMOUTH; Station 308; 2018-11-24 @ 07:15:02;,19462,EMS: CARDIAC EMERGENCY,2018-11-24 07:15:02,PLYMOUTH,GERMANTOWN PIKE & HALLOWELL RD,1
40.3400721,-75.5917092,RT100 NB & E PHILADELPHIA AVE OVERPASS; DOUGLASS; 2017-04-24 @ 12:04:06;,,Traffic: DISABLED VEHICLE -,2017-04-24 12:04:06,DOUGLASS,RT100 NB & E PHILADELPHIA AVE OVERPASS,1
40.0846764,-75.1689422,EASTON RD & GREENWOOD AVE;  CHELTENHAM; Station 358A; 2019-01-07 @ 16:40:58;,19095,EMS: OVERDOSE,2019-01-07 16:40:58,CHELTENHAM,EASTON RD & GREENWOOD AVE,1
40.1211857,-75.3416914,CHERRY ST & W ELM ST;  NORRISTOWN; Station 308A; 2016-01-05 @ 13:14:40;,19401,EMS: SUBJECT IN PAIN,2016-01-05 13:14:40,NORRISTOWN,CHERRY ST & W ELM ST,1
40.1046666,-75.3332221,4TH ST & PROSPECT AVE;  BRIDGEPORT; Station 317; 2017-04-19 @ 06:42:28;,19405,EMS: VEHICLE ACCIDENT,2017-04-19 06:42:28,BRIDGEPORT,4TH ST & PROSPECT AVE,1
40.2109067,-75.2782709,N MAIN ST & E WALNUT ST; NORTH WALES; 2018-05-31 @ 10:02:11;,19454,Traffic: VEHICLE ACCIDENT -,2018-05-31 10:02:11,NORTH WALES,N MAIN ST & E WALNUT ST,1
40.1082672,-75.3062326,BLUEROUTE  & CHEMICAL RD UNDERPASS; PLYMOUTH; 2018-10-15 @ 07:43:12;,,Traffic: VEHICLE ACCIDENT -,2018-10-15 07:43:12,PLYMOUTH,BLUEROUTE  & CHEMICAL RD UNDERPASS,1
40.1196326,-75.3482213,W MARSHALL ST & ASTOR ST; NORRISTOWN; 2020-07-09 @ 14:33:32;,19401,Traffic: VEHICLE ACCIDENT -,2020-07-09 14:33:32,NORRISTOWN,W MARSHALL ST & ASTOR ST,1
40.1685378,-75.4982005,BLACK ROCK RD & S TRAPPE RD;  UPPER PROVIDENCE; Station 325; 2016-10-26 @ 14:33:32;,19468,EMS: UNCONSCIOUS SUBJECT,2016-10-26 14:33:32,UPPER PROVIDENCE,BLACK ROCK RD & S TRAPPE RD,1
40.0805188,-75.1302722,MEETINGHOUSE RD & W CHURCH RD; CHELTENHAM; 2017-12-30 @ 09:11:04;,19027,Traffic: HAZARDOUS ROAD CONDITIONS -,2017-12-30 09:11:04,CHELTENHAM,MEETINGHOUSE RD & W CHURCH RD,1
40.1116776,-75.0936056,VALLEY RD & OLD VALLEY RD; ABINGTON; 2020-03-19 @ 08:44:34;,19046,Traffic: ROAD OBSTRUCTION -,2020-03-19 08:44:34,ABINGTON,VALLEY RD & OLD VALLEY RD,1
40.2485426,-75.6639648,HIGH ST & RAMP RT100 NB TO W HIGH ST; POTTSTOWN; 2018-03-16 @ 08:01:58;,19464,Traffic: VEHICLE ACCIDENT -,2018-03-16 08:01:58,POTTSTOWN,HIGH ST & RAMP RT100 NB TO W HIGH ST,1
40.0547077,-75.1248715,OAK LANE RD & CHELTENHAM AVE; CHELTENHAM; 2018-07-18 @ 16:21:48;,19027,Traffic: VEHICLE ACCIDENT -,2018-07-18 16:21:48,CHELTENHAM,OAK LANE RD & CHELTENHAM AVE,1
40.0354582,-75.2560428,RAMP HOLLOW RD TO I76  & HOLLOW RD; LOWER MERION; 2017-03-13 @ 05:40:02;,19072,Traffic: ROAD OBSTRUCTION -,2017-03-13 05:40:02,LOWER MERION,RAMP HOLLOW RD TO I76  & HOLLOW RD,1
40.1845001,-75.5380393,WALNUT ST & S 4TH AVE; ROYERSFORD; 2016-05-25 @ 13:53:21-Station:STA98;,19468,Fire: FIRE ALARM,2016-05-25 13:53:21,ROYERSFORD,WALNUT ST & S 4TH AVE,1
40.1350514,-75.3562044,UPPER FARM RD & BEECH DR;  WEST NORRITON; Station 308B; 2017-10-26 @ 08:48:01;,19403,EMS: SEIZURES,2017-10-26 08:48:01,WEST NORRITON,UPPER FARM RD & BEECH DR,1
40.3400721,-75.5917092,KNOLL LN & DEAD END;  DOUGLASS; Station 332; 2016-06-06 @ 18:23:48;,,EMS: GENERAL WEAKNESS,2016-06-06 18:23:48,DOUGLASS,KNOLL LN & DEAD END,1
40.2890267,-75.3995896,MAIN ST & OLD SUMNEYTOWN PIKE;  LOWER SALFORD; Station 344; 2017-11-08 @ 16:59:08;,19438,EMS: HEAD INJURY,2017-11-08 16:59:08,LOWER SALFORD,MAIN ST & OLD SUMNEYTOWN PIKE,1
40.0765774,-75.3794299,ROBIN HILL RD; UPPER MERION; 2019-03-14 @ 09:45:04-Station:STA47;,19087,Fire: BUILDING FIRE,2019-03-14 09:45:04,UPPER MERION,ROBIN HILL RD,1
40.0012604,-75.2762738,LANCASTER AVE & E WYNNEWOOD RD; LOWER MERION; 2016-09-29 @ 21:44:42;,19096,Traffic: ROAD OBSTRUCTION -,2016-09-29 21:44:42,LOWER MERION,LANCASTER AVE & E WYNNEWOOD RD,1
40.2332590,-75.2695950,MAIN ST & GREENWOOD RD;  LANSDALE; Station 345; 2020-02-12 @ 17:51:40;,19446,EMS: ALTERED MENTAL STATUS,2020-02-12 17:51:40,LANSDALE,MAIN ST & GREENWOOD RD,1
40.0235280,-75.3227020,BRYN MAWR AVE & W LANCASTER AVE;  LOWER MERION; Station 313; 2018-08-16 @ 19:43:00;,19010,EMS: SEIZURES,2018-08-16 19:43:00,LOWER MERION,BRYN MAWR AVE & W LANCASTER AVE,1
40.1330371,-75.4084631,SHANNONDELL DR & SHANNONDELL BLVD;  LOWER PROVIDENCE; Station 322A; 2016-06-28 @ 08:23:37;,19403,EMS: FALL VICTIM,2016-06-28 08:23:37,LOWER PROVIDENCE,SHANNONDELL DR & SHANNONDELL BLVD,1
40.1522357,-75.3486116,WHITEHALL RD & W GERMANTOWN PIKE; EAST NORRITON; 2016-09-26 @ 14:10:36;,19403,Traffic: ROAD OBSTRUCTION -,2016-09-26 14:10:36,EAST NORRITON,WHITEHALL RD & W GERMANTOWN PIKE,1
40.2444884,-75.1926392,LIMEKILN PIKE & COUNTY LINE RD; MONTGOMERY; 2017-09-29 @ 16:10:01;,19454,Traffic: DISABLED VEHICLE -,2017-09-29 16:10:01,MONTGOMERY,LIMEKILN PIKE & COUNTY LINE RD,1
40.2473877,-75.6321976,BEECH ST & THOMAS ST; POTTSTOWN; 2018-07-17 @ 20:32:06-Station:STA69;,19464,Fire: FIRE ALARM,2018-07-17 20:32:06,POTTSTOWN,BEECH ST & THOMAS ST,1
40.2582531,-75.2482301,BETHLEHEM PIKE & TAYLOR RD;  MONTGOMERY; Station 345; 2019-09-10 @ 15:40:48;,19446,EMS: ABDOMINAL PAINS,2019-09-10 15:40:48,MONTGOMERY,BETHLEHEM PIKE & TAYLOR RD,1
40.1483769,-75.1287205,MORELAND RD;  UPPER MORELAND; Station 381; 2016-11-19 @ 23:19:58;,19090,EMS: VEHICLE ACCIDENT,2016-11-19 23:19:58,UPPER MORELAND,MORELAND RD,1
39.9898980,-75.2584300,LANCASTER AVE & LANKENAU DR; LOWER MERION; 2017-06-23 @ 16:14:22;,19096,Traffic: DISABLED VEHICLE -,2017-06-23 16:14:22,LOWER MERION,LANCASTER AVE & LANKENAU DR,1
40.1928785,-75.3775352,STUMP HALL RD;  WORCESTER; Station 322; 2018-02-02 @ 00:18:55;,19426,EMS: VEHICLE ACCIDENT,2018-02-02 00:18:55,WORCESTER,STUMP HALL RD,1
40.2023975,-75.4069427,HIDDEN FOREST DR & PALOMINO DR; SKIPPACK; 2019-05-21 @ 12:42:02-Station:STA86;,19426,Fire: VEHICLE ACCIDENT,2019-05-21 12:42:02,SKIPPACK,HIDDEN FOREST DR & PALOMINO DR,1
40.2226377,-75.4766602,BUYERS RD & WARTMAN RD; PERKIOMEN; 2019-08-01 @ 13:47:34-Station:STA66;,19426,Fire: CARBON MONOXIDE DETECTOR,2019-08-01 13:47:34,PERKIOMEN,BUYERS RD & WARTMAN RD,1
40.1249340,-75.3494011,POWELL ST & W ELM ST; NORRISTOWN; 2018-02-03 @ 16:11:58-Station:STA27;,19401,Fire: FIRE INVESTIGATION,2018-02-03 16:11:58,NORRISTOWN,POWELL ST & W ELM ST,1
40.2250992,-75.2076515,HORSHAM RD & GREEN TREE TAVERN RD;  HORSHAM; Station 352; 2017-09-13 @ 04:11:11;,19454,EMS: CARDIAC EMERGENCY,2017-09-13 04:11:11,HORSHAM,HORSHAM RD & GREEN TREE TAVERN RD,1
40.1338490,-75.3210309,SIENNA DR & CRIMSON DR;  EAST NORRITON; Station 308; 2017-11-07 @ 13:32:34;,19401,EMS: SEIZURES,2017-11-07 13:32:34,EAST NORRITON,SIENNA DR & CRIMSON DR,1
40.1118752,-75.2850076,GERMANTOWN PIKE & PLYMOUTH RD; PLYMOUTH; 2018-05-04 @ 10:41:18;,19462,Traffic: VEHICLE ACCIDENT -,2018-05-04 10:41:18,PLYMOUTH,GERMANTOWN PIKE & PLYMOUTH RD,1
40.1330371,-75.4084631,SHANNONDELL DR & SHANNONDELL BLVD;  LOWER PROVIDENCE; Station 322A; 2019-11-08 @ 16:31:34;,19403,EMS: CARDIAC EMERGENCY,2019-11-08 16:31:34,LOWER PROVIDENCE,SHANNONDELL DR & SHANNONDELL BLVD,1
40.4029519,-75.5074269,3RD ST & STATE ST; EAST GREENVILLE; 2019-07-11 @ 22:37:38-Station:STA38;,18041,Fire: FIRE INVESTIGATION,2019-07-11 22:37:38,EAST GREENVILLE,3RD ST & STATE ST,1
40.3479697,-75.5420764,LAYFIELD RD & DEEP CREEK RD; NEW HANOVER; 2020-07-28 @ 16:13:48;,18074,Traffic: VEHICLE ACCIDENT -,2020-07-28 16:13:48,NEW HANOVER,LAYFIELD RD & DEEP CREEK RD,1
40.0972222,-75.3761952,DEKALB PIKE & TURNPIKE UNDERPASS; UPPER MERION; 2016-12-21 @ 23:10:38-Station:STA47;,,Fire: VEHICLE LEAKING FUEL,2016-12-21 23:10:38,UPPER MERION,DEKALB PIKE & TURNPIKE UNDERPASS,1
40.0850736,-75.3886248,N GULPH RD & W DEKALB PIKE; UPPER MERION; 2015-12-23 @ 23:49:44;,19406,Traffic: DISABLED VEHICLE -,2015-12-23 23:49:44,UPPER MERION,N GULPH RD & W DEKALB PIKE,1
40.4127686,-75.5386059,ADAMS RD & SOFFA RD;  UPPER HANOVER; Station 369; 2017-03-10 @ 03:36:24;,18041,EMS: FALL VICTIM,2017-03-10 03:36:24,UPPER HANOVER,ADAMS RD & SOFFA RD,1
40.1331198,-75.3911511,SAND TRAP CT & FAIRWAY LN; WEST NORRITON; 2016-12-15 @ 11:43:48-Station:STA46;,19403,Fire: BUILDING FIRE,2016-12-15 11:43:48,WEST NORRITON,SAND TRAP CT & FAIRWAY LN,1
40.0972222,-75.3761952,SCHUYLKILL EXPY & WEADLEY RD OVERPASS; UPPER MERION; 2016-04-16 @ 20:34:58;,,Traffic: DISABLED VEHICLE -,2016-04-16 20:34:58,UPPER MERION,SCHUYLKILL EXPY & WEADLEY RD OVERPASS,1
40.0846764,-75.1689422,EASTON RD & GREENWOOD AVE; CHELTENHAM; 2018-12-21 @ 10:06:27;,19095,Traffic: VEHICLE ACCIDENT -,2018-12-21 10:06:27,CHELTENHAM,EASTON RD & GREENWOOD AVE,1
40.2722305,-75.2575871,BETHLEHEM PIKE & DISCOVERY DR; HATFIELD TOWNSHIP; 2017-01-05 @ 14:18:13;,18915,Traffic: VEHICLE ACCIDENT -,2017-01-05 14:18:13,HATFIELD TOWNSHIP,BETHLEHEM PIKE & DISCOVERY DR,1
40.1532684,-75.1895576,RT309 EXPY & RAMP I276 TO RT309 NB; UPPER DUBLIN; 2016-12-19 @ 18:50:58;,,Traffic: ROAD OBSTRUCTION -,2016-12-19 18:50:58,UPPER DUBLIN,RT309 EXPY & RAMP I276 TO RT309 NB,1
40.0618905,-75.2697659,HARTS LN & RIVER RD; WHITEMARSH; 2016-07-23 @ 17:31:43;,19428,Traffic: ROAD OBSTRUCTION -,2016-07-23 17:31:43,WHITEMARSH,HARTS LN & RIVER RD,1
40.0999600,-75.1342131,JENKINTOWN RD & WALNUT ST;  ABINGTON; Station 382; 2019-12-16 @ 10:43:08;,19046,EMS: MEDICAL ALERT ALARM,2019-12-16 10:43:08,ABINGTON,JENKINTOWN RD & WALNUT ST,1
40.2005389,-75.5241112,BROOKE DR & JOSHUA DR;  LIMERICK; Station 325; 2016-02-05 @ 14:41:46;,19468,EMS: ASSAULT VICTIM,2016-02-05 14:41:46,LIMERICK,BROOKE DR & JOSHUA DR,1
40.1344431,-75.3326869,MARKLEY ST & SWEDE RD; NORRISTOWN; 2018-10-10 @ 11:58:28;,19401,Traffic: VEHICLE ACCIDENT -,2018-10-10 11:58:28,NORRISTOWN,MARKLEY ST & SWEDE RD,1
40.0249667,-75.2829046,PRESIDENTIAL BLVD & GLEN RD;  LOWER MERION; Station 313; 2020-06-10 @ 14:53:31;,,EMS: CARDIAC EMERGENCY,2020-06-10 14:53:31,LOWER MERION,PRESIDENTIAL BLVD & GLEN RD,1
40.3082416,-75.6006932,SWAMP PIKE & OAK ST; DOUGLASS; 2018-01-02 @ 08:16:23;,19525,Traffic: VEHICLE ACCIDENT -,2018-01-02 08:16:23,DOUGLASS,SWAMP PIKE & OAK ST,1
40.1385219,-75.2502759,TALLY HO LN & FARM DR; WHITPAIN; 2018-11-11 @ 20:37:52-Station:STA33;,19422,Fire: CARBON MONOXIDE DETECTOR,2018-11-11 20:37:52,WHITPAIN,TALLY HO LN & FARM DR,1
40.1171213,-75.3559863,WASHINGTON ST & JAMISON ALY; NORRISTOWN; 2020-06-16 @ 12:03:18-Station:STA27;,19401,Fire: FIRE ALARM,2020-06-16 12:03:18,NORRISTOWN,WASHINGTON ST & JAMISON ALY,1
40.2742740,-75.3898699,OAK DR & BROAD ST; LOWER SALFORD; 2019-11-14 @ 09:01:16;,19438,Traffic: VEHICLE ACCIDENT -,2019-11-14 09:01:16,LOWER SALFORD,OAK DR & BROAD ST,1
40.2275144,-75.3877722,TOWNSHIP LINE RD & GOSHEN DR; SKIPPACK; 2016-01-04 @ 13:58:05-Station:STA86;,19438,Fire: PUMP DETAIL,2016-01-04 13:58:05,SKIPPACK,TOWNSHIP LINE RD & GOSHEN DR,1
40.1848839,-75.2645671,OVERBROOK DR & GWYNEDD VALLEY DR;  LOWER GWYNEDD; Station 351; 2017-07-26 @ 06:29:20;,19002,EMS: CARDIAC ARREST,2017-07-26 06:29:20,LOWER GWYNEDD,OVERBROOK DR & GWYNEDD VALLEY DR,1
40.4142488,-75.5090155,GRAVEL PIKE & KRAUSSDALE RD; UPPER HANOVER; 2020-06-12 @ 12:25:15-Station:STA38;,18041,Fire: FIRE ALARM,2020-06-12 12:25:15,UPPER HANOVER,GRAVEL PIKE & KRAUSSDALE RD,1
40.3142539,-75.6353784,SWINEHART RD & MILL ST;  DOUGLASS; Station 332; 2017-05-13 @ 08:07:23;,19512,EMS: SUBJECT IN PAIN,2017-05-13 08:07:23,DOUGLASS,SWINEHART RD & MILL ST,1
40.2138447,-75.3835281,STUMP HALL RD;  SKIPPACK; Station 336; 2017-03-29 @ 08:57:22;,19426,EMS: VEHICLE ACCIDENT,2017-03-29 08:57:22,SKIPPACK,STUMP HALL RD,1
40.0715320,-75.3070564,WASHINGTON ST & HARRY ST; CONSHOHOCKEN; 2019-07-15 @ 06:45:08-Station:STA35;,19428,Fire: ELEVATOR EMERGENCY,2019-07-15 06:45:08,CONSHOHOCKEN,WASHINGTON ST & HARRY ST,1
40.0951710,-75.4146990,1ST AVE & FREEDOM DR; UPPER MERION; 2020-05-15 @ 16:06:02;,19406,Traffic: VEHICLE ACCIDENT -,2020-05-15 16:06:02,UPPER MERION,1ST AVE & FREEDOM DR,1
40.2449124,-75.6443631,HIGH ST & S FRANKLIN ST; POTTSTOWN; 2016-05-20 @ 12:58:06;,19464,Traffic: VEHICLE ACCIDENT -,2016-05-20 12:58:06,POTTSTOWN,HIGH ST & S FRANKLIN ST,1
40.2883557,-75.3785374,MAPLE AVE & YODER RD;  FRANCONIA; Station 344; 2019-02-20 @ 08:21:54;,19438,EMS: RESPIRATORY EMERGENCY,2019-02-20 08:21:54,FRANCONIA,MAPLE AVE & YODER RD,1
40.1330371,-75.4084631,SHANNONDELL DR & SHANNONDELL BLVD;  LOWER PROVIDENCE; Station 322A; 2019-12-13 @ 16:59:56;,19403,EMS: FALL VICTIM,2019-12-13 16:59:56,LOWER PROVIDENCE,SHANNONDELL DR & SHANNONDELL BLVD,1
40.1607193,-75.2219315,EDGEWOOD DR & HENDRICKS ST;  AMBLER; Station 351; 2017-02-02 @ 16:02:13;,19002,EMS: CARDIAC EMERGENCY,2017-02-02 16:02:13,AMBLER,EDGEWOOD DR & HENDRICKS ST,1
40.1653564,-75.2187019,TENNIS AVE & N BETHLEHEM PIKE; UPPER DUBLIN; 2018-05-09 @ 10:58:56;,19002,Traffic: VEHICLE ACCIDENT -,2018-05-09 10:58:56,UPPER DUBLIN,TENNIS AVE & N BETHLEHEM PIKE,1
40.0997636,-75.2560273,CHRISTIE CIR & EMERSON DR;  WHITEMARSH; Station 318; 2019-04-03 @ 15:04:07;,19444,EMS: FALL VICTIM,2019-04-03 15:04:07,WHITEMARSH,CHRISTIE CIR & EMERSON DR,1
40.1196925,-75.2982550,SANDY HILL RD & FLORENCE LN;  PLYMOUTH; Station 308; 2017-07-30 @ 22:11:41;,19462,EMS: DIABETIC EMERGENCY,2017-07-30 22:11:41,PLYMOUTH,SANDY HILL RD & FLORENCE LN,1
40.1169617,-75.1472731,TYSON AVE & BRUCE AVE; ABINGTON; 2016-06-19 @ 15:52:30-Station:STA300;,19038,Fire: FIRE INVESTIGATION,2016-06-19 15:52:30,ABINGTON,TYSON AVE & BRUCE AVE,1
40.2471631,-75.2197414,PRESTON DR & LONGLEAT DR;  MONTGOMERY; Station 345A; 2018-04-26 @ 22:04:18;,19454,EMS: FALL VICTIM,2018-04-26 22:04:18,MONTGOMERY,PRESTON DR & LONGLEAT DR,1
40.0897342,-75.3061875,HILLCREST RD & OVERHILL RD;  PLYMOUTH; Station 308; 2017-03-24 @ 10:46:29;,19428,EMS: GENERAL WEAKNESS,2017-03-24 10:46:29,PLYMOUTH,HILLCREST RD & OVERHILL RD,1
40.1988999,-75.4762820,W MAIN ST; TRAPPE; 2018-01-05 @ 17:10:47-Station:STA77;,19426,Fire: VEHICLE ACCIDENT,2018-01-05 17:10:47,TRAPPE,W MAIN ST,1
40.2309343,-75.5221245,PEBBLE BEACH DR & AUGUSTA AVE; LIMERICK; 2016-01-23 @ 13:10:35-Station:STA51;,19468,Fire: FIRE ALARM,2016-01-23 13:10:35,LIMERICK,PEBBLE BEACH DR & AUGUSTA AVE,1
40.0022955,-75.2385895,HIGHLAND CIR & N HIGHLAND AVE; LOWER MERION; 2016-06-15 @ 16:38:19-Station:STA28;,19004,Fire: APPLIANCE FIRE,2016-06-15 16:38:19,LOWER MERION,HIGHLAND CIR & N HIGHLAND AVE,1
40.2514920,-75.6033497,RT422 BYP & RAMP ARMAND HAMMER TO RT422 WB; LOWER POTTSGROVE; 2017-02-10 @ 09:17:39;,,Traffic: HAZARDOUS ROAD CONDITIONS -,2017-02-10 09:17:39,LOWER POTTSGROVE,RT422 BYP & RAMP ARMAND HAMMER TO RT422 WB,1
40.1162140,-75.1207460,OLD YORK RD & ECKARD AVE; ABINGTON; 2019-09-17 @ 10:34:53-Station:STA100;,19001,Fire: CARBON MONOXIDE DETECTOR,2019-09-17 10:34:53,ABINGTON,OLD YORK RD & ECKARD AVE,1
40.1385703,-75.3776785,WEBER LN & CRAWFORD DR;  WEST NORRITON; Station 308B; 2017-07-16 @ 20:33:02;,19403,EMS: UNRESPONSIVE SUBJECT,2017-07-16 20:33:02,WEST NORRITON,WEBER LN & CRAWFORD DR,1
40.2909730,-75.4531748,HARMON RD & PERKIOMEN TRL;  UPPER SALFORD; Station 308C; 2017-02-17 @ 20:32:16;,19438,EMS: NAUSEA/VOMITING,2017-02-17 20:32:16,UPPER SALFORD,HARMON RD & PERKIOMEN TRL,1
40.2394356,-75.2362381,COSTCO DR & RT202 PKWY; MONTGOMERY; 2017-11-26 @ 15:26:42;,,Traffic: DISABLED VEHICLE -,2017-11-26 15:26:42,MONTGOMERY,COSTCO DR & RT202 PKWY,1
40.2782357,-75.2723517,HOLLY DR & CLYMER RD; HATFIELD TOWNSHIP; 2020-01-31 @ 08:55:43;,19440,Traffic: ROAD OBSTRUCTION -,2020-01-31 08:55:43,HATFIELD TOWNSHIP,HOLLY DR & CLYMER RD,1
40.2864378,-75.2637619,BETHLEHEM PIKE & HILLTOWN PIKE;  HATFIELD TOWNSHIP; Station 345; 2019-07-09 @ 17:43:45;,19440,EMS: VEHICLE ACCIDENT,2019-07-09 17:43:45,HATFIELD TOWNSHIP,BETHLEHEM PIKE & HILLTOWN PIKE,1
40.1527341,-75.2264827,BUTLER AVE & S CHESTNUT ST; AMBLER; 2017-12-25 @ 17:31:14;,19002,Traffic: VEHICLE ACCIDENT -,2017-12-25 17:31:14,AMBLER,BUTLER AVE & S CHESTNUT ST,1
40.1508958,-75.1274376,FITZWATERTOWN RD & BARTRAM RD;  UPPER MORELAND; Station 381; 2018-04-05 @ 17:50:30;,19090,EMS: OVERDOSE,2018-04-05 17:50:30,UPPER MORELAND,FITZWATERTOWN RD & BARTRAM RD,1
40.2121679,-75.1859089,HORSHAM RD & LIMEKILN PIKE; HORSHAM; 2016-11-30 @ 09:15:58;,19002,Traffic: VEHICLE ACCIDENT -,2016-11-30 09:15:58,HORSHAM,HORSHAM RD & LIMEKILN PIKE,1
40.2413204,-75.2428276,BETHLEHEM PIKE & NORTH WALES RD;  MONTGOMERY; Station 345A; 2016-06-08 @ 08:04:22;,19454,EMS: SUBJECT IN PAIN,2016-06-08 08:04:22,MONTGOMERY,BETHLEHEM PIKE & NORTH WALES RD,1
40.2450058,-75.5930476,HIGH ST & BROWN ST;  LOWER POTTSGROVE; Station 329; 2019-12-02 @ 12:22:17;,19464,EMS: DIZZINESS,2019-12-02 12:22:17,LOWER POTTSGROVE,HIGH ST & BROWN ST,1
40.1730043,-75.2620024,PLYMOUTH RD & LANTERN LN; WHITPAIN; 2019-10-27 @ 02:17:45-Station:STA33;,19422,Fire: FIRE ALARM,2019-10-27 02:17:45,WHITPAIN,PLYMOUTH RD & LANTERN LN,1
40.0964965,-75.2416197,MARBLE HL & FOX HOUND DR;  WHITEMARSH; Station 318; 2017-11-28 @ 12:13:09;,19444,EMS: CVA/STROKE,2017-11-28 12:13:09,WHITEMARSH,MARBLE HL & FOX HOUND DR,1
40.2394356,-75.2362381,HORSHAM RD & DOYLESTOWN PIKE; MONTGOMERY; 2018-05-16 @ 10:08:55-Station:STA18;,,Fire: FIRE ALARM,2018-05-16 10:08:55,MONTGOMERY,HORSHAM RD & DOYLESTOWN PIKE,1
40.1107432,-75.4260215,S TROOPER RD & CATFISH LN; LOWER PROVIDENCE; 2016-06-30 @ 08:03:25;,19403,Traffic: VEHICLE ACCIDENT -,2016-06-30 08:03:25,LOWER PROVIDENCE,S TROOPER RD & CATFISH LN,1
40.2353731,-75.2247509,STUMP RD & HORSHAM RD; MONTGOMERY; 2020-07-27 @ 15:52:57;,19454,Traffic: VEHICLE ACCIDENT -,2020-07-27 15:52:57,MONTGOMERY,STUMP RD & HORSHAM RD,1
40.2890267,-75.3995896,MAIN ST & OLD SUMNEYTOWN PIKE; LOWER SALFORD; 2019-12-23 @ 00:26:54;,19438,Traffic: DISABLED VEHICLE -,2019-12-23 00:26:54,LOWER SALFORD,MAIN ST & OLD SUMNEYTOWN PIKE,1
40.2387237,-75.5785160,EVERGREEN RD & W LIGHTCAP RD;  LOWER POTTSGROVE; Station 329; 2019-03-13 @ 09:40:10;,19464,EMS: CARDIAC EMERGENCY,2019-03-13 09:40:10,LOWER POTTSGROVE,EVERGREEN RD & W LIGHTCAP RD,1
40.4037752,-75.5097528,HAMILTON RD & BLAKER DR;  EAST GREENVILLE; Station 369; 2016-11-12 @ 01:11:00;,18041,EMS: OVERDOSE,2016-11-12 01:11:00,EAST GREENVILLE,HAMILTON RD & BLAKER DR,1
40.1271348,-75.3384481,FORNANCE ST & MARKLEY ST; NORRISTOWN; 2020-03-15 @ 18:08:39-Station:STA27;,19401,Fire: TRASH/DUMPSTER FIRE,2020-03-15 18:08:39,NORRISTOWN,FORNANCE ST & MARKLEY ST,1
40.3149919,-75.3808559,HEATH RD & HUNSICKER RD; MONTGOMERY; 2018-08-03 @ 21:31:55;,18969,Traffic: ROAD OBSTRUCTION -,2018-08-03 21:31:55,MONTGOMERY,HEATH RD & HUNSICKER RD,1
40.1332405,-75.3438424,LOCUST ST & DOGWOOD DR;  NORRISTOWN; Station 308A; 2019-07-06 @ 14:16:52;,19401,EMS: GENERAL WEAKNESS,2019-07-06 14:16:52,NORRISTOWN,LOCUST ST & DOGWOOD DR,1
40.1149567,-75.3456332,CHERRY ST & W MAIN ST; NORRISTOWN; 2018-03-14 @ 16:38:16;,19401,Traffic: VEHICLE ACCIDENT -,2018-03-14 16:38:16,NORRISTOWN,CHERRY ST & W MAIN ST,1
40.0381300,-75.2586810,HAGYS FORD RD & CHERMAR LN;  LOWER MERION; Station 313; 2017-03-27 @ 16:36:16;,19072,EMS: MEDICAL ALERT ALARM,2017-03-27 16:36:16,LOWER MERION,HAGYS FORD RD & CHERMAR LN,1
40.1519616,-75.1136762,YORK RD & DUFFIELD ST; UPPER MORELAND; 2020-01-18 @ 18:23:59-Station:STA10;,19090,Fire: VEHICLE ACCIDENT,2020-01-18 18:23:59,UPPER MORELAND,YORK RD & DUFFIELD ST,1
40.0873931,-75.3515976,DREW CT & E CHURCH RD;  UPPER MERION; Station 317; 2017-12-14 @ 22:51:08;,19406,EMS: AMPUTATION,2017-12-14 22:51:08,UPPER MERION,DREW CT & E CHURCH RD,1
40.1068386,-75.1238039,OLD YORK RD & HARTE RD;  ABINGTON; Station 382; 2017-09-07 @ 20:18:40;,19046,EMS: CARDIAC EMERGENCY,2017-09-07 20:18:40,ABINGTON,OLD YORK RD & HARTE RD,1
40.1177493,-75.3438574,CHERRY ST & W MARSHALL ST;  NORRISTOWN; Station 308A; 2018-07-28 @ 10:13:24;,19401,EMS: CVA/STROKE,2018-07-28 10:13:24,NORRISTOWN,CHERRY ST & W MARSHALL ST,1
40.1532684,-75.1895576,PENNSYLVANIA TPKE & WELSH RD OVERPASS; UPPER DUBLIN; 2019-10-16 @ 08:36:18;,,Traffic: VEHICLE ACCIDENT -,2019-10-16 08:36:18,UPPER DUBLIN,PENNSYLVANIA TPKE & WELSH RD OVERPASS,1
40.1330371,-75.4084631,SHANNONDELL DR & SHANNONDELL BLVD;  LOWER PROVIDENCE; Station 322A; 2019-03-06 @ 15:34:44;,19403,EMS: MEDICAL ALERT ALARM,2019-03-06 15:34:44,LOWER PROVIDENCE,SHANNONDELL DR & SHANNONDELL BLVD,1
40.0862295,-75.1791176,CHELTENHAM AVE & MERMAID LN;  SPRINGFIELD; Station 311; 2017-03-14 @ 00:40:37;,19038,EMS: HEAD INJURY,2017-03-14 00:40:37,SPRINGFIELD,CHELTENHAM AVE & MERMAID LN,1
40.1294394,-75.3536720,SELMA ST & BEECH ST; NORRISTOWN; 2017-05-01 @ 20:02:50-Station:STA27;,19401,Fire: FIRE INVESTIGATION,2017-05-01 20:02:50,NORRISTOWN,SELMA ST & BEECH ST,1
40.2700361,-75.3026796,WILLOW DR & ROSE DR;  HATFIELD TOWNSHIP; Station 345; 2017-08-12 @ 10:37:00;,19440,EMS: GENERAL WEAKNESS,2017-08-12 10:37:00,HATFIELD TOWNSHIP,WILLOW DR & ROSE DR,1
40.2644844,-75.6492695,RT100 SB & N STATE ST; UPPER POTTSGROVE; 2018-01-20 @ 08:44:57;,19464,Traffic: DISABLED VEHICLE -,2018-01-20 08:44:57,UPPER POTTSGROVE,RT100 SB & N STATE ST,1
40.2646204,-75.6492150,STATE ST & COMMERCE DR;  UPPER POTTSGROVE; Station 329B; 2020-07-01 @ 13:13:57;,19464,EMS: HEMORRHAGING,2020-07-01 13:13:57,UPPER POTTSGROVE,STATE ST & COMMERCE DR,1
40.2491102,-75.5735534,DUCKWORTH DR & SHIRE DR;  LOWER POTTSGROVE; Station 329B; 2019-12-26 @ 20:35:14;,19464,EMS: CARDIAC EMERGENCY,2019-12-26 20:35:14,LOWER POTTSGROVE,DUCKWORTH DR & SHIRE DR,1
40.0758800,-75.1282190,OLD YORK RD & STAHR RD; CHELTENHAM; 2015-12-22 @ 23:16:11-Station:STA5;,19027,Fire: GAS-ODOR/LEAK,2015-12-22 23:16:11,CHELTENHAM,OLD YORK RD & STAHR RD,1
40.0918572,-75.1262493,WASHINGTON LN & CEDAR ST; JENKINTOWN; 2016-05-17 @ 16:34:03;,19046,Traffic: VEHICLE ACCIDENT -,2016-05-17 16:34:03,JENKINTOWN,WASHINGTON LN & CEDAR ST,1
40.1508958,-75.1274376,FITZWATERTOWN RD & BARTRAM RD;  UPPER MORELAND; Station 381; 2016-01-05 @ 00:48:57;,19090,EMS: DIABETIC EMERGENCY,2016-01-05 00:48:57,UPPER MORELAND,FITZWATERTOWN RD & BARTRAM RD,1
40.0012678,-75.2263827,E CITY AVE & CONSHOHOCKEN STATE RD; LOWER MERION; 2017-11-14 @ 17:38:38;,19004,Traffic: VEHICLE ACCIDENT -,2017-11-14 17:38:38,LOWER MERION,E CITY AVE & CONSHOHOCKEN STATE RD,1
40.1247752,-75.2931878,GERMANTOWN PIKE & HALLOWELL RD;  PLYMOUTH; Station 308; 2016-05-02 @ 12:49:28;,19462,EMS: RESPIRATORY EMERGENCY,2016-05-02 12:49:28,PLYMOUTH,GERMANTOWN PIKE & HALLOWELL RD,1
40.1573588,-75.4041865,RIDGE PIKE & EAGLE STREAM DR;  LOWER PROVIDENCE; Station 322; 2017-04-02 @ 14:27:28;,19403,EMS: CARDIAC EMERGENCY,2017-04-02 14:27:28,LOWER PROVIDENCE,RIDGE PIKE & EAGLE STREAM DR,1
40.1233907,-75.3369417,POWELL ST & E WOOD ST;  NORRISTOWN; Station 308A; 2018-02-26 @ 12:31:57;,19401,EMS: CARDIAC EMERGENCY,2018-02-26 12:31:57,NORRISTOWN,POWELL ST & E WOOD ST,1
40.1884610,-75.5293295,LEWIS RD & SPRING ST; UPPER PROVIDENCE; 2016-12-13 @ 12:04:07-Station:STA98;,19468,Fire: FIRE SPECIAL SERVICE,2016-12-13 12:04:07,UPPER PROVIDENCE,LEWIS RD & SPRING ST,1
40.3941297,-75.5012100,POTTSTOWN AVE & WASHINGTON ST; PENNSBURG; 2017-02-13 @ 06:13:35-Station:STA65;,18073,Fire: FIRE ALARM,2017-02-13 06:13:35,PENNSBURG,POTTSTOWN AVE & WASHINGTON ST,1
40.3097107,-75.5101999,HARK  ; UPPER FREDERICK; 2019-02-24 @ 23:00:05;,,Traffic: ROAD OBSTRUCTION -,2019-02-24 23:00:05,UPPER FREDERICK,HARK,1
40.0960353,-75.4000406,AMERICAN AVE & 1ST AVE; UPPER MERION; 2016-03-16 @ 05:11:24-Station:STA47;,19406,Fire: FIRE ALARM,2016-03-16 05:11:24,UPPER MERION,AMERICAN AVE & 1ST AVE,1
40.0809293,-75.1163923,TOWNSHIP LINE RD; ABINGTON; 2017-01-19 @ 19:12:42-Station:STA200;,19001,Fire: UNKNOWN TYPE FIRE,2017-01-19 19:12:42,ABINGTON,TOWNSHIP LINE RD,1
40.1208338,-75.0391431,FRANKS RD & TOMLINSON RD; LOWER MORELAND; 2019-06-03 @ 14:31:41;,19006,Traffic: VEHICLE ACCIDENT -,2019-06-03 14:31:41,LOWER MORELAND,FRANKS RD & TOMLINSON RD,1
40.1476900,-75.1188220,EASTON RD & ALLISON RD;  UPPER MORELAND; Station 381; 2018-01-28 @ 15:43:21;,19090,EMS: SUBJECT IN PAIN,2018-01-28 15:43:21,UPPER MORELAND,EASTON RD & ALLISON RD,1
40.0312825,-75.2692156,MILL CREEK RD & CONSHOHOCKEN STATE RD; LOWER MERION; 2019-02-25 @ 09:29:21;,19035,Traffic: ROAD OBSTRUCTION -,2019-02-25 09:29:21,LOWER MERION,MILL CREEK RD & CONSHOHOCKEN STATE RD,1
40.0645032,-75.0911527,CENTRAL AVE & JEFFERSON AVE; CHELTENHAM; 2018-03-09 @ 12:29:40;,19012,Traffic: VEHICLE ACCIDENT -,2018-03-09 12:29:40,CHELTENHAM,CENTRAL AVE & JEFFERSON AVE,1
40.1295380,-75.3246363,JOHNSON HWY & DEKALB ST; EAST NORRITON; 2019-02-04 @ 03:10:37-Station:STA61;,19401,Fire: FIRE ALARM,2019-02-04 03:10:37,EAST NORRITON,JOHNSON HWY & DEKALB ST,1
40.1549248,-75.2209725,BUTLER AVE & YORK ST; AMBLER; 2018-01-12 @ 13:45:42-Station:STA7;,19002,Fire: FIRE ALARM,2018-01-12 13:45:42,AMBLER,BUTLER AVE & YORK ST,1
40.2309343,-75.5221245,RT422  & EVERGREEN RD OVERPASS; LIMERICK; 2017-02-13 @ 14:59:03;,19468,Traffic: ROAD OBSTRUCTION -,2017-02-13 14:59:03,LIMERICK,RT422  & EVERGREEN RD OVERPASS,1
40.1528076,-75.2221839,SPRING GARDEN ST & POPLAR ST;  AMBLER; Station 351; 2017-11-26 @ 21:12:56;,19002,EMS: CARDIAC ARREST,2017-11-26 21:12:56,AMBLER,SPRING GARDEN ST & POPLAR ST,1
39.9954440,-75.2679640,LANCASTER AVE & REMINGTON RD; LOWER MERION; 2017-08-23 @ 17:33:18;,19096,Traffic: VEHICLE ACCIDENT -,2017-08-23 17:33:18,LOWER MERION,LANCASTER AVE & REMINGTON RD,1
40.1320369,-75.3773048,MAIN ST & LIBERTY AVE;  WEST NORRITON; Station 308B; 2019-08-29 @ 00:57:21;,19403,EMS: ASSAULT VICTIM,2019-08-29 00:57:21,WEST NORRITON,MAIN ST & LIBERTY AVE,1
40.0813849,-75.0899870,N SYLVANIA AVE & HUNTINGDON PIKE; ROCKLEDGE; 2016-10-10 @ 07:34:54;,19046,Traffic: VEHICLE ACCIDENT -,2016-10-10 07:34:54,ROCKLEDGE,N SYLVANIA AVE & HUNTINGDON PIKE,1
40.1049161,-75.1249119,OLD YORK RD & BAEDER RD;  ABINGTON; Station 382; 2020-06-19 @ 12:46:47;,19046,EMS: HEMORRHAGING,2020-06-19 12:46:47,ABINGTON,OLD YORK RD & BAEDER RD,1
40.2133461,-75.4403583,MEADOWRIDGE CIR & PERKIOMEN CREEK RD;  SKIPPACK; Station 336; 2019-09-06 @ 07:27:47;,19426,EMS: FALL VICTIM,2019-09-06 07:27:47,SKIPPACK,MEADOWRIDGE CIR & PERKIOMEN CREEK RD,1
40.1855992,-75.1981353,TENNIS AVE & LLEWELLYN RD; LOWER GWYNEDD; 2018-06-11 @ 13:16:48;,19002,Traffic: VEHICLE ACCIDENT -,2018-06-11 13:16:48,LOWER GWYNEDD,TENNIS AVE & LLEWELLYN RD,1
40.2494951,-75.6635208,RT100 NB & W KING ST; POTTSTOWN; 2019-11-29 @ 18:47:10;,19464,Traffic: DISABLED VEHICLE -,2019-11-29 18:47:10,POTTSTOWN,RT100 NB & W KING ST,1
40.1546984,-75.1392426,WELSH RD & COMPUTER AVE; UPPER DUBLIN; 2016-07-15 @ 23:27:43;,19090,Traffic: DISABLED VEHICLE -,2016-07-15 23:27:43,UPPER DUBLIN,WELSH RD & COMPUTER AVE,1
40.1221343,-75.1328207,HESTON ST & EASTON RD;  ABINGTON; Station 381; 2017-07-28 @ 08:55:16;,19001,EMS: UNKNOWN MEDICAL EMERGENCY,2017-07-28 08:55:16,ABINGTON,HESTON ST & EASTON RD,1
40.0774952,-75.3620325,MATSONS FORD RD & S GULPH RD; UPPER MERION; 2017-09-30 @ 23:10:57;,19406,Traffic: VEHICLE ACCIDENT -,2017-09-30 23:10:57,UPPER MERION,MATSONS FORD RD & S GULPH RD,1
40.1221838,-75.2171866,BETHLEHEM PIKE & CAMP HILL RD; WHITEMARSH; 2016-08-30 @ 17:49:40;,19034,Traffic: VEHICLE ACCIDENT -,2016-08-30 17:49:40,WHITEMARSH,BETHLEHEM PIKE & CAMP HILL RD,1
40.1023560,-75.4543766,VALLEY FORGE PARK RD & N INNER LINE DR; UPPER MERION; 2017-07-20 @ 18:34:43;,19406,Traffic: VEHICLE ACCIDENT -,2017-07-20 18:34:43,UPPER MERION,VALLEY FORGE PARK RD & N INNER LINE DR,1
40.2430463,-75.6139496,ARMAND HAMMER BLVD & SUNSET DR; POTTSTOWN; 2019-08-29 @ 11:49:36-Station:STA69;,19464,Fire: FIRE SPECIAL SERVICE,2019-08-29 11:49:36,POTTSTOWN,ARMAND HAMMER BLVD & SUNSET DR,1
40.1516826,-75.3464413,GERMANTOWN PIKE & EINSTEIN WAY;  EAST NORRITON; Station 308B; 2020-02-01 @ 23:42:42;,19403,EMS: SUBJECT IN PAIN,2020-02-01 23:42:42,EAST NORRITON,GERMANTOWN PIKE & EINSTEIN WAY,1
40.1022549,-75.1218468,NEWBOLD RD & RYDAL RD; ABINGTON; 2017-04-27 @ 21:00:07;,19046,Traffic: DISABLED VEHICLE -,2017-04-27 21:00:07,ABINGTON,NEWBOLD RD & RYDAL RD,1
40.1510169,-75.0612798,BYBERRY RD & SPUR RD; LOWER MORELAND; 2018-09-11 @ 08:49:02;,19006,Traffic: VEHICLE ACCIDENT -,2018-09-11 08:49:02,LOWER MORELAND,BYBERRY RD & SPUR RD,1
40.2582531,-75.2482301,BETHLEHEM PIKE & TAYLOR RD; MONTGOMERY; 2016-08-29 @ 15:26:34;,19446,Traffic: VEHICLE ACCIDENT -,2016-08-29 15:26:34,MONTGOMERY,BETHLEHEM PIKE & TAYLOR RD,1
40.1521044,-75.3897707,PARK AVE & BRECKENRIDGE BLVD; LOWER PROVIDENCE; 2016-06-20 @ 08:57:47-Station:STA53;,19403,Fire: FIRE ALARM,2016-06-20 08:57:47,LOWER PROVIDENCE,PARK AVE & BRECKENRIDGE BLVD,1
40.0664264,-75.1168778,BEECH TREE DR & BROOKVIEW PL;  CHELTENHAM; Station 358; 2017-12-29 @ 15:32:56;,19027,EMS: LACERATIONS,2017-12-29 15:32:56,CHELTENHAM,BEECH TREE DR & BROOKVIEW PL,1
40.0096000,-75.2550030,MONTGOMERY AVE & MEETING HOUSE LN; LOWER MERION; 2016-10-08 @ 23:46:29;,19066,Traffic: VEHICLE ACCIDENT -,2016-10-08 23:46:29,LOWER MERION,MONTGOMERY AVE & MEETING HOUSE LN,1
40.2288994,-75.2624611,WELSH RD & NORTH WALES RD; MONTGOMERY; 2020-03-31 @ 14:39:08;,19454,Traffic: VEHICLE ACCIDENT -,2020-03-31 14:39:08,MONTGOMERY,WELSH RD & NORTH WALES RD,1
40.2460969,-75.3048376,ALLENTOWN RD & ABBEY LN; TOWAMENCIN; 2015-12-25 @ 17:49:30;,19446,Traffic: HAZARDOUS ROAD CONDITIONS -,2015-12-25 17:49:30,TOWAMENCIN,ALLENTOWN RD & ABBEY LN,1
40.2442013,-75.5824030,HIGH ST & S PARK RD;  LOWER POTTSGROVE; Station 329; 2016-10-20 @ 13:52:06;,19464,EMS: VEHICLE ACCIDENT,2016-10-20 13:52:06,LOWER POTTSGROVE,HIGH ST & S PARK RD,1
40.0678804,-75.1224673,ASHBOURNE RD;  CHELTENHAM; Station 358; 2018-12-17 @ 16:52:38;,19095,EMS: VEHICLE ACCIDENT,2018-12-17 16:52:38,CHELTENHAM,ASHBOURNE RD,1
40.1428938,-75.3930701,CLEARFIELD AVE & OAKDALE AVE; LOWER PROVIDENCE; 2020-04-06 @ 14:37:06-Station:STA53;,19403,Fire: ELECTRICAL FIRE OUTSIDE,2020-04-06 14:37:06,LOWER PROVIDENCE,CLEARFIELD AVE & OAKDALE AVE,1
40.3350935,-75.6104602,SWAMP CREEK RD & SCHLEGEL RD; DOUGLASS; 2019-01-28 @ 23:51:41;,19525,Traffic: VEHICLE ACCIDENT -,2019-01-28 23:51:41,DOUGLASS,SWAMP CREEK RD & SCHLEGEL RD,1
40.2505158,-75.6681676,POTTS DR & W KING ST; POTTSTOWN; 2018-02-15 @ 16:48:26-Station:STA69;,19464,Fire: FIRE ALARM,2018-02-15 16:48:26,POTTSTOWN,POTTS DR & W KING ST,1
40.1214970,-75.3399048,HAMILTON ST & DEAD END;  NORRISTOWN; Station 308A; 2016-06-14 @ 12:17:11;,,EMS: OVERDOSE,2016-06-14 12:17:11,NORRISTOWN,HAMILTON ST & DEAD END,1
39.9801719,-75.2692932,HAVERFORD AVE & CITY AVE; LOWER MERION; 2017-01-11 @ 14:54:17;,19096,Traffic: DISABLED VEHICLE -,2017-01-11 14:54:17,LOWER MERION,HAVERFORD AVE & CITY AVE,1
40.2124322,-75.2259636,BETHLEHEM PIKE & PARK DR; MONTGOMERY; 2016-05-31 @ 00:15:23;,19454,Traffic: VEHICLE ACCIDENT -,2016-05-31 00:15:23,MONTGOMERY,BETHLEHEM PIKE & PARK DR,1
40.0972222,-75.3761952,RT422  & RAMP RT23 WB TO RT422 WB; UPPER MERION; 2018-05-15 @ 13:54:26;,,Traffic: VEHICLE ACCIDENT -,2018-05-15 13:54:26,UPPER MERION,RT422  & RAMP RT23 WB TO RT422 WB,1
40.1137280,-75.3423513,DEKALB ST & E MAIN ST;  NORRISTOWN; Station 308A; 2019-08-11 @ 08:43:51;,19401,EMS: SEIZURES,2019-08-11 08:43:51,NORRISTOWN,DEKALB ST & E MAIN ST,1
40.2538643,-75.3155678,MUSKET CIR & CANNON WAY; TOWAMENCIN; 2019-03-28 @ 11:55:26-Station:STA76;,19446,Fire: FIRE INVESTIGATION,2019-03-28 11:55:26,TOWAMENCIN,MUSKET CIR & CANNON WAY,1
40.2541683,-75.3086262,SHIPWRIGHTER WAY & SPUR RD;  TOWAMENCIN; Station 345B; 2018-05-31 @ 19:08:33;,19446,EMS: S/B AT HELICOPTER LANDING,2018-05-31 19:08:33,TOWAMENCIN,SHIPWRIGHTER WAY & SPUR RD,1
40.1550603,-75.1022513,DAVISVILLE RD & PENNYPACK RD;  UPPER MORELAND; Station 381; 2017-06-14 @ 07:51:10;,19040,EMS: HEAD INJURY,2017-06-14 07:51:10,UPPER MORELAND,DAVISVILLE RD & PENNYPACK RD,1
40.0309603,-75.2588947,TOWER LN & WALSH LN; LOWER MERION; 2017-04-09 @ 13:25:51-Station:STA22;,19072,Fire: RESCUE - GENERAL,2017-04-09 13:25:51,LOWER MERION,TOWER LN & WALSH LN,1
40.1461804,-75.1690698,LIMEKILN PIKE & GOLDEN DR; UPPER DUBLIN; 2017-12-12 @ 17:32:46;,19025,Traffic: VEHICLE ACCIDENT -,2017-12-12 17:32:46,UPPER DUBLIN,LIMEKILN PIKE & GOLDEN DR,1
40.1472840,-75.3159652,HILLTOP AVE & SWEDE RD; EAST NORRITON; 2017-05-17 @ 14:21:18;,19401,Traffic: VEHICLE ACCIDENT -,2017-05-17 14:21:18,EAST NORRITON,HILLTOP AVE & SWEDE RD,1
40.0727310,-75.1559688,CHELTENHAM AVE & 79TH AVE;  CHELTENHAM; Station 358A; 2018-02-05 @ 20:42:13;,19150,EMS: FALL VICTIM,2018-02-05 20:42:13,CHELTENHAM,CHELTENHAM AVE & 79TH AVE,1
40.1360200,-75.3546060,BEECH DR & SPRUCE ST;  WEST NORRITON; Station 308B; 2016-05-30 @ 14:56:55;,19403,EMS: CARDIAC EMERGENCY,2016-05-30 14:56:55,WEST NORRITON,BEECH DR & SPRUCE ST,1
40.1525024,-75.2663117,SKIPPACK PIKE & PENLLYN BLUE BELL PIKE;  WHITPAIN; Station 385; 2018-02-15 @ 09:28:40;,19422,EMS: CARDIAC EMERGENCY,2018-02-15 09:28:40,WHITPAIN,SKIPPACK PIKE & PENLLYN BLUE BELL PIKE,1
40.0249667,-75.2829046,RAMP I76 WB TO CITY AVE & SCHUYLKILL EXPY WB; LOWER MERION; 2019-08-20 @ 09:29:17;,,Traffic: VEHICLE ACCIDENT -,2019-08-20 09:29:17,LOWER MERION,RAMP I76 WB TO CITY AVE & SCHUYLKILL EXPY WB,1
40.1414828,-75.1171420,MORELAND RD & EASTON RD; ABINGTON; 2016-04-06 @ 16:25:12-Station:STA500;,19090,Fire: WOODS/FIELD FIRE,2016-04-06 16:25:12,ABINGTON,MORELAND RD & EASTON RD,1
40.2385426,-75.3381755,GREEN LANE RD & CANTERBURY DR;  TOWAMENCIN; Station 345B; 2019-05-21 @ 13:33:35;,19446,EMS: GENERAL WEAKNESS,2019-05-21 13:33:35,TOWAMENCIN,GREEN LANE RD & CANTERBURY DR,1
40.3971371,-75.4964767,MAIN ST & E 5TH ST;  PENNSBURG; Station 369; 2017-02-28 @ 14:28:54;,18073,EMS: FALL VICTIM,2017-02-28 14:28:54,PENNSBURG,MAIN ST & E 5TH ST,1
40.2480982,-75.2325063,ADAMS CT & INDEPENDENCE DR;  MONTGOMERY; Station 345A; 2018-03-06 @ 12:44:41;,19454,EMS: CARDIAC EMERGENCY,2018-03-06 12:44:41,MONTGOMERY,ADAMS CT & INDEPENDENCE DR,1
40.0844647,-75.3901733,W DEKALB PIKE & KING OF PRUSSIA RD; UPPER MERION; 2017-07-26 @ 06:27:58;,19406,Traffic: ROAD OBSTRUCTION -,2017-07-26 06:27:58,UPPER MERION,W DEKALB PIKE & KING OF PRUSSIA RD,1
40.0865160,-75.3795424,KINGWOOD RD & PATRIOT RD;  UPPER MERION; Station 317; 2018-01-05 @ 02:43:10;,19406,EMS: FALL VICTIM,2018-01-05 02:43:10,UPPER MERION,KINGWOOD RD & PATRIOT RD,1
40.1192546,-75.2362381,PENNSYLVANIA TPKE & BETHLEHEM PIKE UNDERPASS; WHITEMARSH; 2018-04-18 @ 15:46:33;,,Traffic: VEHICLE ACCIDENT -,2018-04-18 15:46:33,WHITEMARSH,PENNSYLVANIA TPKE & BETHLEHEM PIKE UNDERPASS,1
40.2149774,-75.4997122,RIDGE PIKE & N TOWNSHIP LINE RD;  LIMERICK; Station 324A; 2016-01-17 @ 09:34:22;,19468,EMS: CARDIAC EMERGENCY,2016-01-17 09:34:22,LIMERICK,RIDGE PIKE & N TOWNSHIP LINE RD,1
40.2511741,-75.6439755,EVANS ST & JEFFERSON AVE;  POTTSTOWN; Station 329; 2019-09-17 @ 18:43:49;,19464,EMS: GENERAL WEAKNESS,2019-09-17 18:43:49,POTTSTOWN,EVANS ST & JEFFERSON AVE,1
40.1600770,-75.0767057,BYBERRY RD & MASONS MILL RD; UPPER MORELAND; 2020-03-20 @ 13:58:00-Station:STA10;,19040,Fire: FIRE ALARM,2020-03-20 13:58:00,UPPER MORELAND,BYBERRY RD & MASONS MILL RD,1
40.2415348,-75.2836785,N BROAD ST & E MAIN ST; LANSDALE; 2016-08-10 @ 13:01:11;,19446,Traffic: VEHICLE ACCIDENT -,2016-08-10 13:01:11,LANSDALE,N BROAD ST & E MAIN ST,1
40.2374151,-75.2810126,LINE ST & PENN ST;  LANSDALE; Station 345; 2018-08-30 @ 01:15:23;,19446,EMS: OVERDOSE,2018-08-30 01:15:23,LANSDALE,LINE ST & PENN ST,1
40.2453741,-75.6496302,KEIM ST & STEEL RD; POTTSTOWN; 2016-01-24 @ 12:56:23;,,Traffic: ROAD OBSTRUCTION -,2016-01-24 12:56:23,POTTSTOWN,KEIM ST & STEEL RD,1
40.0661698,-75.0940239,JEFFERSON AVE & GROVE AVE;  CHELTENHAM; Station 358; 2016-11-23 @ 03:21:41;,19012,EMS: RESPIRATORY EMERGENCY,2016-11-23 03:21:41,CHELTENHAM,JEFFERSON AVE & GROVE AVE,1
40.1623803,-75.1764997,DILLON RD & BLAIR LN; UPPER DUBLIN; 2020-06-09 @ 19:53:43;,19002,Traffic: ROAD OBSTRUCTION -,2020-06-09 19:53:43,UPPER DUBLIN,DILLON RD & BLAIR LN,1
40.0947074,-75.3629365,RT202  & TURN LANE; UPPER MERION; 2019-12-03 @ 08:27:14;,,Traffic: DISABLED VEHICLE -,2019-12-03 08:27:14,UPPER MERION,RT202  & TURN LANE,1
40.1166177,-75.1577789,HAMEL AVE & JENKINTOWN RD;  ABINGTON; Station 383; 2017-07-15 @ 20:27:05;,19038,EMS: FALL VICTIM,2017-07-15 20:27:05,ABINGTON,HAMEL AVE & JENKINTOWN RD,1
40.2819670,-75.6359120,MAUGERS MILL RD & PATRICIA LN; UPPER POTTSGROVE; 2018-03-16 @ 21:02:17-Station:STA79;,19464,Fire: VEHICLE ACCIDENT,2018-03-16 21:02:17,UPPER POTTSGROVE,MAUGERS MILL RD & PATRICIA LN,1
40.0972222,-75.3761952,SCHUYLKILL EXPY & RAMP RT202 TO I76 WB; UPPER MERION; 2019-12-14 @ 02:43:15;,,Traffic: VEHICLE ACCIDENT -,2019-12-14 02:43:15,UPPER MERION,SCHUYLKILL EXPY & RAMP RT202 TO I76 WB,1
40.0989357,-75.1258684,YORK RD & HILLSIDE AVE; JENKINTOWN; 2019-07-11 @ 10:09:13;,19046,Traffic: DISABLED VEHICLE -,2019-07-11 10:09:13,JENKINTOWN,YORK RD & HILLSIDE AVE,1
40.0691221,-75.1195276,CEDAR RD & HARRISON AVE; CHELTENHAM; 2019-10-10 @ 15:02:16-Station:STA3;,19027,Fire: FIRE ALARM,2019-10-10 15:02:16,CHELTENHAM,CEDAR RD & HARRISON AVE,1
40.1405049,-75.3108737,GERMANTOWN PIKE & HANNAH AVE;  EAST NORRITON; Station 308; 2020-04-17 @ 01:39:53;,19401,EMS: SUBJECT IN PAIN,2020-04-17 01:39:53,EAST NORRITON,GERMANTOWN PIKE & HANNAH AVE,1
40.1199778,-75.3592062,BUTTONWOOD ST & W LAFAYETTE ST;  NORRISTOWN; Station 308A; 2017-03-17 @ 13:01:16;,19401,EMS: BACK PAINS/INJURY,2017-03-17 13:01:16,NORRISTOWN,BUTTONWOOD ST & W LAFAYETTE ST,1
40.0249667,-75.2829046,SCHUYLKILL EXPY & RAMP BELMONT AVE TO I76 WB;  LOWER MERION; Station 313; 2020-07-05 @ 06:34:56;,,EMS: VEHICLE ACCIDENT,2020-07-05 06:34:56,LOWER MERION,SCHUYLKILL EXPY & RAMP BELMONT AVE TO I76 WB,1
40.1138125,-75.3451199,LAFAYETTE ST & SWEDE ST; NORRISTOWN; 2017-11-16 @ 03:20:57-Station:STA27;,19401,Fire: VEHICLE ACCIDENT,2017-11-16 03:20:57,NORRISTOWN,LAFAYETTE ST & SWEDE ST,1
40.1523192,-75.1965726,FORT WASHINGTON AVE & HAWTHORNE LN; UPPER DUBLIN; 2017-01-04 @ 16:24:43;,19034,Traffic: DISABLED VEHICLE -,2017-01-04 16:24:43,UPPER DUBLIN,FORT WASHINGTON AVE & HAWTHORNE LN,1
40.1295515,-75.3785172,BITTERSWEET CT & DEAD END;  WEST NORRITON; Station 308B; 2020-05-30 @ 09:15:33;,,EMS: DIZZINESS,2020-05-30 09:15:33,WEST NORRITON,BITTERSWEET CT & DEAD END,1
40.1568468,-75.1019942,N YORK RD & RR CROSSING; UPPER MORELAND; 2019-05-01 @ 15:41:50;,,Traffic: VEHICLE ACCIDENT -,2019-05-01 15:41:50,UPPER MORELAND,N YORK RD & RR CROSSING,1
40.1777252,-75.3648894,VALLEY FORGE RD & MOHILL DR; WORCESTER; 2016-11-11 @ 18:20:15;,19403,Traffic: VEHICLE ACCIDENT -,2016-11-11 18:20:15,WORCESTER,VALLEY FORGE RD & MOHILL DR,1
40.0007630,-75.2797685,WYNNEWOOD RD & W OLD WYNNEWOOD RD;  LOWER MERION; Station 313; 2016-09-22 @ 18:12:47;,19096,EMS: CARDIAC EMERGENCY,2016-09-22 18:12:47,LOWER MERION,WYNNEWOOD RD & W OLD WYNNEWOOD RD,1
40.3209665,-75.6113493,PHILADELPHIA AVE & WILSON AVE;  DOUGLASS; Station 332; 2016-04-21 @ 19:56:04;,19525,EMS: LACERATIONS,2016-04-21 19:56:04,DOUGLASS,PHILADELPHIA AVE & WILSON AVE,1
40.1525024,-75.2663117,SKIPPACK PIKE & PENLLYN BLUE BELL PIKE; WHITPAIN; 2020-01-14 @ 18:49:22;,19422,Traffic: VEHICLE ACCIDENT -,2020-01-14 18:49:22,WHITPAIN,SKIPPACK PIKE & PENLLYN BLUE BELL PIKE,1
40.2468373,-75.6813814,VINE ST & CENTER ST; WEST POTTSGROVE; 2020-04-22 @ 02:26:02-Station:STA57;,19464,Fire: CARBON MONOXIDE DETECTOR,2020-04-22 02:26:02,WEST POTTSGROVE,VINE ST & CENTER ST,1
40.2096927,-75.4306405,MEADOWRIDGE LN & BRIDGE RD;  SKIPPACK; Station 336; 2019-04-09 @ 22:12:19;,19426,EMS: SUBJECT IN PAIN,2019-04-09 22:12:19,SKIPPACK,MEADOWRIDGE LN & BRIDGE RD,1
40.2449124,-75.6443631,HIGH ST & S FRANKLIN ST; POTTSTOWN; 2018-12-07 @ 09:21:32-Station:STA69;,19464,Fire: FIRE ALARM,2018-12-07 09:21:32,POTTSTOWN,HIGH ST & S FRANKLIN ST,1
40.0194893,-75.3193691,BRYN MAWR AVE & OLD LANCASTER RD;  LOWER MERION; Station 313; 2018-01-04 @ 13:47:24;,19010,EMS: CARDIAC EMERGENCY,2018-01-04 13:47:24,LOWER MERION,BRYN MAWR AVE & OLD LANCASTER RD,1
40.1228935,-75.4096648,S TROOPER RD & STINSON LN; WEST NORRITON; 2018-04-27 @ 17:20:16;,19403,Traffic: DISABLED VEHICLE -,2018-04-27 17:20:16,WEST NORRITON,S TROOPER RD & STINSON LN,1
40.1925084,-75.1204429,MOONFLOWER RD & OAK HILL DR;  HORSHAM; Station 352; 2019-07-24 @ 09:49:57;,19040,EMS: CVA/STROKE,2019-07-24 09:49:57,HORSHAM,MOONFLOWER RD & OAK HILL DR,1
40.0754210,-75.2882600,HECTOR ST & LEE ST; WHITEMARSH; 2017-08-15 @ 14:51:55-Station:STA45;,19428,Fire: FIRE ALARM,2017-08-15 14:51:55,WHITEMARSH,HECTOR ST & LEE ST,1
40.2443991,-75.5849440,N SANATOGA RD & E HIGH ST; LOWER POTTSGROVE; 2018-11-24 @ 21:55:41;,19464,Traffic: HAZARDOUS ROAD CONDITIONS -,2018-11-24 21:55:41,LOWER POTTSGROVE,N SANATOGA RD & E HIGH ST,1
40.2410527,-75.2688808,LANSDALE AVE & E 7TH ST;  LANSDALE; Station 345; 2016-05-12 @ 11:25:53;,19446,EMS: ALTERED MENTAL STATUS,2016-05-12 11:25:53,LANSDALE,LANSDALE AVE & E 7TH ST,1
40.4142488,-75.5090155,BLOMMER DR & GRAVEL PIKE; UPPER HANOVER; 2016-07-23 @ 02:27:47-Station:STA38;,18041,Fire: FIRE ALARM,2016-07-23 02:27:47,UPPER HANOVER,BLOMMER DR & GRAVEL PIKE,1
40.0972222,-75.3761952,RAMP RT202 SB TO I76  & RAMP RT202 SB TO RT422 WB; UPPER MERION; 2018-12-27 @ 22:42:17;,,Traffic: VEHICLE ACCIDENT -,2018-12-27 22:42:17,UPPER MERION,RAMP RT202 SB TO I76  & RAMP RT202 SB TO RT422 WB,1
40.0810063,-75.3161537,CONSHOHOCKEN RD & OLD ELM ST; PLYMOUTH; 2016-07-19 @ 11:19:06-Station:STA43;,19428,Fire: FIRE ALARM,2016-07-19 11:19:06,PLYMOUTH,CONSHOHOCKEN RD & OLD ELM ST,1
40.2097593,-75.2748765,MAIN ST & CHURCH ST; NORTH WALES; 2019-11-24 @ 04:30:10-Station:STA62;,19454,Fire: FIRE INVESTIGATION,2019-11-24 04:30:10,NORTH WALES,MAIN ST & CHURCH ST,1
40.0997844,-75.3025750,RIDGE PIKE & ALAN WOOD RD; PLYMOUTH; 2016-02-18 @ 16:08:15;,19428,Traffic: VEHICLE ACCIDENT -,2016-02-18 16:08:15,PLYMOUTH,RIDGE PIKE & ALAN WOOD RD,1
40.1330371,-75.4084631,SHANNONDELL DR & SHANNONDELL BLVD;  LOWER PROVIDENCE; Station 322A; 2019-09-15 @ 12:11:57;,19403,EMS: RESPIRATORY EMERGENCY,2019-09-15 12:11:57,LOWER PROVIDENCE,SHANNONDELL DR & SHANNONDELL BLVD,1
40.0782759,-75.2498518,RIDGE PIKE & BARREN HILL RD;  WHITEMARSH; Station 318; 2018-08-10 @ 10:28:12;,19444,EMS: ALTERED MENTAL STATUS,2018-08-10 10:28:12,WHITEMARSH,RIDGE PIKE & BARREN HILL RD,1
40.0875819,-75.2452804,HAIN DR & JACKSON DR; WHITEMARSH; 2019-08-09 @ 10:03:41-Station:STA29;,19444,Fire: FIRE ALARM,2019-08-09 10:03:41,WHITEMARSH,HAIN DR & JACKSON DR,1
40.1178920,-75.3511649,MAIN ST & CHAIN ST;  NORRISTOWN; Station 308A; 2018-09-15 @ 09:21:01;,19401,EMS: SHOOTING,2018-09-15 09:21:01,NORRISTOWN,MAIN ST & CHAIN ST,1
40.1082672,-75.3062326,RAMP I476 NB TO RIDGE PIKE & BLUEROUTE NB; PLYMOUTH; 2019-07-23 @ 02:02:02;,,Traffic: DISABLED VEHICLE -,2019-07-23 02:02:02,PLYMOUTH,RAMP I476 NB TO RIDGE PIKE & BLUEROUTE NB,1
40.1492085,-75.3969264,BARRY AVE & RIDGE PIKE;  LOWER PROVIDENCE; Station 322; 2018-06-09 @ 07:22:29;,19403,EMS: CARDIAC ARREST,2018-06-09 07:22:29,LOWER PROVIDENCE,BARRY AVE & RIDGE PIKE,1
40.0792860,-75.1628290,MACDONALD AVE & OLD CEDARBROOK RD;  CHELTENHAM; Station 358A; 2018-07-22 @ 16:32:20;,19095,EMS: FALL VICTIM,2018-07-22 16:32:20,CHELTENHAM,MACDONALD AVE & OLD CEDARBROOK RD,1
40.3309982,-75.3304253,CHURCH AVE & AUTUMN LEA CIR;  TELFORD; Station 339; 2020-03-06 @ 10:35:30;,18969,EMS: RESPIRATORY EMERGENCY,2020-03-06 10:35:30,TELFORD,CHURCH AVE & AUTUMN LEA CIR,1
40.0249667,-75.2829046,SCHUYLKILL EXPY & WAVERLY RD UNDERPASS; LOWER MERION; 2018-11-04 @ 19:10:56;,,Traffic: DISABLED VEHICLE -,2018-11-04 19:10:56,LOWER MERION,SCHUYLKILL EXPY & WAVERLY RD UNDERPASS,1
40.1504483,-75.4778772,HOLLOW RD & BLACK ROCK RD; UPPER PROVIDENCE; 2020-02-27 @ 17:18:08;,19460,Traffic: VEHICLE ACCIDENT -,2020-02-27 17:18:08,UPPER PROVIDENCE,HOLLOW RD & BLACK ROCK RD,1
40.1723141,-75.4927278,RT422  & S COLLEGEVILLE RD UNDERPASS; UPPER PROVIDENCE; 2018-11-18 @ 17:52:04;,,Traffic: VEHICLE ACCIDENT -,2018-11-18 17:52:04,UPPER PROVIDENCE,RT422  & S COLLEGEVILLE RD UNDERPASS,1
40.2400034,-75.2884538,GREEN ST & LINCOLN AVE;  LANSDALE; Station 345B; 2018-02-23 @ 21:36:24;,19446,EMS: RESPIRATORY EMERGENCY,2018-02-23 21:36:24,LANSDALE,GREEN ST & LINCOLN AVE,1
40.0367806,-75.3023619,MORRIS AVE & WAVERLY RD; LOWER MERION; 2019-11-20 @ 19:27:35;,19010,Traffic: VEHICLE ACCIDENT -,2019-11-20 19:27:35,LOWER MERION,MORRIS AVE & WAVERLY RD,1
40.2117672,-75.2808577,MAIN ST & SCHOOL ST;  NORTH WALES; Station 345B; 2019-11-26 @ 12:01:36;,19454,EMS: OVERDOSE,2019-11-26 12:01:36,NORTH WALES,MAIN ST & SCHOOL ST,1
40.2274312,-75.2958728,ALLENTOWN RD & BRADFORD LN; UPPER GWYNEDD; 2020-06-22 @ 11:54:36-Station:STA80;,19446,Fire: FIRE ALARM,2020-06-22 11:54:36,UPPER GWYNEDD,ALLENTOWN RD & BRADFORD LN,1
40.1456630,-75.1172016,YORK RD & CENTER AVE; UPPER MORELAND; 2016-08-07 @ 08:38:59;,19090,Traffic: VEHICLE ACCIDENT -,2016-08-07 08:38:59,UPPER MORELAND,YORK RD & CENTER AVE,1
40.1820482,-75.4817946,HOPWOOD RD & LONGACRE DR; UPPER PROVIDENCE; 2017-06-26 @ 08:43:02-Station:STA77;,19426,Fire: RESCUE - ELEVATOR,2017-06-26 08:43:02,UPPER PROVIDENCE,HOPWOOD RD & LONGACRE DR,1
40.0986082,-75.3944463,ALLENDALE RD & 1ST AVE; UPPER MERION; 2017-03-29 @ 17:52:16;,19406,Traffic: VEHICLE ACCIDENT -,2017-03-29 17:52:16,UPPER MERION,ALLENDALE RD & 1ST AVE,1
40.1274502,-75.3618445,MARSHALL ST & N MONTGOMERY AVE;  WEST NORRITON; Station 308B; 2019-10-13 @ 19:14:16;,19403,EMS: CARDIAC EMERGENCY,2019-10-13 19:14:16,WEST NORRITON,MARSHALL ST & N MONTGOMERY AVE,1
40.1164676,-75.1379964,EASTON RD & MT VERNON DR; ABINGTON; 2017-12-31 @ 10:15:26-Station:STA300;,19038,Fire: FIRE INVESTIGATION,2017-12-31 10:15:26,ABINGTON,EASTON RD & MT VERNON DR,1
40.2969258,-75.5878962,N CHARLOTTE ST;  NEW HANOVER; Station 332; 2016-10-14 @ 22:18:49;,,EMS: SUBJECT IN PAIN,2016-10-14 22:18:49,NEW HANOVER,N CHARLOTTE ST,1
40.0952031,-75.2929718,RIDGE PIKE & MAIN AVE; PLYMOUTH; 2018-11-29 @ 16:43:48;,19428,Traffic: DISABLED VEHICLE -,2018-11-29 16:43:48,PLYMOUTH,RIDGE PIKE & MAIN AVE,1
40.0960032,-75.3461116,CHURCH ST ; WEST NORRITON; 2016-09-26 @ 09:00:42;,19406,Traffic: DISABLED VEHICLE -,2016-09-26 09:00:42,WEST NORRITON,CHURCH ST,1
40.2491706,-75.2391333,MONTGOMERY GLEN DR & COVENTRY CIR; MONTGOMERY; 2016-03-02 @ 02:24:10-Station:STA18;,19446,Fire: FIRE ALARM,2016-03-02 02:24:10,MONTGOMERY,MONTGOMERY GLEN DR & COVENTRY CIR,1
40.2290075,-75.3878525,SPRING MILL RD & QUAKER LN; DELAWARE COUNTY; 2016-02-23 @ 09:29:00-Station:STA23;,,Fire: FIRE ALARM,2016-02-23 09:29:00,DELAWARE COUNTY,SPRING MILL RD & QUAKER LN,1
40.1277642,-75.1113720,CHESTER AVE & ELKINS AVE; ABINGTON; 2018-06-11 @ 01:42:43-Station:STA100;,19001,Fire: ELECTRICAL FIRE OUTSIDE,2018-06-11 01:42:43,ABINGTON,CHESTER AVE & ELKINS AVE,1
40.0245264,-75.3245825,S ROBERTS RD & W LANCASTER AVE; LOWER MERION; 2017-01-07 @ 11:16:51;,19010,Traffic: VEHICLE ACCIDENT -,2017-01-07 11:16:51,LOWER MERION,S ROBERTS RD & W LANCASTER AVE,1
40.2149774,-75.4997122,RIDGE PIKE & N TOWNSHIP LINE RD;  LIMERICK; Station 324A; 2016-02-16 @ 16:01:40;,19468,EMS: RESPIRATORY EMERGENCY,2016-02-16 16:01:40,LIMERICK,RIDGE PIKE & N TOWNSHIP LINE RD,1
40.1180715,-75.3309630,BASIN ST & VIOLET ST;  NORRISTOWN; Station 308A; 2018-10-14 @ 11:19:39;,19401,EMS: SEIZURES,2018-10-14 11:19:39,NORRISTOWN,BASIN ST & VIOLET ST,1
40.1792184,-75.4573075,2ND AVE & PARK AVE; COLLEGEVILLE; 2016-02-03 @ 16:18:03-Station:STA34;,19426,Fire: FIRE ALARM,2016-02-03 16:18:03,COLLEGEVILLE,2ND AVE & PARK AVE,1
40.0837614,-75.1422046,WASHINGTON LN & W CHURCH RD; CHELTENHAM; 2016-09-20 @ 16:33:26;,19095,Traffic: VEHICLE ACCIDENT -,2016-09-20 16:33:26,CHELTENHAM,WASHINGTON LN & W CHURCH RD,1
40.1370469,-75.3171588,DEKALB PIKE & COLONIAL DR;  EAST NORRITON; Station 308; 2019-08-07 @ 09:24:21;,19401,EMS: NAUSEA/VOMITING,2019-08-07 09:24:21,EAST NORRITON,DEKALB PIKE & COLONIAL DR,1
40.2363581,-75.3426132,LIBERTY BELL DR & PARKSIDE LN; TOWAMENCIN; 2017-01-19 @ 21:19:20;,19438,Traffic: VEHICLE ACCIDENT -,2017-01-19 21:19:20,TOWAMENCIN,LIBERTY BELL DR & PARKSIDE LN,1
40.2179664,-75.2678258,FARM LN & CHURCH ST;  UPPER GWYNEDD; Station 345A; 2018-10-01 @ 08:44:22;,19454,EMS: RESPIRATORY EMERGENCY,2018-10-01 08:44:22,UPPER GWYNEDD,FARM LN & CHURCH ST,1
40.2716626,-75.2384402,RICHARDSON RD & COUNTY LINE RD; MONTGOMERY; 2018-12-11 @ 07:56:38;,18914,Traffic: ROAD OBSTRUCTION -,2018-12-11 07:56:38,MONTGOMERY,RICHARDSON RD & COUNTY LINE RD,1
40.2425532,-75.6070347,DOGWOOD CT & CHERRYWOOD CT;  LOWER POTTSGROVE; Station 329; 2018-01-09 @ 08:56:53;,19464,EMS: RESPIRATORY EMERGENCY,2018-01-09 08:56:53,LOWER POTTSGROVE,DOGWOOD CT & CHERRYWOOD CT,1
40.1274581,-75.2702162,TOWNSHIP LINE RD & NARCISSA RD;  PLYMOUTH; Station 308; 2016-07-06 @ 10:01:43;,19422,EMS: SYNCOPAL EPISODE,2016-07-06 10:01:43,PLYMOUTH,TOWNSHIP LINE RD & NARCISSA RD,1
40.1750742,-75.2380130,GYPSY HILL RD & PENLLYN PIKE; LOWER GWYNEDD; 2020-04-10 @ 10:13:53;,19422,Traffic: ROAD OBSTRUCTION -,2020-04-10 10:13:53,LOWER GWYNEDD,GYPSY HILL RD & PENLLYN PIKE,1
40.1317128,-75.3695827,N WHITEHALL RD & W MARSHALL ST; WEST NORRITON; 2017-03-20 @ 11:10:58;,19403,Traffic: VEHICLE ACCIDENT -,2017-03-20 11:10:58,WEST NORRITON,N WHITEHALL RD & W MARSHALL ST,1
40.1653934,-75.2829046,FAWNVIEW CIR & DEAD END;  WHITPAIN; Station 385; 2017-12-10 @ 16:02:08;,,EMS: FRACTURE,2017-12-10 16:02:08,WHITPAIN,FAWNVIEW CIR & DEAD END,1
40.2115990,-75.2813137,SUMNEYTOWN PIKE & BEAVER ST; UPPER GWYNEDD; 2016-02-15 @ 14:09:48;,19454,Traffic: VEHICLE ACCIDENT -,2016-02-15 14:09:48,UPPER GWYNEDD,SUMNEYTOWN PIKE & BEAVER ST,1
40.0846764,-75.1689422,EASTON RD & GREENWOOD AVE; CHELTENHAM; 2019-01-09 @ 16:09:07;,19095,Traffic: VEHICLE ACCIDENT -,2019-01-09 16:09:07,CHELTENHAM,EASTON RD & GREENWOOD AVE,1
40.1725260,-75.2846533,DEKALB PIKE & BLUE BELL SPRINGS DR;  WHITPAIN; Station 385; 2016-06-09 @ 16:33:12;,19422,EMS: RESPIRATORY EMERGENCY,2016-06-09 16:33:12,WHITPAIN,DEKALB PIKE & BLUE BELL SPRINGS DR,1
40.1990253,-75.2567041,DEKALB PIKE & PLYMOUTH RD;  LOWER GWYNEDD; Station 351; 2016-08-12 @ 19:38:29;,19002,EMS: SYNCOPAL EPISODE,2016-08-12 19:38:29,LOWER GWYNEDD,DEKALB PIKE & PLYMOUTH RD,1
40.2794190,-75.6202441,YARNALL RD & SNYDER RD;  UPPER POTTSGROVE; Station 329B; 2019-07-31 @ 15:43:27;,19464,EMS: NAUSEA/VOMITING,2019-07-31 15:43:27,UPPER POTTSGROVE,YARNALL RD & SNYDER RD,1
40.1528076,-75.2221839,SPRING GARDEN ST & POPLAR ST;  AMBLER; Station 351; 2020-05-07 @ 19:28:50;,19002,EMS: BUILDING FIRE,2020-05-07 19:28:50,AMBLER,SPRING GARDEN ST & POPLAR ST,1
40.2513703,-75.4657098,PERKIOMEN AVE & 3RD ST;  SCHWENKSVILLE; Station 308C; 2017-01-31 @ 14:33:11;,19473,EMS: UNCONSCIOUS SUBJECT,2017-01-31 14:33:11,SCHWENKSVILLE,PERKIOMEN AVE & 3RD ST,1
40.2004761,-75.2156800,WELSH RD & CEDAR HILL RD; HORSHAM; 2016-05-09 @ 07:40:16;,19002,Traffic: VEHICLE ACCIDENT -,2016-05-09 07:40:16,HORSHAM,WELSH RD & CEDAR HILL RD,1
40.2506188,-75.6711721,KING ST & SCOTT ST;  POTTSTOWN; Station 329; 2016-12-21 @ 20:31:16;,19464,EMS: SEIZURES,2016-12-21 20:31:16,POTTSTOWN,KING ST & SCOTT ST,1
40.2090309,-75.6875050,CHERRY HILL LN & CHESTNUT HILL RD; CHESTER COUNTY; 2016-04-06 @ 04:51:59;,19465,Traffic: VEHICLE ACCIDENT -,2016-04-06 04:51:59,CHESTER COUNTY,CHERRY HILL LN & CHESTNUT HILL RD,1
40.1087245,-75.1927332,CHURCH RD;  SPRINGFIELD; Station 311; 2017-03-08 @ 14:20:20;,,EMS: CARDIAC EMERGENCY,2017-03-08 14:20:20,SPRINGFIELD,CHURCH RD,1
40.0991910,-75.1579655,LISMORE AVE & WAVERLY RD;  CHELTENHAM; Station 358A; 2016-07-05 @ 06:29:09;,19038,EMS: SYNCOPAL EPISODE,2016-07-05 06:29:09,CHELTENHAM,LISMORE AVE & WAVERLY RD,1
40.1051084,-75.3451838,RAMBO ST & STONE ALY;  BRIDGEPORT; Station 317; 2019-04-30 @ 00:29:44;,,EMS: MEDICAL ALERT ALARM,2019-04-30 00:29:44,BRIDGEPORT,RAMBO ST & STONE ALY,1
40.4029519,-75.5074269,3RD ST & STATE ST;  EAST GREENVILLE; Station 369; 2017-02-02 @ 22:49:49;,18041,EMS: CARDIAC EMERGENCY,2017-02-02 22:49:49,EAST GREENVILLE,3RD ST & STATE ST,1
40.0249667,-75.2829046,BLUEROUTE  & COUNTY LINE RD OVERPASS; LOWER MERION; 2018-09-01 @ 19:41:12-Station:STA39;,,Fire: VEHICLE FIRE,2018-09-01 19:41:12,LOWER MERION,BLUEROUTE  & COUNTY LINE RD OVERPASS,1
40.3116295,-75.3310962,SUMMIT ST & COLONIAL AVE;  FRANCONIA; Station 339; 2016-07-12 @ 05:57:14;,18964,EMS: CARDIAC EMERGENCY,2016-07-12 05:57:14,FRANCONIA,SUMMIT ST & COLONIAL AVE,1
40.1414692,-75.3905947,TROOPER RD & OAKDALE AVE; WEST NORRITON; 2016-08-16 @ 18:42:27;,19403,Traffic: VEHICLE ACCIDENT -,2016-08-16 18:42:27,WEST NORRITON,TROOPER RD & OAKDALE AVE,1
40.1338096,-75.2491798,NORRISTOWN RD & BUTLER PIKE; WHITPAIN; 2018-05-27 @ 20:34:31-Station:STA33;,19422,Fire: FIRE ALARM,2018-05-27 20:34:31,WHITPAIN,NORRISTOWN RD & BUTLER PIKE,1
40.1207169,-75.0748772,WELSH RD; LOWER MORELAND; 2016-03-11 @ 16:51:39-Station:STA8;,,Fire: VEHICLE ACCIDENT,2016-03-11 16:51:39,LOWER MORELAND,WELSH RD,1
40.2028418,-75.1246290,MAPLE AVE & W COUNTY LINE RD;  HORSHAM; Station 352; 2017-08-21 @ 22:28:18;,18974,EMS: SEIZURES,2017-08-21 22:28:18,HORSHAM,MAPLE AVE & W COUNTY LINE RD,1
40.1350903,-75.2569849,EVERGREEN CT & COPPER BEECH DR; WHITPAIN; 2016-01-08 @ 11:19:05-Station:STA33;,19422,Fire: FIRE ALARM,2016-01-08 11:19:05,WHITPAIN,EVERGREEN CT & COPPER BEECH DR,1
40.1283020,-75.3073089,WOODBROOK LN & BELVOIR RD;  PLYMOUTH; Station 308; 2016-03-23 @ 22:49:47;,19462,EMS: FALL VICTIM,2016-03-23 22:49:47,PLYMOUTH,WOODBROOK LN & BELVOIR RD,1
40.2493425,-75.2343029,BRAXTON CT & INDEPENDENCE DR; MONTGOMERY; 2018-11-24 @ 18:20:48-Station:STA18;,19454,Fire: BUILDING FIRE,2018-11-24 18:20:48,MONTGOMERY,BRAXTON CT & INDEPENDENCE DR,1
40.1264937,-75.0315832,WOODLAND CIR & SIMONS WAY;  LOWER MORELAND; Station 355; 2019-06-24 @ 00:44:04;,19006,EMS: FALL VICTIM,2019-06-24 00:44:04,LOWER MORELAND,WOODLAND CIR & SIMONS WAY,1
40.0806780,-75.1267910,OLD YORK RD & GREEN BRIAR RD; CHELTENHAM; 2019-08-30 @ 10:44:00;,19027,Traffic: VEHICLE ACCIDENT -,2019-08-30 10:44:00,CHELTENHAM,OLD YORK RD & GREEN BRIAR RD,1
40.3308767,-75.6307252,MONROE ST & E 4TH ST;  BERKS COUNTY; Station EMS; 2019-12-07 @ 10:45:15;,19512,EMS: FRACTURE,2019-12-07 10:45:15,BERKS COUNTY,MONROE ST & E 4TH ST,1
40.1243137,-75.3320910,E FREEDLEY ST & DEKALB ST; NORRISTOWN; 2019-02-26 @ 06:54:09;,19401,Traffic: VEHICLE ACCIDENT -,2019-02-26 06:54:09,NORRISTOWN,E FREEDLEY ST & DEKALB ST,1
40.0156033,-75.3003919,GRAYS LN & W MONTGOMERY AVE;  LOWER MERION; Station 313; 2017-03-29 @ 08:25:28;,19041,EMS: SUBJECT IN PAIN,2017-03-29 08:25:28,LOWER MERION,GRAYS LN & W MONTGOMERY AVE,1
40.1434202,-75.1284778,LUKENS AVE & CARVER AVE;  ABINGTON; Station 381; 2018-01-22 @ 20:52:36;,19090,EMS: DIABETIC EMERGENCY,2018-01-22 20:52:36,ABINGTON,LUKENS AVE & CARVER AVE,1
40.0927439,-75.1208340,GREENWOOD AVE & JENKINTOWN RD;  ABINGTON; Station 382; 2020-02-13 @ 08:40:00;,19046,EMS: NAUSEA/VOMITING,2020-02-13 08:40:00,ABINGTON,GREENWOOD AVE & JENKINTOWN RD,1
40.2890267,-75.3995896,MAIN ST & OLD SUMNEYTOWN PIKE;  LOWER SALFORD; Station 344; 2020-01-05 @ 10:19:30;,19438,EMS: RESPIRATORY EMERGENCY,2020-01-05 10:19:30,LOWER SALFORD,MAIN ST & OLD SUMNEYTOWN PIKE,1
39.9894918,-75.2514684,CITY AVE & E WYNNEWOOD RD; LOWER MERION; 2017-10-03 @ 00:16:04;,19151,Traffic: VEHICLE ACCIDENT -,2017-10-03 00:16:04,LOWER MERION,CITY AVE & E WYNNEWOOD RD,1
40.2445036,-75.2808201,BROAD ST & E 5TH ST; LANSDALE; 2020-05-29 @ 20:46:45-Station:STA14;,19446,Fire: FIRE ALARM,2020-05-29 20:46:45,LANSDALE,BROAD ST & E 5TH ST,1
40.3355256,-75.3258253,EMLEN WAY & STATE RD; TELFORD; 2016-05-02 @ 19:30:34-Station:STA75;,18969,Fire: UNKNOWN TYPE FIRE,2016-05-02 19:30:34,TELFORD,EMLEN WAY & STATE RD,1
40.1097918,-75.1946827,CHURCH RD & HAWS LN; SPRINGFIELD; 2019-09-07 @ 11:01:40;,19075,Traffic: VEHICLE ACCIDENT -,2019-09-07 11:01:40,SPRINGFIELD,CHURCH RD & HAWS LN,1
40.2485392,-75.6413901,N WASHINGTON ST & BEECH ST; POTTSTOWN; 2019-02-14 @ 16:42:21;,19464,Traffic: VEHICLE ACCIDENT -,2019-02-14 16:42:21,POTTSTOWN,N WASHINGTON ST & BEECH ST,1
40.1686182,-75.4372287,CEDAR LN & LEWIS RD; LOWER PROVIDENCE; 2019-10-24 @ 18:06:08-Station:STA53;,19426,Fire: WOODS/FIELD FIRE,2019-10-24 18:06:08,LOWER PROVIDENCE,CEDAR LN & LEWIS RD,1
40.0674000,-75.1449724,CHELSEA RD; CHELTENHAM; 2019-02-10 @ 18:45:10-Station:STA2;,19027,Fire: CARBON MONOXIDE DETECTOR,2019-02-10 18:45:10,CHELTENHAM,CHELSEA RD,1
40.0962587,-75.3576986,E DEKALB PIKE & SAULIN BLVD; UPPER MERION; 2018-07-24 @ 09:02:24;,19406,Traffic: VEHICLE ACCIDENT -,2018-07-24 09:02:24,UPPER MERION,E DEKALB PIKE & SAULIN BLVD,1
40.1330371,-75.4084631,SHANNONDELL DR & SHANNONDELL BLVD;  LOWER PROVIDENCE; Station 322A; 2018-10-08 @ 11:30:13;,19403,EMS: HEMORRHAGING,2018-10-08 11:30:13,LOWER PROVIDENCE,SHANNONDELL DR & SHANNONDELL BLVD,1
40.2803176,-75.5685654,SWAMP PIKE & WAGNER RD; NEW HANOVER; 2017-05-17 @ 22:05:19;,19525,Traffic: VEHICLE ACCIDENT -,2017-05-17 22:05:19,NEW HANOVER,SWAMP PIKE & WAGNER RD,1
40.1389911,-75.2442522,W BUTLER PIKE & SKIPPACK PIKE; WHITEMARSH; 2018-04-22 @ 15:17:54;,19002,Traffic: DISABLED VEHICLE -,2018-04-22 15:17:54,WHITEMARSH,W BUTLER PIKE & SKIPPACK PIKE,1
40.0235671,-75.3226115,WARNER AVE & W LANCASTER AVE;  LOWER MERION; Station 313; 2017-05-17 @ 01:20:59;,19010,EMS: FALL VICTIM,2017-05-17 01:20:59,LOWER MERION,WARNER AVE & W LANCASTER AVE,1
40.0045557,-75.2843574,LANCASTER AVE & CHATHAM RD;  LOWER MERION; Station 313; 2016-06-04 @ 13:58:46;,19003,EMS: HEAD INJURY,2016-06-04 13:58:46,LOWER MERION,LANCASTER AVE & CHATHAM RD,1
40.2709622,-75.3018269,HICKORY DR & SPRUCE DR;  HATFIELD TOWNSHIP; Station 345; 2018-12-31 @ 17:10:31;,19440,EMS: SYNCOPAL EPISODE,2018-12-31 17:10:31,HATFIELD TOWNSHIP,HICKORY DR & SPRUCE DR,1
40.0948080,-75.1300725,WALNUT ST & GREENWOOD AVE; JENKINTOWN; 2016-01-26 @ 03:38:24;,19046,Traffic: HAZARDOUS ROAD CONDITIONS -,2016-01-26 03:38:24,JENKINTOWN,WALNUT ST & GREENWOOD AVE,1
40.1445255,-75.1160469,YORK RD & EASTON RD; UPPER MORELAND; 2019-11-26 @ 17:18:15;,19090,Traffic: VEHICLE ACCIDENT -,2019-11-26 17:18:15,UPPER MORELAND,YORK RD & EASTON RD,1
40.1059734,-75.3503508,RAMP RT202 SB TO SCHUYLKILL PKWY & ROSS RD UNDERPASS; WHITEMARSH; 2018-11-24 @ 20:08:14;,19405,Traffic: VEHICLE ACCIDENT -,2018-11-24 20:08:14,WHITEMARSH,RAMP RT202 SB TO SCHUYLKILL PKWY & ROSS RD UNDERPASS,1
40.2625817,-75.6323345,SPRUCE ST & MINERAL ST;  POTTSTOWN; Station 329B; 2019-10-19 @ 19:20:22;,19464,EMS: FALL VICTIM,2019-10-19 19:20:22,POTTSTOWN,SPRUCE ST & MINERAL ST,1
40.2453741,-75.6496302,HANOVER ST & RR CROSSING; POTTSTOWN; 2019-01-03 @ 10:58:33;,,Traffic: DISABLED VEHICLE -,2019-01-03 10:58:33,POTTSTOWN,HANOVER ST & RR CROSSING,1
40.2205964,-75.2310851,BETHLEHEM PIKE & KEYSTONE DR; MONTGOMERY; 2017-07-20 @ 19:22:02-Station:STA18;,19454,Fire: FIRE ALARM,2017-07-20 19:22:02,MONTGOMERY,BETHLEHEM PIKE & KEYSTONE DR,1
40.2506263,-75.3492741,MAINLAND RD & SUMNEYTOWN PIKE; TOWAMENCIN; 2018-11-15 @ 12:30:29;,19438,Traffic: VEHICLE ACCIDENT -,2018-11-15 12:30:29,TOWAMENCIN,MAINLAND RD & SUMNEYTOWN PIKE,1
40.2846914,-75.2622910,LINE LEXINGTON RD & BETHLEHEM PIKE; HATFIELD TOWNSHIP; 2016-07-05 @ 04:43:53;,19440,Traffic: VEHICLE ACCIDENT -,2016-07-05 04:43:53,HATFIELD TOWNSHIP,LINE LEXINGTON RD & BETHLEHEM PIKE,1
40.0763825,-75.3037970,E 4TH AVE & FAYETTE ST; CONSHOHOCKEN; 2018-12-15 @ 11:30:42;,19428,Traffic: VEHICLE ACCIDENT -,2018-12-15 11:30:42,CONSHOHOCKEN,E 4TH AVE & FAYETTE ST,1
40.0974532,-75.1272409,LEEDOM ST;  JENKINTOWN; Station 382; 2020-07-19 @ 16:18:25;,19046,EMS: RESPIRATORY EMERGENCY,2020-07-19 16:18:25,JENKINTOWN,LEEDOM ST,1
40.2576508,-75.6622418,ROBINSON ST & TUCKER CT; POTTSTOWN; 2018-01-10 @ 19:33:59-Station:STA69;,19464,Fire: FIRE ALARM,2018-01-10 19:33:59,POTTSTOWN,ROBINSON ST & TUCKER CT,1
40.2490184,-75.6451884,BEECH ST & N EVANS ST;  POTTSTOWN; Station 329; 2017-10-08 @ 23:03:48;,19464,EMS: CARDIAC EMERGENCY,2017-10-08 23:03:48,POTTSTOWN,BEECH ST & N EVANS ST,1
40.2379133,-75.2905090,W HANCOCK ST & GREEN ST; LANSDALE; 2019-06-17 @ 11:30:00;,19446,Traffic: VEHICLE ACCIDENT -,2019-06-17 11:30:00,LANSDALE,W HANCOCK ST & GREEN ST,1
40.2443364,-75.6397810,HIGH ST & N WARREN ST;  POTTSTOWN; Station 329; 2018-01-04 @ 12:30:45;,19464,EMS: FRACTURE,2018-01-04 12:30:45,POTTSTOWN,HIGH ST & N WARREN ST,1
40.0617557,-75.1368766,CHELTENHAM AVE & OLD YORK RD; CHELTENHAM; 2018-08-24 @ 13:15:20;,19126,Traffic: VEHICLE ACCIDENT -,2018-08-24 13:15:20,CHELTENHAM,CHELTENHAM AVE & OLD YORK RD,1
40.3783208,-75.5852702,HARVEST DR; DOUGLASS; 2019-09-22 @ 11:27:23-Station:STA67;,19504,Fire: FIRE INVESTIGATION,2019-09-22 11:27:23,DOUGLASS,HARVEST DR,1
40.0972222,-75.3761952,VALLEY FORGE PARK RD & HUNTINGDONS RD; UPPER MERION; 2018-04-28 @ 19:56:50;,,Traffic: DISABLED VEHICLE -,2018-04-28 19:56:50,UPPER MERION,VALLEY FORGE PARK RD & HUNTINGDONS RD,1
40.2563601,-75.6400219,CHARLOTTE ST & NIGHTINGALE ST;  POTTSTOWN; Station 329B; 2019-11-27 @ 22:07:20;,19464,EMS: ALTERED MENTAL STATUS,2019-11-27 22:07:20,POTTSTOWN,CHARLOTTE ST & NIGHTINGALE ST,1
40.0946197,-75.3628559,S HENDERSON RD & W DEKALB PIKE; UPPER MERION; 2017-07-07 @ 07:50:49;,19406,Traffic: VEHICLE ACCIDENT -,2017-07-07 07:50:49,UPPER MERION,S HENDERSON RD & W DEKALB PIKE,1
40.1464006,-75.3550755,STONYBROOK DR & N WHITEHALL RD;  WEST NORRITON; Station 308B; 2019-10-31 @ 03:46:05;,19403,EMS: SYNCOPAL EPISODE,2019-10-31 03:46:05,WEST NORRITON,STONYBROOK DR & N WHITEHALL RD,1
40.2536380,-75.6819588,RT422 BYP & RAMP RT422 WB TO S GROSSTOWN RD; WEST POTTSGROVE; 2016-10-26 @ 15:52:50;,19464,Traffic: DISABLED VEHICLE -,2016-10-26 15:52:50,WEST POTTSGROVE,RT422 BYP & RAMP RT422 WB TO S GROSSTOWN RD,1
40.2569349,-75.2705657,WALNUT ST & GARDEN RD;  HATFIELD TOWNSHIP; Station 345; 2019-04-26 @ 10:54:58;,19440,EMS: HEMORRHAGING,2019-04-26 10:54:58,HATFIELD TOWNSHIP,WALNUT ST & GARDEN RD,1
40.1251980,-75.1090603,SHOEMAKER RD & MEADOWBROOK RD;  ABINGTON; Station 381; 2016-04-03 @ 12:43:04;,19001,EMS: UNCONSCIOUS SUBJECT,2016-04-03 12:43:04,ABINGTON,SHOEMAKER RD & MEADOWBROOK RD,1
40.1252556,-75.0373193,MAPLE RD & PHILMONT AVE; LOWER MORELAND; 2018-11-24 @ 10:20:00-Station:STA8;,19006,Fire: BURN VICTIM,2018-11-24 10:20:00,LOWER MORELAND,MAPLE RD & PHILMONT AVE,1
40.1644656,-75.1353356,BLAIR MILL RD & WITMER RD; UPPER MORELAND; 2020-05-08 @ 20:00:56;,19044,Traffic: VEHICLE ACCIDENT -,2020-05-08 20:00:56,UPPER MORELAND,BLAIR MILL RD & WITMER RD,1
40.3945321,-75.5008258,POTTSTOWN AVE; PENNSBURG; 2019-08-09 @ 14:35:21-Station:STA65;,18073,Fire: FIRE POLICE NEEDED,2019-08-09 14:35:21,PENNSBURG,POTTSTOWN AVE,1
40.2459297,-75.2820049,WALNUT ST & W 5TH ST; LANSDALE; 2016-07-19 @ 16:10:28;,19446,Traffic: ROAD OBSTRUCTION -,2016-07-19 16:10:28,LANSDALE,WALNUT ST & W 5TH ST,1
40.1136736,-75.3777813,HAMLET DR & N HENDERSON RD;  UPPER MERION; Station 317; 2016-12-09 @ 21:43:24;,19406,EMS: DIZZINESS,2016-12-09 21:43:24,UPPER MERION,HAMLET DR & N HENDERSON RD,1
40.1198332,-75.1253492,RYDAL RD & RR CROSSING; ABINGTON; 2016-03-18 @ 08:54:08;,,Traffic: VEHICLE ACCIDENT -,2016-03-18 08:54:08,ABINGTON,RYDAL RD & RR CROSSING,1
40.3228259,-75.3243432,E RELIANCE RD & S MAIN ST; TELFORD; 2018-03-27 @ 19:38:59;,18969,Traffic: VEHICLE ACCIDENT -,2018-03-27 19:38:59,TELFORD,E RELIANCE RD & S MAIN ST,1
40.0354582,-75.2560428,HOLLOW RD & RAMP I76 WB TO HOLLOW RD; LOWER MERION; 2017-04-12 @ 00:05:22;,19072,Traffic: HAZARDOUS ROAD CONDITIONS -,2017-04-12 00:05:22,LOWER MERION,HOLLOW RD & RAMP I76 WB TO HOLLOW RD,1
40.1245311,-75.3353349,POWELL ST & E FORNANCE ST;  NORRISTOWN; Station 308A; 2017-08-21 @ 06:06:03;,19401,EMS: CARDIAC EMERGENCY,2017-08-21 06:06:03,NORRISTOWN,POWELL ST & E FORNANCE ST,1
40.2421595,-75.6427535,S WASHINGTON ST;  POTTSTOWN; Station 329; 2016-12-29 @ 22:26:47;,19464,EMS: LACERATIONS,2016-12-29 22:26:47,POTTSTOWN,S WASHINGTON ST,1
40.1114350,-75.0759539,MEADOWBROOK DR & HUNTINGDON PIKE; ABINGTON; 2017-01-26 @ 20:23:43-Station:STA200;,19006,Fire: APPLIANCE FIRE,2017-01-26 20:23:43,ABINGTON,MEADOWBROOK DR & HUNTINGDON PIKE,1
40.1634990,-75.4733470,ARCOLA RD & SPRINGHOUSE DR;  UPPER PROVIDENCE; Station 324; 2018-09-02 @ 12:29:32;,19426,EMS: VEHICLE ACCIDENT,2018-09-02 12:29:32,UPPER PROVIDENCE,ARCOLA RD & SPRINGHOUSE DR,1
40.2438245,-75.2765457,6TH ST & RIDGE ST;  LANSDALE; Station 345; 2020-07-02 @ 07:10:15;,19446,EMS: DIABETIC EMERGENCY,2020-07-02 07:10:15,LANSDALE,6TH ST & RIDGE ST,1
40.2306331,-75.2785377,CEDAR ST & E HANCOCK ST;  LANSDALE; Station 345; 2017-07-27 @ 12:28:04;,19446,EMS: SYNCOPAL EPISODE,2017-07-27 12:28:04,LANSDALE,CEDAR ST & E HANCOCK ST,1
40.1097642,-75.1648595,LIMEKILN PIKE & HAMEL AVE; ABINGTON; 2018-02-27 @ 04:42:54-Station:STA400;,19038,Fire: FIRE SPECIAL SERVICE,2018-02-27 04:42:54,ABINGTON,LIMEKILN PIKE & HAMEL AVE,1
40.0941849,-75.2866500,BUTLER PIKE & RIDGE PIKE; PLYMOUTH; 2016-05-09 @ 09:53:48;,19428,Traffic: VEHICLE ACCIDENT -,2016-05-09 09:53:48,PLYMOUTH,BUTLER PIKE & RIDGE PIKE,1
40.2356251,-75.2737570,MAIN ST & HIGHLAND AVE; NORTH WALES; 2019-01-12 @ 13:12:47;,19446,Traffic: HAZARDOUS ROAD CONDITIONS -,2019-01-12 13:12:47,NORTH WALES,MAIN ST & HIGHLAND AVE,1
40.1458863,-75.1158939,MINERAL AVE & N YORK RD;  UPPER MORELAND; Station 381; 2016-04-26 @ 19:15:38;,19090,EMS: RESPIRATORY EMERGENCY,2016-04-26 19:15:38,UPPER MORELAND,MINERAL AVE & N YORK RD,1
40.1478788,-75.3197787,PENN SQUARE RD & BROOKSIDE RD; EAST NORRITON; 2020-06-03 @ 20:17:35-Station:STA61;,19401,Fire: ELECTRICAL FIRE OUTSIDE,2020-06-03 20:17:35,EAST NORRITON,PENN SQUARE RD & BROOKSIDE RD,1
40.1349001,-75.0618234,HUNTINGDON PIKE & CATHEDRAL RD;  BRYN ATHYN; Station 355; 2015-12-13 @ 02:04:28;,19006,EMS: CARDIAC EMERGENCY,2015-12-13 02:04:28,BRYN ATHYN,HUNTINGDON PIKE & CATHEDRAL RD,1
40.1270474,-75.4330200,AUDUBON VILLAGE DR & PAWLINGS RD;  LOWER PROVIDENCE; Station 322A; 2020-02-13 @ 12:15:11;,19403,EMS: VEHICLE ACCIDENT,2020-02-13 12:15:11,LOWER PROVIDENCE,AUDUBON VILLAGE DR & PAWLINGS RD,1
40.1430985,-75.1144356,DAVISVILLE RD & N YORK RD; UPPER MORELAND; 2020-05-08 @ 16:55:08;,19090,Traffic: VEHICLE ACCIDENT -,2020-05-08 16:55:08,UPPER MORELAND,DAVISVILLE RD & N YORK RD,1
40.1191703,-75.3474297,MARSHALL ST & CORSON ST;  NORRISTOWN; Station 308A; 2018-04-23 @ 09:08:20;,19401,EMS: LACERATIONS,2018-04-23 09:08:20,NORRISTOWN,MARSHALL ST & CORSON ST,1
40.2281549,-75.5330076,LEWIS RD & SAND TRAP DR;  LIMERICK; Station 324A; 2019-05-16 @ 08:04:43;,19468,EMS: FALL VICTIM,2019-05-16 08:04:43,LIMERICK,LEWIS RD & SAND TRAP DR,1
40.1199455,-75.3383214,DEKALB ST & E ELM ST;  NORRISTOWN; Station 308A; 2016-01-24 @ 09:31:36;,19401,EMS: RESPIRATORY EMERGENCY,2016-01-24 09:31:36,NORRISTOWN,DEKALB ST & E ELM ST,1
40.1051084,-75.3451838,COATES ST & RIVER RD; BRIDGEPORT; 2019-01-02 @ 20:42:31;,,Traffic: VEHICLE ACCIDENT -,2019-01-02 20:42:31,BRIDGEPORT,COATES ST & RIVER RD,1
40.2290075,-75.3878525,RT422 BYP & RAMP RT422 EB TO S KEIM ST; CHESTER COUNTY; 2016-11-19 @ 17:12:40;,,Traffic: ROAD OBSTRUCTION -,2016-11-19 17:12:40,CHESTER COUNTY,RT422 BYP & RAMP RT422 EB TO S KEIM ST,1
40.1279830,-75.1303430,EASTON RD & WOODLAND RD; ABINGTON; 2018-11-07 @ 19:40:38;,19001,Traffic: VEHICLE ACCIDENT -,2018-11-07 19:40:38,ABINGTON,EASTON RD & WOODLAND RD,1
40.1015773,-75.4118601,9TH AVE & MOORE RD; UPPER MERION; 2018-10-12 @ 11:21:18;,19406,Traffic: VEHICLE LEAKING FUEL -,2018-10-12 11:21:18,UPPER MERION,9TH AVE & MOORE RD,1
40.2476121,-75.6340097,BEECH ST & SHERIDAN ST; POTTSTOWN; 2019-12-05 @ 20:20:28-Station:STA69;,19464,Fire: FIRE SPECIAL SERVICE,2019-12-05 20:20:28,POTTSTOWN,BEECH ST & SHERIDAN ST,1
40.1157943,-75.3442543,HUN  ; CHESTER COUNTY; 2017-03-02 @ 10:48:11;,19404,Traffic: DISABLED VEHICLE -,2017-03-02 10:48:11,CHESTER COUNTY,HUN,1
40.1920050,-75.2559023,PLYMOUTH RD; LOWER GWYNEDD; 2017-07-15 @ 18:57:46-Station:STA62;,,Fire: VEHICLE ACCIDENT,2017-07-15 18:57:46,LOWER GWYNEDD,PLYMOUTH RD,1
40.2903299,-75.3675755,MAPLEWOOD DR & SCHOOLHOUSE RD;  FRANCONIA; Station 344; 2016-04-08 @ 23:10:39;,19438,EMS: FALL VICTIM,2016-04-08 23:10:39,FRANCONIA,MAPLEWOOD DR & SCHOOLHOUSE RD,1
40.0797354,-75.0881213,ROBBINS AVE & HUNTINGDON PIKE; ROCKLEDGE; 2017-02-14 @ 13:41:23;,19046,Traffic: DISABLED VEHICLE -,2017-02-14 13:41:23,ROCKLEDGE,ROBBINS AVE & HUNTINGDON PIKE,1
40.1522357,-75.3486116,GERMANTOWN PIKE & WHITEHALL RD; EAST NORRITON; 2020-05-29 @ 06:43:37;,19403,Traffic: VEHICLE ACCIDENT -,2020-05-29 06:43:37,EAST NORRITON,GERMANTOWN PIKE & WHITEHALL RD,1
40.0117673,-75.2946732,MONTGOMERY AVE & WOODSIDE RD;  LOWER MERION; Station 313; 2019-07-26 @ 12:31:59;,19041,EMS: HEAD INJURY,2019-07-26 12:31:59,LOWER MERION,MONTGOMERY AVE & WOODSIDE RD,1
40.0859138,-75.2512428,GERMANTOWN PIKE & CRESCENT AVE; WHITEMARSH; 2016-07-07 @ 16:21:51;,19444,Traffic: DISABLED VEHICLE -,2016-07-07 16:21:51,WHITEMARSH,GERMANTOWN PIKE & CRESCENT AVE,1
40.1867529,-75.1433734,HORSHAM RD & WALNUT AVE; HORSHAM; 2019-05-15 @ 19:16:08;,19044,Traffic: VEHICLE ACCIDENT -,2019-05-15 19:16:08,HORSHAM,HORSHAM RD & WALNUT AVE,1
40.2003727,-75.3060855,MORRIS RD & GLENVIEW DR; WORCESTER; 2019-01-15 @ 19:22:50;,19446,Traffic: ROAD OBSTRUCTION -,2019-01-15 19:22:50,WORCESTER,MORRIS RD & GLENVIEW DR,1
40.2277640,-75.6856629,VALLEY VIEW RD & CATFISH LN; CHESTER COUNTY; 2019-02-21 @ 05:32:09;,19465,Traffic: ROAD OBSTRUCTION -,2019-02-21 05:32:09,CHESTER COUNTY,VALLEY VIEW RD & CATFISH LN,1
40.1568468,-75.1019942,BYBERRY RD & RR OVERPASS; UPPER MORELAND; 2016-06-02 @ 10:32:58;,,Traffic: VEHICLE ACCIDENT -,2016-06-02 10:32:58,UPPER MORELAND,BYBERRY RD & RR OVERPASS,1
40.2477026,-75.2849056,5TH ST & KENILWORTH AVE; LANSDALE; 2018-06-24 @ 19:07:49;,19446,Traffic: VEHICLE ACCIDENT -,2018-06-24 19:07:49,LANSDALE,5TH ST & KENILWORTH AVE,1
40.1138125,-75.3451199,LAFAYETTE ST & SWEDE ST;  NORRISTOWN; Station 308A; 2017-01-25 @ 17:18:36;,19401,EMS: UNKNOWN MEDICAL EMERGENCY,2017-01-25 17:18:36,NORRISTOWN,LAFAYETTE ST & SWEDE ST,1
40.1568468,-75.1019942,KNIGHT LN & DEAD END;  UPPER MORELAND; Station 381; 2019-07-19 @ 10:07:30;,,EMS: FRACTURE,2019-07-19 10:07:30,UPPER MORELAND,KNIGHT LN & DEAD END,1
40.1405049,-75.3108737,GERMANTOWN PIKE & HANNAH AVE;  EAST NORRITON; Station 308; 2019-05-08 @ 19:48:00;,19401,EMS: DIZZINESS,2019-05-08 19:48:00,EAST NORRITON,GERMANTOWN PIKE & HANNAH AVE,1
40.2351093,-75.2400449,BETHLEHEM PIKE & DEKALB PIKE; MONTGOMERY; 2016-05-11 @ 14:45:21;,19454,Traffic: VEHICLE ACCIDENT -,2016-05-11 14:45:21,MONTGOMERY,BETHLEHEM PIKE & DEKALB PIKE,1
40.1063741,-75.1644712,LIMEKILN PIKE & WILLOW GROVE AVE; CHELTENHAM; 2016-03-25 @ 18:51:51;,19038,Traffic: VEHICLE ACCIDENT -,2016-03-25 18:51:51,CHELTENHAM,LIMEKILN PIKE & WILLOW GROVE AVE,1
40.1033767,-75.4124499,VALLEY FORGE CIR & OLD VALLEY FORGE RD;  UPPER MERION; Station 356A; 2020-04-24 @ 03:03:56;,19406,EMS: FALL VICTIM,2020-04-24 03:03:56,UPPER MERION,VALLEY FORGE CIR & OLD VALLEY FORGE RD,1
40.0855923,-75.3912204,GULPH RD & KIRK AVE; UPPER MERION; 2018-02-21 @ 07:40:48-Station:STA47;,19406,Fire: VEHICLE FIRE,2018-02-21 07:40:48,UPPER MERION,GULPH RD & KIRK AVE,1
40.1437704,-75.0924943,TERWOOD RD & PIKE CIR; UPPER MORELAND; 2017-12-01 @ 17:55:59;,19006,Traffic: VEHICLE ACCIDENT -,2017-12-01 17:55:59,UPPER MORELAND,TERWOOD RD & PIKE CIR,1
40.1607740,-75.1494744,WELSH RD & DRESHERTOWN RD; HORSHAM; 2017-01-06 @ 17:54:04;,19025,Traffic: VEHICLE ACCIDENT -,2017-01-06 17:54:04,HORSHAM,WELSH RD & DRESHERTOWN RD,1
40.0972222,-75.3761952,SCHUYLKILL EXPY & CROTON RD UNDERPASS; UPPER MERION; 2019-03-09 @ 10:57:22;,,Traffic: ROAD OBSTRUCTION -,2019-03-09 10:57:22,UPPER MERION,SCHUYLKILL EXPY & CROTON RD UNDERPASS,1
40.1865937,-75.4542215,JONLYN LN & CHESTNUT ST;  COLLEGEVILLE; Station 324; 2018-11-17 @ 23:28:23;,19426,EMS: RESPIRATORY EMERGENCY,2018-11-17 23:28:23,COLLEGEVILLE,JONLYN LN & CHESTNUT ST,1
40.0061400,-75.2163780,BALA AVE & W CITY AVE; LOWER MERION; 2018-11-05 @ 00:04:56;,19004,Traffic: DISABLED VEHICLE -,2018-11-05 00:04:56,LOWER MERION,BALA AVE & W CITY AVE,1
40.0858467,-75.4022263,VILLAGE DR & N GULPH RD;  UPPER MERION; Station 317; 2017-12-16 @ 17:50:25;,19406,EMS: DIZZINESS,2017-12-16 17:50:25,UPPER MERION,VILLAGE DR & N GULPH RD,1
40.2476756,-75.6820255,RACE ST & CENTER ST;  WEST POTTSGROVE; Station 329; 2018-09-10 @ 12:31:12;,19464,EMS: ALTERED MENTAL STATUS,2018-09-10 12:31:12,WEST POTTSGROVE,RACE ST & CENTER ST,1
40.0906317,-75.4130907,RT422  & RAMP I76 TO RT422 WB; CHESTER COUNTY; 2019-07-19 @ 17:05:30;,,Traffic: VEHICLE ACCIDENT -,2019-07-19 17:05:30,CHESTER COUNTY,RT422  & RAMP I76 TO RT422 WB,1
40.0292816,-75.3329099,LANCASTER AVE & GARRETT AVE; DELAWARE COUNTY; 2018-11-13 @ 14:43:39-Station:STA23;,19010,Fire: FIRE ALARM,2018-11-13 14:43:39,DELAWARE COUNTY,LANCASTER AVE & GARRETT AVE,1
40.2750300,-75.4298706,GRUBB RD & LARSON RD; UPPER SALFORD; 2020-07-28 @ 08:23:26;,19473,Traffic: VEHICLE ACCIDENT -,2020-07-28 08:23:26,UPPER SALFORD,GRUBB RD & LARSON RD,1
40.1074003,-75.1132060,THE FAIRWAY  & RYDAL RD;  ABINGTON; Station 382; 2016-08-27 @ 10:53:49;,19046,EMS: SEIZURES,2016-08-27 10:53:49,ABINGTON,THE FAIRWAY  & RYDAL RD,1
40.1614701,-75.1301588,COMMERCE AVE & MARYLAND RD;  UPPER MORELAND; Station 384; 2016-10-31 @ 20:19:42;,19090,EMS: CARDIAC EMERGENCY,2016-10-31 20:19:42,UPPER MORELAND,COMMERCE AVE & MARYLAND RD,1
40.2354089,-75.2401008,BETHLEHEM PIKE;  MONTGOMERY; Station 345A; 2020-07-09 @ 11:46:01;,,EMS: VEHICLE ACCIDENT,2020-07-09 11:46:01,MONTGOMERY,BETHLEHEM PIKE,1
40.1133150,-75.1527836,JENKINTOWN RD & TYSON AVE; ABINGTON; 2020-05-19 @ 17:29:38-Station:STA300;,19038,Fire: FIRE ALARM,2020-05-19 17:29:38,ABINGTON,JENKINTOWN RD & TYSON AVE,1
40.2288917,-75.2367048,BETHLEHEM PIKE & KNAPP RD;  MONTGOMERY; Station 345A; 2020-04-25 @ 15:10:30;,18936,EMS: SUBJECT IN PAIN,2020-04-25 15:10:30,MONTGOMERY,BETHLEHEM PIKE & KNAPP RD,1
40.2307490,-75.4633088,BRIDGE ST & SEITZ RD;  PERKIOMEN; Station 324; 2020-06-26 @ 20:09:22;,19426,EMS: FALL VICTIM,2020-06-26 20:09:22,PERKIOMEN,BRIDGE ST & SEITZ RD,1
40.1818271,-75.5280524,6TH AVE & FORDS EDGE;  UPPER PROVIDENCE; Station 325; 2020-02-24 @ 05:44:14;,19468,EMS: CARDIAC ARREST,2020-02-24 05:44:14,UPPER PROVIDENCE,6TH AVE & FORDS EDGE,1
40.2502687,-75.6447277,EVANS ST & LINCOLN AVE;  POTTSTOWN; Station 329; 2017-04-29 @ 20:47:13;,19464,EMS: FALL VICTIM,2017-04-29 20:47:13,POTTSTOWN,EVANS ST & LINCOLN AVE,1
40.2535717,-75.3000820,PARK AVE & OAK PARK RD; HATFIELD TOWNSHIP; 2018-10-15 @ 13:40:20-Station:STA17;,19440,Fire: FIRE ALARM,2018-10-15 13:40:20,HATFIELD TOWNSHIP,PARK AVE & OAK PARK RD,1
40.2640280,-75.3706851,MAIN ST & QUARRY RD; LOWER SALFORD; 2020-01-15 @ 08:19:13;,19438,Traffic: VEHICLE ACCIDENT -,2020-01-15 08:19:13,LOWER SALFORD,MAIN ST & QUARRY RD,1
40.1580254,-75.2992999,JOLLY RD & DEKALB PIKE; WHITPAIN; 2016-07-26 @ 08:17:45;,19422,Traffic: VEHICLE ACCIDENT -,2016-07-26 08:17:45,WHITPAIN,JOLLY RD & DEKALB PIKE,1
40.2484687,-75.3357898,FORTY FOOT RD & WILLIAMSBURG WAY; TOWAMENCIN; 2019-10-10 @ 07:57:06;,19446,Traffic: VEHICLE ACCIDENT -,2019-10-10 07:57:06,TOWAMENCIN,FORTY FOOT RD & WILLIAMSBURG WAY,1
40.2442908,-75.6026301,HIGH ST & MAPLE GLEN CIR;  LOWER POTTSGROVE; Station 329; 2018-03-13 @ 15:32:59;,19464,EMS: FALL VICTIM,2018-03-13 15:32:59,LOWER POTTSGROVE,HIGH ST & MAPLE GLEN CIR,1
40.0766793,-75.1444028,ASHBOURNE RD & SPRING AVE;  CHELTENHAM; Station 358; 2020-04-27 @ 13:15:27;,19027,EMS: RESPIRATORY EMERGENCY,2020-04-27 13:15:27,CHELTENHAM,ASHBOURNE RD & SPRING AVE,1
40.0589103,-75.3396347,W MONTGOMERY AVE & W MATSONFORD RD; LOWER MERION; 2018-03-07 @ 13:37:45;,19087,Traffic: VEHICLE ACCIDENT -,2018-03-07 13:37:45,LOWER MERION,W MONTGOMERY AVE & W MATSONFORD RD,1
40.0952031,-75.2929718,RIDGE PIKE & MAIN AVE; PLYMOUTH; 2016-08-12 @ 15:51:28;,19428,Traffic: VEHICLE ACCIDENT -,2016-08-12 15:51:28,PLYMOUTH,RIDGE PIKE & MAIN AVE,1
40.0961719,-75.2961420,CHEMICAL RD & RIDGE PIKE; PLYMOUTH; 2019-09-04 @ 18:57:09;,19462,Traffic: VEHICLE ACCIDENT -,2019-09-04 18:57:09,PLYMOUTH,CHEMICAL RD & RIDGE PIKE,1
40.0618905,-75.2697659,RIVER RD & HARTS LN; WHITEMARSH; 2019-06-20 @ 15:41:02;,19428,Traffic: HAZARDOUS ROAD CONDITIONS -,2019-06-20 15:41:02,WHITEMARSH,RIVER RD & HARTS LN,1
40.1583213,-75.2758787,SKIPPACK PIKE & UNION MEETING RD; WHITPAIN; 2017-04-12 @ 12:40:54;,19422,Traffic: VEHICLE ACCIDENT -,2017-04-12 12:40:54,WHITPAIN,SKIPPACK PIKE & UNION MEETING RD,1
40.1458472,-75.3215388,GERMANTOWN PIKE & HILLCREST AVE; EAST NORRITON; 2018-09-12 @ 07:42:26;,19401,Traffic: ROAD OBSTRUCTION -,2018-09-12 07:42:26,EAST NORRITON,GERMANTOWN PIKE & HILLCREST AVE,1
40.1003832,-75.2792119,BLACK WALNUT LN & SPRING MILL RD;  WHITEMARSH; Station 318; 2020-06-14 @ 08:01:59;,19462,EMS: FALL VICTIM,2020-06-14 08:01:59,WHITEMARSH,BLACK WALNUT LN & SPRING MILL RD,1
40.1053082,-75.2815426,CHEMICAL RD & W GERMANTOWN PIKE; PLYMOUTH; 2020-07-23 @ 08:10:25;,19462,Traffic: DISABLED VEHICLE -,2020-07-23 08:10:25,PLYMOUTH,CHEMICAL RD & W GERMANTOWN PIKE,1
40.1234974,-75.0431254,PINE RD & PHILMONT AVE; LOWER MORELAND; 2018-09-14 @ 18:15:06;,19006,Traffic: VEHICLE ACCIDENT -,2018-09-14 18:15:06,LOWER MORELAND,PINE RD & PHILMONT AVE,1
40.0646712,-75.3937704,RADNOR RD & RADNOR HILL RD; UPPER MERION; 2018-11-15 @ 15:27:57;,19087,Traffic: VEHICLE ACCIDENT -,2018-11-15 15:27:57,UPPER MERION,RADNOR RD & RADNOR HILL RD,1
40.1225722,-75.3453273,W ELM ST & ASTOR ST; NORRISTOWN; 2017-06-14 @ 17:48:25;,19401,Traffic: HAZARDOUS ROAD CONDITIONS -,2017-06-14 17:48:25,NORRISTOWN,W ELM ST & ASTOR ST,1
40.1136924,-75.3336847,MOORE ST & VIOLET ST; NORRISTOWN; 2020-02-24 @ 15:58:51-Station:STA27;,19401,Fire: WOODS/FIELD FIRE,2020-02-24 15:58:51,NORRISTOWN,MOORE ST & VIOLET ST,1
40.1260793,-75.3312382,BROWN ST & WILLOW ST; NORRISTOWN; 2020-06-09 @ 21:45:50;,19401,Traffic: VEHICLE ACCIDENT -,2020-06-09 21:45:50,NORRISTOWN,BROWN ST & WILLOW ST,1
40.2584234,-75.6453254,FARMINGTON AVE & N YORK ST;  POTTSTOWN; Station 329; 2016-11-10 @ 10:32:10;,19464,EMS: SUBJECT IN PAIN,2016-11-10 10:32:10,POTTSTOWN,FARMINGTON AVE & N YORK ST,1
40.0693839,-75.1303681,PARK AVE & ASHBOURNE RD;  CHELTENHAM; Station 358; 2019-03-18 @ 10:57:51;,19027,EMS: SEIZURES,2019-03-18 10:57:51,CHELTENHAM,PARK AVE & ASHBOURNE RD,1
40.0692669,-75.3334126,SCHUYLKILL EXPY & RAMP I76 WB TO BALLIGOMINGO RD; UPPER MERION; 2017-11-10 @ 18:36:48;,,Traffic: VEHICLE FIRE -,2017-11-10 18:36:48,UPPER MERION,SCHUYLKILL EXPY & RAMP I76 WB TO BALLIGOMINGO RD,1
40.2290075,-75.3878525,EXTENSION PENNSYLVANIA TPKE & UPPER RIDGE RD OVERPASS;  BUCKS COUNTY; Station 4A108; 2017-08-26 @ 21:29:11;,,EMS: VEHICLE ACCIDENT,2017-08-26 21:29:11,BUCKS COUNTY,EXTENSION PENNSYLVANIA TPKE & UPPER RIDGE RD OVERPASS,1
40.0292164,-75.2840292,MERION SQUARE RD & GLENMOOR RD; LOWER MERION; 2018-03-02 @ 23:55:05-Station:STA24;,19035,Fire: FIRE ALARM,2018-03-02 23:55:05,LOWER MERION,MERION SQUARE RD & GLENMOOR RD,1
40.1816167,-75.2312638,PENLLYN PIKE & FOXFIELD RD; LOWER GWYNEDD; 2019-04-26 @ 16:04:20-Station:STA7;,19002,Fire: GAS-ODOR/LEAK,2019-04-26 16:04:20,LOWER GWYNEDD,PENLLYN PIKE & FOXFIELD RD,1
40.1003438,-75.2939548,CHEMICAL RD & GALLAGHER RD; PLYMOUTH; 2019-06-15 @ 13:43:59;,19462,Traffic: VEHICLE ACCIDENT -,2019-06-15 13:43:59,PLYMOUTH,CHEMICAL RD & GALLAGHER RD,1
40.1137946,-75.1726850,LINDEN AVE & E PENNSYLVANIA AVE; UPPER DUBLIN; 2019-07-19 @ 05:49:13;,19038,Traffic: VEHICLE ACCIDENT -,2019-07-19 05:49:13,UPPER DUBLIN,LINDEN AVE & E PENNSYLVANIA AVE,1
40.0119460,-75.2745220,E MONTGOMERY AVE & PENN RD; LOWER MERION; 2016-01-18 @ 14:26:25;,19096,Traffic: VEHICLE ACCIDENT -,2016-01-18 14:26:25,LOWER MERION,E MONTGOMERY AVE & PENN RD,1
40.0072359,-75.2137950,E CITY AVE & MONUMENT RD; LOWER MERION; 2016-11-23 @ 15:35:56;,19131,Traffic: VEHICLE ACCIDENT -,2016-11-23 15:35:56,LOWER MERION,E CITY AVE & MONUMENT RD,1
40.0797963,-75.1683050,CHELTENHAM AVE & E DURHAM ST;  CHELTENHAM; Station 358A; 2018-07-27 @ 17:24:28;,19150,EMS: CARDIAC EMERGENCY,2018-07-27 17:24:28,CHELTENHAM,CHELTENHAM AVE & E DURHAM ST,1
40.1602792,-75.2159240,BETHLEHEM PIKE & FAIRVIEW AVE; AMBLER; 2018-04-21 @ 16:24:56;,19002,Traffic: VEHICLE ACCIDENT -,2018-04-21 16:24:56,AMBLER,BETHLEHEM PIKE & FAIRVIEW AVE,1
40.1589820,-75.1966542,SUSQUEHANNA RD & SPARK DR;  UPPER DUBLIN; Station 351; 2018-07-23 @ 15:20:08;,19002,EMS: FALL VICTIM,2018-07-23 15:20:08,UPPER DUBLIN,SUSQUEHANNA RD & SPARK DR,1
40.1194675,-75.0674656,WELSH RD & HUNTINGDON PIKE;  LOWER MORELAND; Station 355; 2017-09-21 @ 13:26:54;,19006,EMS: SUBJECT IN PAIN,2017-09-21 13:26:54,LOWER MORELAND,WELSH RD & HUNTINGDON PIKE,1
40.1082672,-75.3062326,BLUEROUTE  & BROOK RD UNDERPASS; PLYMOUTH; 2018-08-30 @ 07:44:52;,,Traffic: DISABLED VEHICLE -,2018-08-30 07:44:52,PLYMOUTH,BLUEROUTE  & BROOK RD UNDERPASS,1
40.0083463,-75.2938805,ARDMORE AVE & W ATHENS AVE;  LOWER MERION; Station 313; 2016-03-17 @ 23:43:26;,19003,EMS: MEDICAL ALERT ALARM,2016-03-17 23:43:26,LOWER MERION,ARDMORE AVE & W ATHENS AVE,1
40.2518705,-75.6394026,WEST ST & N WASHINGTON ST;  POTTSTOWN; Station 329; 2018-10-14 @ 03:19:00;,19464,EMS: VEHICLE ACCIDENT,2018-10-14 03:19:00,POTTSTOWN,WEST ST & N WASHINGTON ST,1
40.2749625,-75.2593917,BETHLEHEM PIKE & ADVANCE LN; HATFIELD TOWNSHIP; 2017-02-07 @ 16:30:28;,18915,Traffic: VEHICLE ACCIDENT -,2017-02-07 16:30:28,HATFIELD TOWNSHIP,BETHLEHEM PIKE & ADVANCE LN,1
40.2663814,-75.2321694,SHADY LN & WOODLAND DR; MONTGOMERY; 2019-06-28 @ 16:33:15-Station:STA18;,19446,Fire: CARBON MONOXIDE DETECTOR,2019-06-28 16:33:15,MONTGOMERY,SHADY LN & WOODLAND DR,1
40.2518664,-75.3394609,BENTWOOD CIR & WOOD HOLLOW DR;  TOWAMENCIN; Station 345B; 2020-05-20 @ 06:22:15;,19438,EMS: FALL VICTIM,2020-05-20 06:22:15,TOWAMENCIN,BENTWOOD CIR & WOOD HOLLOW DR,1
40.2590937,-75.3128996,WELSH RD & VERNON CT; HATFIELD TOWNSHIP; 2018-02-03 @ 06:20:53;,19446,Traffic: DISABLED VEHICLE -,2018-02-03 06:20:53,HATFIELD TOWNSHIP,WELSH RD & VERNON CT,1
40.0972222,-75.3761952,SCHUYLKILL EXPY & RAMP N GULPH RD TO I76 EB; UPPER MERION; 2019-06-08 @ 13:50:15;,,Traffic: VEHICLE ACCIDENT -,2019-06-08 13:50:15,UPPER MERION,SCHUYLKILL EXPY & RAMP N GULPH RD TO I76 EB,1
40.1296296,-75.3657980,W MARSHALL ST & COLONIAL AVE; WEST NORRITON; 2016-04-20 @ 09:02:58;,19403,Traffic: VEHICLE ACCIDENT -,2016-04-20 09:02:58,WEST NORRITON,W MARSHALL ST & COLONIAL AVE,1
40.1281848,-75.4264842,CARDINAL RD & WREN RD;  LOWER PROVIDENCE; Station 322A; 2016-08-10 @ 20:25:41;,19403,EMS: FALL VICTIM,2016-08-10 20:25:41,LOWER PROVIDENCE,CARDINAL RD & WREN RD,1
40.2668935,-75.2787581,COWPATH RD & HUNTINGDON LN; HATFIELD TOWNSHIP; 2019-05-05 @ 20:27:09;,19440,Traffic: VEHICLE ACCIDENT -,2019-05-05 20:27:09,HATFIELD TOWNSHIP,COWPATH RD & HUNTINGDON LN,1
40.0176627,-75.2521464,WOODBINE AVE & BRYN MAWR AVE;  LOWER MERION; Station 313; 2016-09-24 @ 15:47:04;,19072,EMS: ANIMAL BITE,2016-09-24 15:47:04,LOWER MERION,WOODBINE AVE & BRYN MAWR AVE,1
40.2290075,-75.3878525,UNION ST & N MAPLE AVE; HATFIELD BORO; 2017-11-13 @ 02:58:27;,,Traffic: VEHICLE FIRE -,2017-11-13 02:58:27,HATFIELD BORO,UNION ST & N MAPLE AVE,1
40.1532684,-75.1895576,PENNSYLVANIA TPKE & SUSQUEHANNA RD UNDERPASS; UPPER DUBLIN; 2019-03-06 @ 22:53:13;,,Traffic: DISABLED VEHICLE -,2019-03-06 22:53:13,UPPER DUBLIN,PENNSYLVANIA TPKE & SUSQUEHANNA RD UNDERPASS,1
40.0081604,-75.2237546,RIGHTERS FERRY RD & BELMONT AVE; LOWER MERION; 2020-06-21 @ 15:06:43;,19004,Traffic: DISABLED VEHICLE -,2020-06-21 15:06:43,LOWER MERION,RIGHTERS FERRY RD & BELMONT AVE,1
40.2182796,-75.4735278,CRANBERRY BLVD;  PERKIOMEN; Station 324; 2016-03-11 @ 22:40:40;,19426,EMS: VEHICLE ACCIDENT,2016-03-11 22:40:40,PERKIOMEN,CRANBERRY BLVD,1
40.0837614,-75.1422046,WASHINGTON LN & W CHURCH RD;  CHELTENHAM; Station 358; 2016-03-08 @ 20:09:45;,19095,EMS: VEHICLE ACCIDENT,2016-03-08 20:09:45,CHELTENHAM,WASHINGTON LN & W CHURCH RD,1
40.0230397,-75.3151611,MONTGOMERY AVE & MORRIS AVE; LOWER MERION; 2016-05-20 @ 06:23:51-Station:STA23;,19010,Fire: GAS-ODOR/LEAK,2016-05-20 06:23:51,LOWER MERION,MONTGOMERY AVE & MORRIS AVE,1
40.1150046,-75.0616535,WELSH RD & PACKARD AVE; LOWER MORELAND; 2016-11-08 @ 05:13:22-Station:STA8;,19006,Fire: VEHICLE ACCIDENT,2016-11-08 05:13:22,LOWER MORELAND,WELSH RD & PACKARD AVE,1
40.2469315,-75.6439204,CHESTNUT ST & N FRANKLIN ST;  POTTSTOWN; Station 329; 2019-06-07 @ 22:24:55;,19464,EMS: CARDIAC EMERGENCY,2019-06-07 22:24:55,POTTSTOWN,CHESTNUT ST & N FRANKLIN ST,1
40.1829511,-75.1160776,BLAIR MILL RD & W MORELAND AVE;  HORSHAM; Station 352; 2018-06-28 @ 15:56:28;,19040,EMS: BURN VICTIM,2018-06-28 15:56:28,HORSHAM,BLAIR MILL RD & W MORELAND AVE,1
40.2376731,-75.5128102,MOSES LN & GRATERFORD RD;  LIMERICK; Station 324A; 2018-10-10 @ 10:05:50;,19468,EMS: FALL VICTIM,2018-10-10 10:05:50,LIMERICK,MOSES LN & GRATERFORD RD,1
40.2236018,-75.2051562,HORSHAM RD & LOWER STATE RD;  HORSHAM; Station 352; 2018-12-03 @ 20:13:38;,19454,EMS: RESPIRATORY EMERGENCY,2018-12-03 20:13:38,HORSHAM,HORSHAM RD & LOWER STATE RD,1
40.1123576,-75.1420835,PLEASANT AVE & EASTON RD;  ABINGTON; Station 383; 2016-11-11 @ 06:57:54;,19038,EMS: FALL VICTIM,2016-11-11 06:57:54,ABINGTON,PLEASANT AVE & EASTON RD,1
40.1090929,-75.2726447,PLYMOUTH RD & BUTLER PIKE; PLYMOUTH; 2018-01-07 @ 03:13:36;,19462,Traffic: DISABLED VEHICLE -,2018-01-07 03:13:36,PLYMOUTH,PLYMOUTH RD & BUTLER PIKE,1
40.1196107,-75.2156064,CHURCH RD & BETHLEHEM PIKE; WHITEMARSH; 2015-12-28 @ 16:28:46;,19031,Traffic: VEHICLE ACCIDENT -,2015-12-28 16:28:46,WHITEMARSH,CHURCH RD & BETHLEHEM PIKE,1
40.3977880,-75.4938630,MACOBY ST & E 5TH ST;  PENNSBURG; Station 369; 2018-09-10 @ 18:13:43;,18073,EMS: FALL VICTIM,2018-09-10 18:13:43,PENNSBURG,MACOBY ST & E 5TH ST,1
40.2290075,-75.3878525,2ND ST & PEAR ST;  BERKS COUNTY; Station EMS; 2019-06-12 @ 19:26:36;,19601,EMS: BUILDING FIRE,2019-06-12 19:26:36,BERKS COUNTY,2ND ST & PEAR ST,1
40.2412769,-75.3024172,ALLENTOWN RD & VALLEY FORGE RD; TOWAMENCIN; 2016-09-14 @ 15:27:19;,19446,Traffic: VEHICLE ACCIDENT -,2016-09-14 15:27:19,TOWAMENCIN,ALLENTOWN RD & VALLEY FORGE RD,1
40.1217240,-75.3592490,MAIN ST & HAMILTON ST;  NORRISTOWN; Station 308A; 2020-06-22 @ 18:46:52;,19401,EMS: OVERDOSE,2020-06-22 18:46:52,NORRISTOWN,MAIN ST & HAMILTON ST,1
40.1564481,-75.1220797,EASTON RD & ANDREA DR;  UPPER MORELAND; Station 381; 2017-12-24 @ 19:55:31;,19090,EMS: EMS SPECIAL SERVICE,2017-12-24 19:55:31,UPPER MORELAND,EASTON RD & ANDREA DR,1
40.1177853,-75.3034854,PLYMOUTH RD & SANDY HILL RD; PLYMOUTH; 2019-12-04 @ 20:24:23;,19462,Traffic: DISABLED VEHICLE -,2019-12-04 20:24:23,PLYMOUTH,PLYMOUTH RD & SANDY HILL RD,1
40.3045298,-75.4642256,HENDRICKS RD & UNNAMED ALY; UPPER SALFORD; 2019-11-12 @ 23:17:59-Station:STA78;,,Fire: FIRE INVESTIGATION,2019-11-12 23:17:59,UPPER SALFORD,HENDRICKS RD & UNNAMED ALY,1
40.2456734,-75.5822609,SAYLOR AVE & N PARK RD;  LOWER POTTSGROVE; Station 329; 2016-09-02 @ 00:46:14;,19464,EMS: CARDIAC EMERGENCY,2016-09-02 00:46:14,LOWER POTTSGROVE,SAYLOR AVE & N PARK RD,1
39.9991037,-75.2375615,OLD LANCASTER RD & UPLAND TER;  LOWER MERION; Station 313; 2020-04-23 @ 13:26:14;,19066,EMS: RESPIRATORY EMERGENCY,2020-04-23 13:26:14,LOWER MERION,OLD LANCASTER RD & UPLAND TER,1
40.1566208,-75.4113257,EAGLEVILLE RD & SUNDERLAND DR;  LOWER PROVIDENCE; Station 322; 2017-07-18 @ 11:58:20;,19403,EMS: ALLERGIC REACTION,2017-07-18 11:58:20,LOWER PROVIDENCE,EAGLEVILLE RD & SUNDERLAND DR,1
40.3341715,-75.3590031,GREEN HILL RD & COWPATH RD; FRANCONIA; 2017-11-19 @ 09:42:21;,18969,Traffic: ROAD OBSTRUCTION -,2017-11-19 09:42:21,FRANCONIA,GREEN HILL RD & COWPATH RD,1
40.2490400,-75.2962056,MAIN ST & WEST END DR; LANSDALE; 2019-05-14 @ 16:17:09;,19446,Traffic: DISABLED VEHICLE -,2019-05-14 16:17:09,LANSDALE,MAIN ST & WEST END DR,1
40.2644731,-75.2650440,LENHART RD & NORMAN AVE; HATFIELD TOWNSHIP; 2016-07-23 @ 17:24:44;,18915,Traffic: DISABLED VEHICLE -,2016-07-23 17:24:44,HATFIELD TOWNSHIP,LENHART RD & NORMAN AVE,1
40.1358206,-75.3698218,REPUBLIC AVE & CONSTITUTION AVE;  WEST NORRITON; Station 308B; 2020-03-30 @ 12:37:47;,19403,EMS: CVA/STROKE,2020-03-30 12:37:47,WEST NORRITON,REPUBLIC AVE & CONSTITUTION AVE,1
40.1903913,-75.2695399,LAFAYETTE AVE & WISSAHICKON GREEN RIBBON TRL;  WHITEMARSH; Station 318; 2016-07-12 @ 18:24:25;,19454,EMS: POISONING,2016-07-12 18:24:25,WHITEMARSH,LAFAYETTE AVE & WISSAHICKON GREEN RIBBON TRL,1
40.2494951,-75.6635208,RT100 NB & W KING ST; POTTSTOWN; 2016-09-10 @ 17:46:58;,19464,Traffic: DISABLED VEHICLE -,2016-09-10 17:46:58,POTTSTOWN,RT100 NB & W KING ST,1
40.2290075,-75.3878525,RT422 BYP & S HANOVER ST UNDERPASS; CHESTER COUNTY; 2019-06-25 @ 16:20:01;,,Traffic: VEHICLE ACCIDENT -,2019-06-25 16:20:01,CHESTER COUNTY,RT422 BYP & S HANOVER ST UNDERPASS,1
40.2543509,-75.5584972,PRUSS HILL RD & MASTERS DR; LIMERICK; 2019-03-02 @ 17:29:01-Station:STA54;,19464,Fire: FIRE ALARM,2019-03-02 17:29:01,LIMERICK,PRUSS HILL RD & MASTERS DR,1
40.1508958,-75.1274376,FITZWATERTOWN RD & BARTRAM RD;  UPPER MORELAND; Station 381; 2016-01-19 @ 19:58:48;,19090,EMS: GENERAL WEAKNESS,2016-01-19 19:58:48,UPPER MORELAND,FITZWATERTOWN RD & BARTRAM RD,1
40.0032856,-75.2281053,CONSHOHOCKEN STATE RD & ST ASAPHS RD;  LOWER MERION; Station 313; 2019-08-04 @ 13:04:51;,19004,EMS: CARDIAC EMERGENCY,2019-08-04 13:04:51,LOWER MERION,CONSHOHOCKEN STATE RD & ST ASAPHS RD,1
40.0923530,-75.1383250,GREENWOOD AVE & E GLENSIDE AVE; CHELTENHAM; 2016-02-11 @ 08:48:26;,19095,Traffic: VEHICLE ACCIDENT -,2016-02-11 08:48:26,CHELTENHAM,GREENWOOD AVE & E GLENSIDE AVE,1
40.0911526,-75.1047386,BEVERLY RD & PEMBROKE RD;  ABINGTON; Station 382; 2019-01-06 @ 14:40:13;,19046,EMS: BUILDING FIRE,2019-01-06 14:40:13,ABINGTON,BEVERLY RD & PEMBROKE RD,1
40.2054756,-75.3529714,SKIPPACK PIKE & MEADOWOOD DR;  WORCESTER; Station 336; 2017-04-09 @ 21:39:59;,19446,EMS: RESPIRATORY EMERGENCY,2017-04-09 21:39:59,WORCESTER,SKIPPACK PIKE & MEADOWOOD DR,1
40.3091487,-75.3564906,EXTENSION PENNSYLVANIA TPKE & FRETZ RD OVERPASS; FRANCONIA; 2019-10-30 @ 16:40:57;,,Traffic: DISABLED VEHICLE -,2019-10-30 16:40:57,FRANCONIA,EXTENSION PENNSYLVANIA TPKE & FRETZ RD OVERPASS,1
40.0894551,-75.3467742,CROOKED LN & E CHURCH RD; UPPER MERION; 2019-09-17 @ 07:56:34;,19406,Traffic: VEHICLE ACCIDENT -,2019-09-17 07:56:34,UPPER MERION,CROOKED LN & E CHURCH RD,1
40.3095173,-75.3206271,BROAD ST & S FRONT ST; SOUDERTON; 2017-01-30 @ 15:30:21-Station:STA74;,18964,Fire: FIRE ALARM,2017-01-30 15:30:21,SOUDERTON,BROAD ST & S FRONT ST,1
40.2051569,-75.1960248,MULLIN RD & DEAD END; HORSHAM; 2019-11-01 @ 08:18:11;,19002,Traffic: ROAD OBSTRUCTION -,2019-11-01 08:18:11,HORSHAM,MULLIN RD & DEAD END,1
40.0774952,-75.3620325,SCHUYLKILL EXPY & RAMP I76 EB TO S GULPH RD; UPPER MERION; 2016-05-12 @ 15:46:33;,,Traffic: VEHICLE ACCIDENT -,2016-05-12 15:46:33,UPPER MERION,SCHUYLKILL EXPY & RAMP I76 EB TO S GULPH RD,1
40.1821003,-75.2177447,NORRISTOWN RD & RADCLIFF LN;  LOWER GWYNEDD; Station 351; 2019-01-13 @ 09:07:41;,19002,EMS: GENERAL WEAKNESS,2019-01-13 09:07:41,LOWER GWYNEDD,NORRISTOWN RD & RADCLIFF LN,1
40.1725260,-75.2846533,DEKALB PIKE & BLUE BELL SPRINGS DR; WHITPAIN; 2017-05-21 @ 06:44:29-Station:STA33;,19422,Fire: FIRE ALARM,2017-05-21 06:44:29,WHITPAIN,DEKALB PIKE & BLUE BELL SPRINGS DR,1
40.2440777,-75.6377358,HIGH ST & N BAILEY ST;  POTTSTOWN; Station 329; 2016-11-25 @ 14:53:53;,19464,EMS: RESPIRATORY EMERGENCY,2016-11-25 14:53:53,POTTSTOWN,HIGH ST & N BAILEY ST,1
40.2394356,-75.2362381,BETHLEHEM PIKE & JUGHANDLE; MONTGOMERY; 2019-04-12 @ 11:04:43;,,Traffic: VEHICLE ACCIDENT -,2019-04-12 11:04:43,MONTGOMERY,BETHLEHEM PIKE & JUGHANDLE,1
40.1457897,-75.1766957,CAMP HILL RD & OFFICE CENTER DR;  UPPER DUBLIN; Station 351; 2018-06-25 @ 21:05:40;,19034,EMS: SUBJECT IN PAIN,2018-06-25 21:05:40,UPPER DUBLIN,CAMP HILL RD & OFFICE CENTER DR,1
40.0017114,-75.2750212,WYNNEWOOD RD & MORRIS RD;  LOWER MERION; Station 313; 2018-04-25 @ 14:37:23;,19096,EMS: ALTERED MENTAL STATUS,2018-04-25 14:37:23,LOWER MERION,WYNNEWOOD RD & MORRIS RD,1
40.1805917,-75.1235833,SUMMER AVE & UPLAND AVE;  HORSHAM; Station 352; 2017-06-20 @ 11:01:26;,19044,EMS: FALL VICTIM,2017-06-20 11:01:26,HORSHAM,SUMMER AVE & UPLAND AVE,1
40.1295515,-75.3785172,RAMP RT422 WB TO RT363  & RT422 WB; WEST NORRITON; 2017-10-06 @ 17:03:12;,,Traffic: DISABLED VEHICLE -,2017-10-06 17:03:12,WEST NORRITON,RAMP RT422 WB TO RT363  & RT422 WB,1
40.2404756,-75.2798387,2ND ST & RIDGE ST; LANSDALE; 2018-09-15 @ 10:39:09;,19446,Traffic: DISABLED VEHICLE -,2018-09-15 10:39:09,LANSDALE,2ND ST & RIDGE ST,1
40.1653934,-75.2829046,EXTENSION PENNSYLVANIA TPKE & WENTZ RD UNDERPASS; WHITPAIN; 2016-06-25 @ 12:04:39-Station:STA44;,,Fire: VEHICLE FIRE,2016-06-25 12:04:39,WHITPAIN,EXTENSION PENNSYLVANIA TPKE & WENTZ RD UNDERPASS,1
40.1053611,-75.3417147,RAILROAD ST & DEPOT ST; BRIDGEPORT; 2016-11-25 @ 23:30:57;,19405,Traffic: DISABLED VEHICLE -,2016-11-25 23:30:57,BRIDGEPORT,RAILROAD ST & DEPOT ST,1
40.0743520,-75.1588510,CHELTENHAM AVE & E UPSAL ST;  CHELTENHAM; Station 358A; 2020-06-24 @ 19:02:39;,19150,EMS: SUBJECT IN PAIN,2020-06-24 19:02:39,CHELTENHAM,CHELTENHAM AVE & E UPSAL ST,1
40.0579935,-75.1022251,ARBOR RD & PITT RD;  CHELTENHAM; Station 358; 2020-03-22 @ 04:34:50;,19012,EMS: SEIZURES,2020-03-22 04:34:50,CHELTENHAM,ARBOR RD & PITT RD,1
40.0972222,-75.3761952,RAMP RT422 EB TO I76  & RT422 EB; UPPER MERION; 2016-02-24 @ 12:12:58;,,Traffic: VEHICLE ACCIDENT -,2016-02-24 12:12:58,UPPER MERION,RAMP RT422 EB TO I76  & RT422 EB,1
40.0809133,-75.2026651,EVERGREEN AVE & STENTON AVE;  SPRINGFIELD; Station 311; 2017-05-24 @ 12:35:09;,19038,EMS: CARDIAC EMERGENCY,2017-05-24 12:35:09,SPRINGFIELD,EVERGREEN AVE & STENTON AVE,1
40.1049418,-75.1080988,BARROWDALE RD & LEOPARD RD;  ABINGTON; Station 382; 2019-08-20 @ 15:12:27;,19046,EMS: SEIZURES,2019-08-20 15:12:27,ABINGTON,BARROWDALE RD & LEOPARD RD,1
40.1330371,-75.4084631,SHANNONDELL DR & SHANNONDELL BLVD;  LOWER PROVIDENCE; Station 322A; 2018-10-30 @ 05:02:29;,19403,EMS: FALL VICTIM,2018-10-30 05:02:29,LOWER PROVIDENCE,SHANNONDELL DR & SHANNONDELL BLVD,1
40.0249667,-75.2829046,SCHUYLKILL EXPY & RIGHTERS FERRY RD UNDERPASS; LOWER MERION; 2017-05-23 @ 16:21:25-Station:STA22;,,Fire: VEHICLE ACCIDENT,2017-05-23 16:21:25,LOWER MERION,SCHUYLKILL EXPY & RIGHTERS FERRY RD UNDERPASS,1
40.2465386,-75.6488196,KING ST & PENN ST; POTTSTOWN; 2016-01-31 @ 01:01:29-Station:STA69;,19464,Fire: RESCUE - ELEVATOR,2016-01-31 01:01:29,POTTSTOWN,KING ST & PENN ST,1
40.1301954,-75.1785657,DRESHERTOWN RD;  UPPER DUBLIN; Station 383; 2019-06-27 @ 12:44:06;,19034,EMS: DEHYDRATION,2019-06-27 12:44:06,UPPER DUBLIN,DRESHERTOWN RD,1
40.0698321,-75.3162951,BLUEROUTE  & FRONT ST UNDERPASS; WEST CONSHOHOCKEN; 2016-04-04 @ 09:54:02;,,Traffic: DISABLED VEHICLE -,2016-04-04 09:54:02,WEST CONSHOHOCKEN,BLUEROUTE  & FRONT ST UNDERPASS,1
40.2421106,-75.6299084,KEIM ST & SOUTH ST;  POTTSTOWN; Station 329; 2020-05-06 @ 07:33:12;,19464,EMS: CARDIAC EMERGENCY,2020-05-06 07:33:12,POTTSTOWN,KEIM ST & SOUTH ST,1
40.3933607,-75.4930094,E 7TH ST; PENNSBURG; 2016-10-31 @ 22:39:11-Station:STA65;,18073,Fire: VEHICLE ACCIDENT,2016-10-31 22:39:11,PENNSBURG,E 7TH ST,1
40.2309343,-75.5221245,RT422  & AIRPORT RD OVERPASS; LIMERICK; 2016-04-19 @ 00:35:37;,19468,Traffic: VEHICLE ACCIDENT -,2016-04-19 00:35:37,LIMERICK,RT422  & AIRPORT RD OVERPASS,1
40.0726174,-75.3054932,HECTOR ST & ANGEL ALY;  CONSHOHOCKEN; Station 313A; 2017-05-25 @ 15:15:06;,19428,EMS: SUBJECT IN PAIN,2017-05-25 15:15:06,CONSHOHOCKEN,HECTOR ST & ANGEL ALY,1
40.1052200,-75.0605179,DURAND RD & LIPPINCOTT RD;  ABINGTON; Station 382; 2017-06-19 @ 09:01:19;,19006,EMS: LACERATIONS,2017-06-19 09:01:19,ABINGTON,DURAND RD & LIPPINCOTT RD,1
40.1906508,-75.5405743,6TH AVE & SPRUCE ST; ROYERSFORD; 2018-03-13 @ 21:26:04-Station:STA98;,19468,Fire: FIRE ALARM,2018-03-13 21:26:04,ROYERSFORD,6TH AVE & SPRUCE ST,1
39.9898980,-75.2584300,LANCASTER AVE & LANKENAU DR;  LOWER MERION; Station 313; 2018-05-31 @ 08:17:22;,19096,EMS: RESPIRATORY EMERGENCY,2018-05-31 08:17:22,LOWER MERION,LANCASTER AVE & LANKENAU DR,1
40.0658150,-75.1040053,BERYL RD & TOOKANY CREEK PKWY;  CHELTENHAM; Station 358; 2017-10-05 @ 18:36:16;,19012,EMS: FEVER,2017-10-05 18:36:16,CHELTENHAM,BERYL RD & TOOKANY CREEK PKWY,1
40.0841020,-75.4009094,N WARNER RD;  UPPER MERION; Station 317; 2016-11-19 @ 11:57:03;,19406,EMS: VEHICLE ACCIDENT,2016-11-19 11:57:03,UPPER MERION,N WARNER RD,1
40.2586526,-75.5946652,SUMMIT WAY & DEER RIDGE DR;  LOWER POTTSGROVE; Station 329; 2016-05-18 @ 07:57:04;,19464,EMS: SYNCOPAL EPISODE,2016-05-18 07:57:04,LOWER POTTSGROVE,SUMMIT WAY & DEER RIDGE DR,1
40.1956600,-75.2204086,CEDAR HILL RD & PETERMAN LN; LOWER GWYNEDD; 2016-10-28 @ 18:27:34-Station:STA7;,19002,Fire: VEHICLE ACCIDENT,2016-10-28 18:27:34,LOWER GWYNEDD,CEDAR HILL RD & PETERMAN LN,1
40.1183720,-75.3518780,MAIN ST & GEORGE ST; NORRISTOWN; 2018-04-05 @ 17:40:29;,19401,Traffic: VEHICLE ACCIDENT -,2018-04-05 17:40:29,NORRISTOWN,MAIN ST & GEORGE ST,1
40.3115395,-75.3290105,WALNUT ST & WILE AVE;  SOUDERTON; Station 339; 2017-02-08 @ 10:06:04;,18964,EMS: UNKNOWN MEDICAL EMERGENCY,2017-02-08 10:06:04,SOUDERTON,WALNUT ST & WILE AVE,1
40.1159150,-75.3431841,AIRY ST & CHURCH ST;  NORRISTOWN; Station 308A; 2017-06-15 @ 09:54:44;,19401,EMS: SYNCOPAL EPISODE,2017-06-15 09:54:44,NORRISTOWN,AIRY ST & CHURCH ST,1
40.3325971,-75.6169441,HOLLY RD & INDUSTRIAL DR; DOUGLASS; 2016-10-18 @ 12:57:29;,19525,Traffic: VEHICLE ACCIDENT -,2016-10-18 12:57:29,DOUGLASS,HOLLY RD & INDUSTRIAL DR,1
40.3377080,-75.4931693,GREEN LANE RD & CREEK LN;  UPPER FREDERICK; Station 344A; 2018-05-24 @ 08:54:57;,18054,EMS: BACK PAINS/INJURY,2018-05-24 08:54:57,UPPER FREDERICK,GREEN LANE RD & CREEK LN,1
40.2290075,-75.3878525,BAUS RD & TITLOW RD;  LEHIGH COUNTY; Station 369; 2016-06-13 @ 12:19:22;,,EMS: SUBJECT IN PAIN,2016-06-13 12:19:22,LEHIGH COUNTY,BAUS RD & TITLOW RD,1
40.1931638,-75.5246287,ANCHOR PKWY & DIAMOND WAY; LIMERICK; 2018-12-20 @ 17:12:19;,19468,Traffic: VEHICLE ACCIDENT -,2018-12-20 17:12:19,LIMERICK,ANCHOR PKWY & DIAMOND WAY,1
40.1096555,-75.1223315,TREMONT AVE & OLD YORK RD;  ABINGTON; Station 381; 2020-03-16 @ 11:31:54;,19001,EMS: CARDIAC EMERGENCY,2020-03-16 11:31:54,ABINGTON,TREMONT AVE & OLD YORK RD,1
40.1214970,-75.3399048,MARSHALL ST & RR CROSSING; NORRISTOWN; 2017-01-12 @ 21:39:47-Station:STA27;,,Fire: FIRE ALARM,2017-01-12 21:39:47,NORRISTOWN,MARSHALL ST & RR CROSSING,1
40.2209363,-75.2892823,KNEEDLER RD & CHURCH RD;  UPPER GWYNEDD; Station 345B; 2018-07-01 @ 13:37:18;,19454,EMS: CARDIAC EMERGENCY,2018-07-01 13:37:18,UPPER GWYNEDD,KNEEDLER RD & CHURCH RD,1
40.1758382,-75.0921117,BENSAL RD & TANNER AVE; UPPER MORELAND; 2018-12-08 @ 21:56:05;,19040,Traffic: DISABLED VEHICLE -,2018-12-08 21:56:05,UPPER MORELAND,BENSAL RD & TANNER AVE,1
40.2356127,-75.2251278,RT202 PKWY & HORSHAM RD; MONTGOMERY; 2020-03-07 @ 10:31:33;,,Traffic: DISABLED VEHICLE -,2020-03-07 10:31:33,MONTGOMERY,RT202 PKWY & HORSHAM RD,1
40.0099820,-75.2951552,GREENFIELD AVE & W LANCASTER AVE; LOWER MERION; 2016-04-02 @ 21:05:06;,19003,Traffic: DISABLED VEHICLE -,2016-04-02 21:05:06,LOWER MERION,GREENFIELD AVE & W LANCASTER AVE,1
40.2290075,-75.3878525,RT422 BYP & RAMP RT422 EB TO S GROSSTOWN RD;  BERKS COUNTY; Station EMS; 2017-11-23 @ 02:30:40;,,EMS: VEHICLE ACCIDENT,2017-11-23 02:30:40,BERKS COUNTY,RT422 BYP & RAMP RT422 EB TO S GROSSTOWN RD,1
40.2290075,-75.3878525,NO LOCATION - NEIGHBORING COUNTY;  CHESTER COUNTY; Station EMS; 2018-05-27 @ 08:46:23;,,EMS: SUBJECT IN PAIN,2018-05-27 08:46:23,CHESTER COUNTY,NO LOCATION - NEIGHBORING COUNTY,1
40.0923493,-75.3704506,W DEKALB PIKE & KINGS CIR; UPPER MERION; 2017-04-08 @ 18:07:15;,19406,Traffic: VEHICLE ACCIDENT -,2017-04-08 18:07:15,UPPER MERION,W DEKALB PIKE & KINGS CIR,1
40.2534764,-75.2181584,UPPER STATE RD & SPRING VALLEY DR; MONTGOMERY; 2016-03-05 @ 12:55:32;,19446,Traffic: VEHICLE ACCIDENT -,2016-03-05 12:55:32,MONTGOMERY,UPPER STATE RD & SPRING VALLEY DR,1
40.0622142,-75.1160728,COVENTRY AVE & HAINES RD; CHELTENHAM; 2018-03-02 @ 16:07:22-Station:STA4;,19012,Fire: FIRE INVESTIGATION,2018-03-02 16:07:22,CHELTENHAM,COVENTRY AVE & HAINES RD,1
40.0249667,-75.2829046,SCHUYLKILL EXPY & RR UNDERPASS; LOWER MERION; 2016-07-31 @ 07:17:13;,,Traffic: VEHICLE ACCIDENT -,2016-07-31 07:17:13,LOWER MERION,SCHUYLKILL EXPY & RR UNDERPASS,1
40.1318130,-75.1539930,FITZWATERTOWN RD & WOODSIDE CIR;  UPPER DUBLIN; Station 383; 2017-08-05 @ 01:04:32;,19025,EMS: CARDIAC EMERGENCY,2017-08-05 01:04:32,UPPER DUBLIN,FITZWATERTOWN RD & WOODSIDE CIR,1
40.1833610,-75.5422850,MAIN ST & 2ND AVE;  ROYERSFORD; Station 325; 2017-11-13 @ 21:10:51;,19468,EMS: UNRESPONSIVE SUBJECT,2017-11-13 21:10:51,ROYERSFORD,MAIN ST & 2ND AVE,1
40.1330371,-75.4084631,SHANNONDELL DR & SHANNONDELL BLVD;  LOWER PROVIDENCE; Station 322A; 2018-01-22 @ 16:08:51;,19403,EMS: ALTERED MENTAL STATUS,2018-01-22 16:08:51,LOWER PROVIDENCE,SHANNONDELL DR & SHANNONDELL BLVD,1
40.1207039,-75.3388926,WILLOW ST & SCOTT ALY;  NORRISTOWN; Station 308A; 2019-12-15 @ 16:32:26;,19401,EMS: FALL VICTIM,2019-12-15 16:32:26,NORRISTOWN,WILLOW ST & SCOTT ALY,1
40.1295380,-75.3246363,E JOHNSON HWY & DEKALB PIKE; EAST NORRITON; 2017-06-06 @ 05:43:21;,19401,Traffic: VEHICLE ACCIDENT -,2017-06-06 05:43:21,EAST NORRITON,E JOHNSON HWY & DEKALB PIKE,1
40.1321079,-75.3011022,GERMANTOWN PIKE & MILL CREEK RD; PLYMOUTH; 2016-03-27 @ 11:54:11;,19462,Traffic: VEHICLE ACCIDENT -,2016-03-27 11:54:11,PLYMOUTH,GERMANTOWN PIKE & MILL CREEK RD,1
40.0855923,-75.3912204,GULPH RD & KIRK AVE;  UPPER MERION; Station 317; 2017-05-11 @ 15:31:35;,19406,EMS: UNKNOWN MEDICAL EMERGENCY,2017-05-11 15:31:35,UPPER MERION,GULPH RD & KIRK AVE,1
40.1498641,-75.3646526,BURNSIDE AVE & EAGLE DR; WEST NORRITON; 2018-09-03 @ 00:03:01;,19403,Traffic: VEHICLE ACCIDENT -,2018-09-03 00:03:01,WEST NORRITON,BURNSIDE AVE & EAGLE DR,1
40.2011451,-75.3280225,SCHULTZ RD;  LOWER MERION; Station 332; 2018-07-09 @ 13:23:16;,19446,EMS: CARDIAC EMERGENCY,2018-07-09 13:23:16,LOWER MERION,SCHULTZ RD,1
39.9898980,-75.2584300,LANCASTER AVE & LANKENAU DR;  LOWER MERION; Station 313; 2017-01-07 @ 18:05:55;,19096,EMS: HEAD INJURY,2017-01-07 18:05:55,LOWER MERION,LANCASTER AVE & LANKENAU DR,1
40.1723141,-75.4927278,RT422  & RAMP EGYPT RD TO RT422 WB;  UPPER PROVIDENCE; Station 322A; 2016-06-25 @ 18:08:00;,,EMS: VEHICLE ACCIDENT,2016-06-25 18:08:00,UPPER PROVIDENCE,RT422  & RAMP EGYPT RD TO RT422 WB,1
40.1564727,-75.1924641,FORT WASHINGTON AVE & SUSQUEHANNA RD;  UPPER DUBLIN; Station 351; 2020-04-14 @ 17:55:44;,19002,EMS: FRACTURE,2020-04-14 17:55:44,UPPER DUBLIN,FORT WASHINGTON AVE & SUSQUEHANNA RD,1
40.3930197,-75.4937099,7TH ST & MAIN ST;  PENNSBURG; Station 369; 2017-12-14 @ 10:33:06;,18073,EMS: CARDIAC EMERGENCY,2017-12-14 10:33:06,PENNSBURG,7TH ST & MAIN ST,1
40.1803086,-75.4519490,2ND AVE & STINE DR;  COLLEGEVILLE; Station 324; 2017-03-30 @ 11:37:57;,19426,EMS: SYNCOPAL EPISODE,2017-03-30 11:37:57,COLLEGEVILLE,2ND AVE & STINE DR,1
40.2444861,-75.6001923,HIGH ST & SUNNYSIDE AVE; LOWER POTTSGROVE; 2020-04-14 @ 14:36:10;,19464,Traffic: VEHICLE ACCIDENT -,2020-04-14 14:36:10,LOWER POTTSGROVE,HIGH ST & SUNNYSIDE AVE,1
40.1852233,-75.4506033,2ND AVE & E MAIN ST; COLLEGEVILLE; 2019-07-29 @ 20:56:31;,19426,Traffic: VEHICLE ACCIDENT -,2019-07-29 20:56:31,COLLEGEVILLE,2ND AVE & E MAIN ST,1
40.1568468,-75.1019942,PENNSYLVANIA TPKE & WELSH RD OVERPASS; UPPER MORELAND; 2017-08-27 @ 18:09:46;,,Traffic: VEHICLE FIRE -,2017-08-27 18:09:46,UPPER MORELAND,PENNSYLVANIA TPKE & WELSH RD OVERPASS,1
40.1125640,-75.2710115,BROOKE LN & BUTLER PIKE;  PLYMOUTH; Station 308; 2017-07-18 @ 14:33:55;,19462,EMS: BACK PAINS/INJURY,2017-07-18 14:33:55,PLYMOUTH,BROOKE LN & BUTLER PIKE,1
40.2456734,-75.2796667,BROAD ST & E 6TH ST;  LANSDALE; Station 345; 2017-06-07 @ 18:26:32;,19446,EMS: ABDOMINAL PAINS,2017-06-07 18:26:32,LANSDALE,BROAD ST & E 6TH ST,1
40.4000451,-75.4980091,MAIN ST & E 3RD ST;  PENNSBURG; Station 369; 2018-05-28 @ 08:34:50;,18073,EMS: HEMORRHAGING,2018-05-28 08:34:50,PENNSBURG,MAIN ST & E 3RD ST,1
40.2692662,-75.6205160,N CHARLOTTE ST;  POTTSTOWN; Station 329; 2017-12-14 @ 18:13:31;,19464,EMS: VEHICLE ACCIDENT,2017-12-14 18:13:31,POTTSTOWN,N CHARLOTTE ST,1
40.3309496,-75.3381994,COUNTY LINE RD & WELLINGTON WAY; FRANCONIA; 2019-03-12 @ 07:09:59-Station:STA75;,18969,Fire: VEHICLE ACCIDENT,2019-03-12 07:09:59,FRANCONIA,COUNTY LINE RD & WELLINGTON WAY,1
40.0655201,-75.1430752,SYCAMORE AVE & CHELTENHAM AVE;  CHELTENHAM; Station 358; 2017-09-15 @ 17:54:09;,19027,EMS: FALL VICTIM,2017-09-15 17:54:09,CHELTENHAM,SYCAMORE AVE & CHELTENHAM AVE,1
40.1349890,-75.3477640,CIRCLE DR & LOWER FARM RD;  NORRISTOWN; Station 308A; 2016-02-23 @ 13:26:36;,19403,EMS: CHOKING,2016-02-23 13:26:36,NORRISTOWN,CIRCLE DR & LOWER FARM RD,1
40.4073790,-75.5032698,MAIN ST & 4TH ST; EAST GREENVILLE; 2018-10-29 @ 16:24:30;,18041,Traffic: VEHICLE ACCIDENT -,2018-10-29 16:24:30,EAST GREENVILLE,MAIN ST & 4TH ST,1
40.0818005,-75.2531616,RIDGE PIKE & HARTS LN; WHITEMARSH; 2018-10-02 @ 06:52:06;,19444,Traffic: VEHICLE ACCIDENT -,2018-10-02 06:52:06,WHITEMARSH,RIDGE PIKE & HARTS LN,1
40.1433257,-75.4228190,RT422  & RAMP RT422 EB TO RT363; LOWER PROVIDENCE; 2018-04-05 @ 10:25:54;,,Traffic: VEHICLE ACCIDENT -,2018-04-05 10:25:54,LOWER PROVIDENCE,RT422  & RAMP RT422 EB TO RT363,1
40.0249667,-75.2829046,SCHUYLKILL EXPY & RIGHTERS FERRY RD UNDERPASS; LOWER MERION; 2018-11-04 @ 16:00:57;,,Traffic: VEHICLE ACCIDENT -,2018-11-04 16:00:57,LOWER MERION,SCHUYLKILL EXPY & RIGHTERS FERRY RD UNDERPASS,1
40.1550603,-75.1022513,DAVISVILLE RD & PENNYPACK RD;  UPPER MORELAND; Station 381; 2016-11-11 @ 10:49:00;,19040,EMS: HEAD INJURY,2016-11-11 10:49:00,UPPER MORELAND,DAVISVILLE RD & PENNYPACK RD,1
40.1815508,-75.2163035,RT309 EXPY & RAMP RT309 SB TO NORRISTOWN RD; LOWER GWYNEDD; 2017-08-10 @ 23:30:02;,19002,Traffic: DISABLED VEHICLE -,2017-08-10 23:30:02,LOWER GWYNEDD,RT309 EXPY & RAMP RT309 SB TO NORRISTOWN RD,1
40.0871109,-75.2637024,OAKWYN RD & BALSAM PL;  WHITEMARSH; Station 318; 2016-05-29 @ 11:52:46;,19444,EMS: DIABETIC EMERGENCY,2016-05-29 11:52:46,WHITEMARSH,OAKWYN RD & BALSAM PL,1
40.0683125,-75.3088533,CRAWFORD AVE & BARR HARBOR DR;  WEST CONSHOHOCKEN; Station 313A; 2016-02-19 @ 22:35:37;,19428,EMS: NAUSEA/VOMITING,2016-02-19 22:35:37,WEST CONSHOHOCKEN,CRAWFORD AVE & BARR HARBOR DR,1
40.2773440,-75.2713442,LINE LEXINGTON RD & CLYMER RD; HATFIELD TOWNSHIP; 2020-01-25 @ 12:01:59;,19440,Traffic: HAZARDOUS ROAD CONDITIONS -,2020-01-25 12:01:59,HATFIELD TOWNSHIP,LINE LEXINGTON RD & CLYMER RD,1
40.1117978,-75.3436082,SCHUYLKILL AVE & DEKALB ST; NORRISTOWN; 2016-12-18 @ 20:09:09-Station:STA27;,19401,Fire: FIRE ALARM,2016-12-18 20:09:09,NORRISTOWN,SCHUYLKILL AVE & DEKALB ST,1
40.1299553,-75.3405770,HARDING BLVD;  NORRISTOWN; Station 308A; 2016-08-17 @ 13:06:08;,19401,EMS: VEHICLE ACCIDENT,2016-08-17 13:06:08,NORRISTOWN,HARDING BLVD,1
40.2135545,-75.3296757,MORRIS RD;  WORCESTER; Station 345B; 2019-10-12 @ 03:39:20;,,EMS: UNCONSCIOUS SUBJECT,2019-10-12 03:39:20,WORCESTER,MORRIS RD,1
40.1268942,-75.3608350,W MARSHALL ST;  NORRISTOWN; Station 308A; 2020-01-23 @ 09:09:31;,,EMS: VEHICLE ACCIDENT,2020-01-23 09:09:31,NORRISTOWN,W MARSHALL ST,1
40.1330371,-75.4084631,SHANNONDELL DR & SHANNONDELL BLVD;  LOWER PROVIDENCE; Station 322A; 2019-01-12 @ 16:45:32;,19403,EMS: MEDICAL ALERT ALARM,2019-01-12 16:45:32,LOWER PROVIDENCE,SHANNONDELL DR & SHANNONDELL BLVD,1
40.2165609,-75.2922808,SUMNEYTOWN PIKE & CHURCH RD;  UPPER GWYNEDD; Station 345B; 2020-05-22 @ 10:02:43;,19446,EMS: UNKNOWN MEDICAL EMERGENCY,2020-05-22 10:02:43,UPPER GWYNEDD,SUMNEYTOWN PIKE & CHURCH RD,1
40.2349813,-75.2763380,CHURCH RD & FOREST AVE; LANSDALE; 2016-09-10 @ 10:17:41;,19446,Traffic: VEHICLE ACCIDENT -,2016-09-10 10:17:41,LANSDALE,CHURCH RD & FOREST AVE,1
40.2502002,-75.6546998,MANATAWNY ST & BEECH ST;  POTTSTOWN; Station 329; 2016-02-04 @ 20:28:52;,19464,EMS: HEMORRHAGING,2016-02-04 20:28:52,POTTSTOWN,MANATAWNY ST & BEECH ST,1
40.1089740,-75.2138303,BETHLEHEM PIKE & SPRINGFIELD AVE; SPRINGFIELD; 2018-08-27 @ 17:20:04;,19031,Traffic: VEHICLE ACCIDENT -,2018-08-27 17:20:04,SPRINGFIELD,BETHLEHEM PIKE & SPRINGFIELD AVE,1
40.2290075,-75.3878525,MAIN ST & W BROAD ST;  HATFIELD BORO; Station 345; 2018-10-21 @ 13:38:02;,,EMS: RESPIRATORY EMERGENCY,2018-10-21 13:38:02,HATFIELD BORO,MAIN ST & W BROAD ST,1
40.0245205,-75.3272210,COUNTY LINE RD & MONTROSE AVE; LOWER MERION; 2020-01-04 @ 16:23:36;,19010,Traffic: VEHICLE ACCIDENT -,2020-01-04 16:23:36,LOWER MERION,COUNTY LINE RD & MONTROSE AVE,1
40.1117978,-75.3436082,SCHUYLKILL AVE & DEKALB ST;  NORRISTOWN; Station 308A; 2017-04-15 @ 14:36:16;,19401,EMS: DIABETIC EMERGENCY,2017-04-15 14:36:16,NORRISTOWN,SCHUYLKILL AVE & DEKALB ST,1
40.0593901,-75.1032806,BOYER RD & WALDEN RD; CHELTENHAM; 2017-11-24 @ 13:53:52-Station:STA4;,19012,Fire: VEHICLE ACCIDENT,2017-11-24 13:53:52,CHELTENHAM,BOYER RD & WALDEN RD,1
40.1458472,-75.3215388,GERMANTOWN PIKE & HILLCREST AVE;  EAST NORRITON; Station 308; 2016-02-26 @ 10:06:52;,19401,EMS: FALL VICTIM,2016-02-26 10:06:52,EAST NORRITON,GERMANTOWN PIKE & HILLCREST AVE,1
40.1214025,-75.4198699,ADAMS AVE & MONROE BLVD;  LOWER PROVIDENCE; Station 322A; 2020-03-17 @ 08:27:53;,19403,EMS: OVERDOSE,2020-03-17 08:27:53,LOWER PROVIDENCE,ADAMS AVE & MONROE BLVD,1
40.1533049,-75.2014598,LOCH ALSH AVE & SPARK DR;  UPPER DUBLIN; Station 351; 2018-02-11 @ 18:41:07;,19034,EMS: EMS SPECIAL SERVICE,2018-02-11 18:41:07,UPPER DUBLIN,LOCH ALSH AVE & SPARK DR,1
40.1405049,-75.3108737,GERMANTOWN PIKE & HANNAH AVE; EAST NORRITON; 2017-01-07 @ 09:02:20-Station:STA61;,19401,Fire: FIRE ALARM,2017-01-07 09:02:20,EAST NORRITON,GERMANTOWN PIKE & HANNAH AVE,1
40.3047900,-75.3638279,HARLEYSVILLE PIKE & MEETINGHOUSE RD; FRANCONIA; 2019-02-12 @ 21:34:49;,18969,Traffic: VEHICLE ACCIDENT -,2019-02-12 21:34:49,FRANCONIA,HARLEYSVILLE PIKE & MEETINGHOUSE RD,1
40.2762283,-75.3822671,MAIN ST & KULP RD;  LOWER SALFORD; Station 344; 2019-03-03 @ 23:52:34;,19438,EMS: SUBJECT IN PAIN,2019-03-03 23:52:34,LOWER SALFORD,MAIN ST & KULP RD,1
40.1822107,-75.1832271,LIMEKILN PIKE & MISTY HOLLOW DR;  HORSHAM; Station 352; 2017-01-13 @ 14:00:33;,19002,EMS: UNKNOWN MEDICAL EMERGENCY,2017-01-13 14:00:33,HORSHAM,LIMEKILN PIKE & MISTY HOLLOW DR,1
40.1585699,-75.1802873,LIMEKILN PIKE & DILLON RD;  UPPER DUBLIN; Station 351; 2017-09-19 @ 06:15:51;,19002,EMS: FALL VICTIM,2017-09-19 06:15:51,UPPER DUBLIN,LIMEKILN PIKE & DILLON RD,1
40.1274502,-75.3618445,MARSHALL ST & N MONTGOMERY AVE;  WEST NORRITON; Station 308B; 2016-06-15 @ 13:31:24;,19403,EMS: FALL VICTIM,2016-06-15 13:31:24,WEST NORRITON,MARSHALL ST & N MONTGOMERY AVE,1
40.2530015,-75.6824957,RT422 BYP & RAMP RT422 EB TO S GROSSTOWN RD; WEST POTTSGROVE; 2017-10-10 @ 07:04:31-Station:STA57;,19464,Fire: VEHICLE ACCIDENT,2017-10-10 07:04:31,WEST POTTSGROVE,RT422 BYP & RAMP RT422 EB TO S GROSSTOWN RD,1
40.2644844,-75.6492695,RT100 NB & N STATE ST; UPPER POTTSGROVE; 2017-06-15 @ 17:54:35;,19464,Traffic: DISABLED VEHICLE -,2017-06-15 17:54:35,UPPER POTTSGROVE,RT100 NB & N STATE ST,1
40.2883557,-75.3785374,MAPLE AVE & YODER RD;  FRANCONIA; Station 344; 2016-02-26 @ 08:53:44;,19438,EMS: DIZZINESS,2016-02-26 08:53:44,FRANCONIA,MAPLE AVE & YODER RD,1
40.1817226,-75.3765764,WATER STREET RD & HOLLOW RD; WORCESTER; 2017-10-12 @ 13:33:05-Station:STA83;,19426,Fire: FIRE ALARM,2017-10-12 13:33:05,WORCESTER,WATER STREET RD & HOLLOW RD,1
40.1799653,-75.3119393,SKIPPACK PIKE & CASSEL RD; WORCESTER; 2016-02-06 @ 14:44:26;,19403,Traffic: VEHICLE ACCIDENT -,2016-02-06 14:44:26,WORCESTER,SKIPPACK PIKE & CASSEL RD,1
40.1626490,-75.2169847,HAGUES MILL RD & N BETHLEHEM PIKE; UPPER DUBLIN; 2020-01-19 @ 11:57:37-Station:STA88;,19002,Fire: FIRE ALARM,2020-01-19 11:57:37,UPPER DUBLIN,HAGUES MILL RD & N BETHLEHEM PIKE,1
40.1409197,-75.0935968,EDGEHILL RD;  UPPER MORELAND; Station 381; 2017-01-03 @ 11:20:05;,,EMS: VEHICLE ACCIDENT,2017-01-03 11:20:05,UPPER MORELAND,EDGEHILL RD,1
40.1246349,-75.1172377,OLD YORK RD & WHEATSHEAF LN; ABINGTON; 2017-03-20 @ 14:54:57-Station:STA100;,19001,Fire: FIRE ALARM,2017-03-20 14:54:57,ABINGTON,OLD YORK RD & WHEATSHEAF LN,1
40.2288994,-75.2624611,WELSH RD & NORTH WALES RD;  MONTGOMERY; Station 345A; 2017-08-14 @ 12:12:09;,19454,EMS: UNCONSCIOUS SUBJECT,2017-08-14 12:12:09,MONTGOMERY,WELSH RD & NORTH WALES RD,1
40.2290075,-75.3878525,RT422  & TURNPIKE OVERPASS; CHESTER COUNTY; 2018-06-01 @ 14:13:47;,,Traffic: ROAD OBSTRUCTION -,2018-06-01 14:13:47,CHESTER COUNTY,RT422  & TURNPIKE OVERPASS,1
40.2470909,-75.6532847,KING ST & VANBUSKIRK ALY;  POTTSTOWN; Station 329; 2016-05-24 @ 09:06:45;,19464,EMS: GENERAL WEAKNESS,2016-05-24 09:06:45,POTTSTOWN,KING ST & VANBUSKIRK ALY,1
40.2513703,-75.4657098,PERKIOMEN AVE & 3RD ST;  SCHWENKSVILLE; Station 308C; 2019-10-07 @ 16:45:50;,19473,EMS: HEAD INJURY,2019-10-07 16:45:50,SCHWENKSVILLE,PERKIOMEN AVE & 3RD ST,1
40.2497852,-75.6513297,BEECH ST & MCCLELLAN ALY; POTTSTOWN; 2017-11-19 @ 06:29:34-Station:STA69;,19464,Fire: ELECTRICAL FIRE OUTSIDE,2017-11-19 06:29:34,POTTSTOWN,BEECH ST & MCCLELLAN ALY,1
40.1456775,-75.0938285,BRENDAN CIR & TERWOOD RD;  UPPER MORELAND; Station 381; 2017-01-20 @ 19:35:30;,19006,EMS: RESPIRATORY EMERGENCY,2017-01-20 19:35:30,UPPER MORELAND,BRENDAN CIR & TERWOOD RD,1
40.1324422,-75.2031093,RAMP RT309 SB TO I276  & RAMP RT309 SB TO PENNSYLVANIA AVE; UPPER DUBLIN; 2017-02-13 @ 08:35:43;,,Traffic: VEHICLE ACCIDENT -,2017-02-13 08:35:43,UPPER DUBLIN,RAMP RT309 SB TO I276  & RAMP RT309 SB TO PENNSYLVANIA AVE,1
40.1666567,-75.1464961,BUSINESS CENTER DR & DRESHER RD;  HORSHAM; Station 352; 2017-05-18 @ 17:52:28;,19044,EMS: RESPIRATORY EMERGENCY,2017-05-18 17:52:28,HORSHAM,BUSINESS CENTER DR & DRESHER RD,1
40.1176050,-75.1202430,OLD YORK RD & HORACE AVE; ABINGTON; 2019-01-10 @ 09:42:01;,19001,Traffic: VEHICLE ACCIDENT -,2019-01-10 09:42:01,ABINGTON,OLD YORK RD & HORACE AVE,1
40.2413204,-75.2428276,NORTH WALES RD & BETHLEHEM PIKE; MONTGOMERY; 2019-11-15 @ 20:38:43;,19454,Traffic: DISABLED VEHICLE -,2019-11-15 20:38:43,MONTGOMERY,NORTH WALES RD & BETHLEHEM PIKE,1
40.0078330,-75.2908160,LANCASTER AVE & STATION AVE;  LOWER MERION; Station 313; 2017-06-13 @ 19:32:11;,19003,EMS: FALL VICTIM,2017-06-13 19:32:11,LOWER MERION,LANCASTER AVE & STATION AVE,1
40.0930758,-75.1619148,LIMEKILN PIKE & W CHURCH RD; CHELTENHAM; 2020-03-19 @ 05:20:14;,19038,Traffic: VEHICLE ACCIDENT -,2020-03-19 05:20:14,CHELTENHAM,LIMEKILN PIKE & W CHURCH RD,1
40.2394356,-75.2362381,HORSHAM RD & DOYLESTOWN PIKE;  MONTGOMERY; Station 345A; 2016-05-31 @ 16:40:10;,,EMS: VEHICLE ACCIDENT,2016-05-31 16:40:10,MONTGOMERY,HORSHAM RD & DOYLESTOWN PIKE,1
40.0077190,-75.2501150,MONTGOMERY AVE & WINDING WAY; LOWER MERION; 2019-12-09 @ 16:20:33;,19066,Traffic: DISABLED VEHICLE -,2019-12-09 16:20:33,LOWER MERION,MONTGOMERY AVE & WINDING WAY,1
40.2252093,-75.1877490,LIMEKILN PIKE & CHESTNUT LN; HORSHAM; 2016-10-28 @ 09:18:34;,19002,Traffic: ROAD OBSTRUCTION -,2016-10-28 09:18:34,HORSHAM,LIMEKILN PIKE & CHESTNUT LN,1
39.9939300,-75.2848880,WYNNEWOOD RD & KNOX RD;  LOWER MERION; Station 313; 2015-12-14 @ 07:02:03;,19096,EMS: RESPIRATORY EMERGENCY,2015-12-14 07:02:03,LOWER MERION,WYNNEWOOD RD & KNOX RD,1
40.1519788,-75.2138428,CHURCH ST & ROSEMARY AVE; AMBLER; 2019-10-10 @ 08:10:25;,19002,Traffic: VEHICLE ACCIDENT -,2019-10-10 08:10:25,AMBLER,CHURCH ST & ROSEMARY AVE,1
40.1793752,-75.2362381,RT309 EXPY & NORRISTOWN RD UNDERPASS; LOWER GWYNEDD; 2016-04-03 @ 00:12:35;,,Traffic: DISABLED VEHICLE -,2016-04-03 00:12:35,LOWER GWYNEDD,RT309 EXPY & NORRISTOWN RD UNDERPASS,1
40.1564481,-75.1220797,EASTON RD & ANDREA DR;  UPPER MORELAND; Station 381; 2018-06-05 @ 15:36:07;,19090,EMS: SUBJECT IN PAIN,2018-06-05 15:36:07,UPPER MORELAND,EASTON RD & ANDREA DR,1
40.1915610,-75.2303616,BETHLEHEM PIKE & MOORE DR; LOWER GWYNEDD; 2018-11-15 @ 15:05:08;,19002,Traffic: DISABLED VEHICLE -,2018-11-15 15:05:08,LOWER GWYNEDD,BETHLEHEM PIKE & MOORE DR,1
40.2539610,-75.6511878,REYNOLDS AVE & JOHNSON ST;  POTTSTOWN; Station 329; 2018-08-07 @ 18:28:10;,19464,EMS: HEAD INJURY,2018-08-07 18:28:10,POTTSTOWN,REYNOLDS AVE & JOHNSON ST,1
40.1176050,-75.1202430,OLD YORK RD & HORACE AVE; ABINGTON; 2017-06-20 @ 14:32:59;,19001,Traffic: VEHICLE ACCIDENT -,2017-06-20 14:32:59,ABINGTON,OLD YORK RD & HORACE AVE,1
40.1410269,-75.0345119,KEATS RD & BRAE BOURN DR;  LOWER MORELAND; Station 355; 2017-01-22 @ 14:04:24;,19006,EMS: CARDIAC ARREST,2017-01-22 14:04:24,LOWER MORELAND,KEATS RD & BRAE BOURN DR,1
39.9866944,-75.2569627,CITY AVE & HOLLINGSWORTH RD; LOWER MERION; 2016-04-30 @ 11:31:53;,19151,Traffic: VEHICLE ACCIDENT -,2016-04-30 11:31:53,LOWER MERION,CITY AVE & HOLLINGSWORTH RD,1
40.1116310,-75.1213960,VALLEY RD & PAUL BROOK LN; ABINGTON; 2016-10-06 @ 16:12:42;,19001,Traffic: VEHICLE ACCIDENT -,2016-10-06 16:12:42,ABINGTON,VALLEY RD & PAUL BROOK LN,1
40.1246946,-75.3645164,W MAIN ST;  NORRISTOWN; Station 308A; 2020-05-20 @ 01:40:13;,,EMS: SUBJECT IN PAIN,2020-05-20 01:40:13,NORRISTOWN,W MAIN ST,1
39.9976519,-75.2645969,PARKVIEW DR & NICHOLSON RD;  LOWER MERION; Station 313; 2017-05-25 @ 09:50:36;,19096,EMS: UNRESPONSIVE SUBJECT,2017-05-25 09:50:36,LOWER MERION,PARKVIEW DR & NICHOLSON RD,1
40.3977880,-75.4938630,MACOBY ST & E 5TH ST;  PENNSBURG; Station 369; 2018-09-19 @ 16:44:08;,18073,EMS: HEMORRHAGING,2018-09-19 16:44:08,PENNSBURG,MACOBY ST & E 5TH ST,1
40.1207984,-75.3407041,SWEDE ST & W ELM ST; NORRISTOWN; 2019-04-06 @ 22:46:50-Station:STA27;,19401,Fire: GAS-ODOR/LEAK,2019-04-06 22:46:50,NORRISTOWN,SWEDE ST & W ELM ST,1
40.2890267,-75.3995896,MAIN ST & OLD SUMNEYTOWN PIKE;  LOWER SALFORD; Station 344; 2019-02-04 @ 09:36:02;,19438,EMS: ABDOMINAL PAINS,2019-02-04 09:36:02,LOWER SALFORD,MAIN ST & OLD SUMNEYTOWN PIKE,1
40.1532684,-75.1895576,RT309 EXPY & E BUTLER PIKE UNDERPASS; UPPER DUBLIN; 2019-08-23 @ 10:36:32;,,Traffic: VEHICLE FIRE -,2019-08-23 10:36:32,UPPER DUBLIN,RT309 EXPY & E BUTLER PIKE UNDERPASS,1
40.0668530,-75.1345260,OLD YORK RD & MELROSE AVE; CHELTENHAM; 2016-12-18 @ 14:12:14;,19027,Traffic: ROAD OBSTRUCTION -,2016-12-18 14:12:14,CHELTENHAM,OLD YORK RD & MELROSE AVE,1
40.1247752,-75.2931878,GERMANTOWN PIKE & HALLOWELL RD;  PLYMOUTH; Station 308; 2020-02-22 @ 01:41:20;,19462,EMS: CARDIAC EMERGENCY,2020-02-22 01:41:20,PLYMOUTH,GERMANTOWN PIKE & HALLOWELL RD,1
40.3715764,-75.4822903,MAIN ST & E 3RD ST;  RED HILL; Station 369; 2016-04-30 @ 15:25:43;,18076,EMS: HEAD INJURY,2016-04-30 15:25:43,RED HILL,MAIN ST & E 3RD ST,1
40.4083768,-75.5060092,JEFFERSON ST & W 5TH ST;  EAST GREENVILLE; Station 369; 2016-07-11 @ 12:50:17;,18041,EMS: FALL VICTIM,2016-07-11 12:50:17,EAST GREENVILLE,JEFFERSON ST & W 5TH ST,1
40.1784422,-75.1285061,PROSPECT AVE & SAW MILL LN;  HORSHAM; Station 352; 2017-11-08 @ 08:11:52;,,EMS: DIZZINESS,2017-11-08 08:11:52,HORSHAM,PROSPECT AVE & SAW MILL LN,1
40.0110323,-75.2931520,MONTGOMERY AVE & VALLEY RD;  LOWER MERION; Station 313; 2017-07-02 @ 20:14:24;,19003,EMS: MEDICAL ALERT ALARM,2017-07-02 20:14:24,LOWER MERION,MONTGOMERY AVE & VALLEY RD,1
40.3852756,-75.4867549,11TH ST & AVONDALE DR;  PENNSBURG; Station 369; 2015-12-29 @ 10:31:43;,18073,EMS: RESPIRATORY EMERGENCY,2015-12-29 10:31:43,PENNSBURG,11TH ST & AVONDALE DR,1
40.0679589,-75.1156266,NEW SECOND ST & TOOKANY CREEK PKWY; CHELTENHAM; 2018-12-28 @ 17:48:12;,19027,Traffic: DISABLED VEHICLE -,2018-12-28 17:48:12,CHELTENHAM,NEW SECOND ST & TOOKANY CREEK PKWY,1
40.1915457,-75.1512422,HORSHAM RD & HALLOWELL AVE; HORSHAM; 2016-03-13 @ 21:36:52;,19044,Traffic: VEHICLE ACCIDENT -,2016-03-13 21:36:52,HORSHAM,HORSHAM RD & HALLOWELL AVE,1
40.1754816,-75.4561981,PEPPER DR & PERKIOMEN BLVD;  UPPER PROVIDENCE; Station 324; 2016-01-21 @ 12:29:46;,19426,EMS: FALL VICTIM,2016-01-21 12:29:46,UPPER PROVIDENCE,PEPPER DR & PERKIOMEN BLVD,1
40.1050151,-75.4165358,PENN CIR & OLD FORGE LN;  UPPER MERION; Station 317; 2018-06-15 @ 11:28:54;,19406,EMS: NAUSEA/VOMITING,2018-06-15 11:28:54,UPPER MERION,PENN CIR & OLD FORGE LN,1
40.0607625,-75.3510183,GULPH HILLS RD & UPPER GULPH RD; UPPER MERION; 2017-01-25 @ 17:40:25-Station:STA48;,19087,Fire: FIRE ALARM,2017-01-25 17:40:25,UPPER MERION,GULPH HILLS RD & UPPER GULPH RD,1
40.1741312,-75.0984907,WARMINSTER RD & BYBERRY RD;  HATBORO; Station 384; 2017-10-04 @ 14:36:16;,19040,EMS: SYNCOPAL EPISODE,2017-10-04 14:36:16,HATBORO,WARMINSTER RD & BYBERRY RD,1
40.2224890,-75.2667775,HANCOCK RD & MARLYNS LN;  UPPER GWYNEDD; Station 345A; 2017-12-13 @ 19:39:31;,19454,EMS: GENERAL WEAKNESS,2017-12-13 19:39:31,UPPER GWYNEDD,HANCOCK RD & MARLYNS LN,1
40.0335780,-75.2670955,SCHUYLKILL EXPY & CONSHOHOCKEN STATE UNDERPASS; LOWER MERION; 2019-03-18 @ 16:10:57;,,Traffic: VEHICLE ACCIDENT -,2019-03-18 16:10:57,LOWER MERION,SCHUYLKILL EXPY & CONSHOHOCKEN STATE UNDERPASS,1
40.1874778,-75.1779653,LANGDON AVE & GILMAN RD;  HORSHAM; Station 352; 2016-07-29 @ 20:47:29;,19044,EMS: FALL VICTIM,2016-07-29 20:47:29,HORSHAM,LANGDON AVE & GILMAN RD,1
40.1293311,-75.3080788,BELVOIR RD & VALLEY RD;  PLYMOUTH; Station 308; 2017-10-06 @ 20:35:30;,19462,EMS: CARDIAC EMERGENCY,2017-10-06 20:35:30,PLYMOUTH,BELVOIR RD & VALLEY RD,1
40.0810512,-75.2889481,ROBERTS AVE & DURANT ST;  WHITEMARSH; Station 318; 2018-10-11 @ 12:37:36;,19428,EMS: UNKNOWN MEDICAL EMERGENCY,2018-10-11 12:37:36,WHITEMARSH,ROBERTS AVE & DURANT ST,1
40.1815508,-75.2163035,NORRISTOWN RD;  LOWER GWYNEDD; Station 351; 2019-05-22 @ 21:51:25;,19002,EMS: VEHICLE ACCIDENT,2019-05-22 21:51:25,LOWER GWYNEDD,NORRISTOWN RD,1
40.2391632,-75.3045683,VALLEY FORGE RD & BOYD AVE;  UPPER GWYNEDD; Station 345B; 2017-08-07 @ 19:03:06;,19446,EMS: FALL VICTIM,2017-08-07 19:03:06,UPPER GWYNEDD,VALLEY FORGE RD & BOYD AVE,1
40.1816167,-75.2312638,PENLLYN PIKE & FOXFIELD RD;  LOWER GWYNEDD; Station 351; 2018-10-27 @ 10:21:48;,19002,EMS: CARDIAC EMERGENCY,2018-10-27 10:21:48,LOWER GWYNEDD,PENLLYN PIKE & FOXFIELD RD,1
40.0746954,-75.3054689,E 2ND AVE & FAYETTE ST; CONSHOHOCKEN; 2016-04-29 @ 15:23:01;,19428,Traffic: VEHICLE ACCIDENT -,2016-04-29 15:23:01,CONSHOHOCKEN,E 2ND AVE & FAYETTE ST,1
39.9961161,-75.2373430,CITY AVE & ORCHARD RD;  LOWER MERION; Station 313; 2017-11-22 @ 20:33:05;,19066,EMS: RESPIRATORY EMERGENCY,2017-11-22 20:33:05,LOWER MERION,CITY AVE & ORCHARD RD,1
40.4062489,-75.4724699,BUCK RD & GERYVILLE PIKE; UPPER HANOVER; 2019-12-09 @ 12:38:04-Station:STA65;,18073,Fire: FIRE SPECIAL SERVICE,2019-12-09 12:38:04,UPPER HANOVER,BUCK RD & GERYVILLE PIKE,1
40.2484687,-75.3357898,FORTY FOOT RD & WILLIAMSBURG WAY; TOWAMENCIN; 2016-01-15 @ 08:12:56;,19446,Traffic: DISABLED VEHICLE -,2016-01-15 08:12:56,TOWAMENCIN,FORTY FOOT RD & WILLIAMSBURG WAY,1
40.3143122,-75.3239316,N 2ND ST; SOUDERTON; 2016-12-15 @ 16:38:35-Station:STA74;,18964,Fire: FIRE ALARM,2016-12-15 16:38:35,SOUDERTON,N 2ND ST,1
40.2381025,-75.3352343,FAIRVIEW WAY & IDE DR;  TOWAMENCIN; Station 345B; 2019-11-17 @ 06:12:10;,19446,EMS: UNCONSCIOUS SUBJECT,2019-11-17 06:12:10,TOWAMENCIN,FAIRVIEW WAY & IDE DR,1
40.2492755,-75.2761204,BROAD ST & HATFIELD ST;  HATFIELD TOWNSHIP; Station 345; 2017-08-22 @ 12:12:17;,19446,EMS: CARDIAC EMERGENCY,2017-08-22 12:12:17,HATFIELD TOWNSHIP,BROAD ST & HATFIELD ST,1
40.0154287,-75.3001701,MONTGOMERY AVE & OLD LANCASTER RD;  LOWER MERION; Station 313; 2018-01-28 @ 16:17:23;,19041,EMS: NAUSEA/VOMITING,2018-01-28 16:17:23,LOWER MERION,MONTGOMERY AVE & OLD LANCASTER RD,1
40.1720819,-75.3992409,KRIEBEL MILL RD & GERMANTOWN PIKE;  WORCESTER; Station 322; 2018-12-16 @ 05:02:49;,19426,EMS: RESPIRATORY EMERGENCY,2018-12-16 05:02:49,WORCESTER,KRIEBEL MILL RD & GERMANTOWN PIKE,1
40.0809133,-75.2026651,EVERGREEN AVE & STENTON AVE;  SPRINGFIELD; Station 311; 2015-12-14 @ 11:34:28;,19038,EMS: ALLERGIC REACTION,2015-12-14 11:34:28,SPRINGFIELD,EVERGREEN AVE & STENTON AVE,1
40.2540144,-75.6456854,N HANOVER ST & OAK ST; POTTSTOWN; 2016-02-13 @ 07:11:41;,19464,Traffic: ROAD OBSTRUCTION -,2016-02-13 07:11:41,POTTSTOWN,N HANOVER ST & OAK ST,1
40.0380240,-75.2802470,YOUNGS FORD RD & RIGHTERS MILL RD; LOWER MERION; 2017-11-25 @ 10:02:50-Station:STA24;,19035,Fire: VEHICLE ACCIDENT,2017-11-25 10:02:50,LOWER MERION,YOUNGS FORD RD & RIGHTERS MILL RD,1
40.0247354,-75.3189319,MONTGOMERY AVE & N MERION AVE;  LOWER MERION; Station 313; 2020-05-22 @ 19:01:46;,19010,EMS: HEMORRHAGING,2020-05-22 19:01:46,LOWER MERION,MONTGOMERY AVE & N MERION AVE,1
40.0072359,-75.2137950,E CITY AVE & MONUMENT RD; LOWER MERION; 2017-06-28 @ 12:14:24;,19131,Traffic: VEHICLE ACCIDENT -,2017-06-28 12:14:24,LOWER MERION,E CITY AVE & MONUMENT RD,1
40.2048367,-75.2228211,W WELSH RD & LOWER STATE RD; LOWER GWYNEDD; 2019-07-31 @ 15:36:46;,19002,Traffic: ROAD OBSTRUCTION -,2019-07-31 15:36:46,LOWER GWYNEDD,W WELSH RD & LOWER STATE RD,1
40.0955556,-75.1225038,WASHINGTON LN & VERNON RD;  ABINGTON; Station 382; 2018-11-20 @ 10:49:11;,19046,EMS: SYNCOPAL EPISODE,2018-11-20 10:49:11,ABINGTON,WASHINGTON LN & VERNON RD,1
40.1198644,-75.4295623,AUDUBON RD & THRUSH LN; LOWER PROVIDENCE; 2018-09-03 @ 06:22:39;,19403,Traffic: VEHICLE ACCIDENT -,2018-09-03 06:22:39,LOWER PROVIDENCE,AUDUBON RD & THRUSH LN,1
40.0972222,-75.3761952,RT202 BYP; UPPER MERION; 2018-12-26 @ 12:55:57-Station:STA49;,,Fire: VEHICLE FIRE,2018-12-26 12:55:57,UPPER MERION,RT202 BYP,1
40.2898451,-75.6299975,ROSE VALLEY RD & MAPLELEAF LN;  UPPER POTTSGROVE; Station 329B; 2019-06-09 @ 18:59:11;,19464,EMS: HEAD INJURY,2019-06-09 18:59:11,UPPER POTTSGROVE,ROSE VALLEY RD & MAPLELEAF LN,1
40.2519928,-75.6048808,KEPLER RD & POTTER DR; LOWER POTTSGROVE; 2019-03-24 @ 21:43:57;,19464,Traffic: VEHICLE ACCIDENT -,2019-03-24 21:43:57,LOWER POTTSGROVE,KEPLER RD & POTTER DR,1
40.1488579,-75.1295343,FITZWATERTOWN RD & MORELAND RD; ABINGTON; 2017-02-23 @ 12:30:52;,19090,Traffic: VEHICLE ACCIDENT -,2017-02-23 12:30:52,ABINGTON,FITZWATERTOWN RD & MORELAND RD,1
40.0875819,-75.2452804,JACKSON DR & HAIN DR; WHITEMARSH; 2017-09-27 @ 16:08:28-Station:STA29;,19444,Fire: WOODS/FIELD FIRE,2017-09-27 16:08:28,WHITEMARSH,JACKSON DR & HAIN DR,1
40.0249667,-75.2829046,SCHUYLKILL EXPY & RAMP BELMONT AVE TO I76 WB;  LOWER MERION; Station 313; 2017-03-14 @ 13:59:31;,,EMS: VEHICLE ACCIDENT,2017-03-14 13:59:31,LOWER MERION,SCHUYLKILL EXPY & RAMP BELMONT AVE TO I76 WB,1
40.1607092,-75.1495402,WELSH RD & DRESHERTOWN RD; UPPER DUBLIN; 2018-03-06 @ 15:54:47;,19025,Traffic: VEHICLE ACCIDENT -,2018-03-06 15:54:47,UPPER DUBLIN,WELSH RD & DRESHERTOWN RD,1
40.0097065,-75.2904010,W MONTGOMERY AVE & MILL CREEK RD; LOWER MERION; 2018-10-11 @ 05:21:21;,19003,Traffic: VEHICLE ACCIDENT -,2018-10-11 05:21:21,LOWER MERION,W MONTGOMERY AVE & MILL CREEK RD,1
40.0084820,-75.2806160,MONTGOMERY AVE & CHURCH RD; LOWER MERION; 2018-03-13 @ 07:54:23;,19003,Traffic: VEHICLE ACCIDENT -,2018-03-13 07:54:23,LOWER MERION,MONTGOMERY AVE & CHURCH RD,1
40.0812601,-75.1370254,JOHN RUSSELL CIR & COMPOUND 28;  CHELTENHAM; Station 358; 2019-11-22 @ 13:08:33;,,EMS: NAUSEA/VOMITING,2019-11-22 13:08:33,CHELTENHAM,JOHN RUSSELL CIR & COMPOUND 28,1
40.1558109,-75.4854115,S COLLEGEVILLE RD & BLACK ROCK RD; UPPER PROVIDENCE; 2017-03-12 @ 09:53:06;,19460,Traffic: VEHICLE ACCIDENT -,2017-03-12 09:53:06,UPPER PROVIDENCE,S COLLEGEVILLE RD & BLACK ROCK RD,1
40.1194324,-75.1664773,ELM AVE & LIMEKILN PIKE;  ABINGTON; Station 383; 2018-08-09 @ 15:30:16;,,EMS: UNRESPONSIVE SUBJECT,2018-08-09 15:30:16,ABINGTON,ELM AVE & LIMEKILN PIKE,1
40.2151851,-75.2559929,FOREST LN & HANCOCK RD; UPPER GWYNEDD; 2016-02-27 @ 17:20:10;,19454,Traffic: VEHICLE ACCIDENT -,2016-02-27 17:20:10,UPPER GWYNEDD,FOREST LN & HANCOCK RD,1
40.2959348,-75.4543440,EXTENSION PENNSYLVANIA TPKE & S DIETZ MILL RD UNDERPASS; SALFORD; 2019-06-06 @ 11:19:19;,19438,Traffic: ROAD OBSTRUCTION -,2019-06-06 11:19:19,SALFORD,EXTENSION PENNSYLVANIA TPKE & S DIETZ MILL RD UNDERPASS,1
40.1624836,-75.0909396,PENNSYLVANIA TPKE & DAVISVILLE RD OVERPASS;  UPPER MORELAND; Station 384; 2019-01-24 @ 16:26:03;,19040,EMS: VEHICLE ACCIDENT,2019-01-24 16:26:03,UPPER MORELAND,PENNSYLVANIA TPKE & DAVISVILLE RD OVERPASS,1
40.0072359,-75.2137950,CITY AVE & MONUMENT RD; LOWER MERION; 2016-07-06 @ 18:08:55;,19131,Traffic: VEHICLE ACCIDENT -,2016-07-06 18:08:55,LOWER MERION,CITY AVE & MONUMENT RD,1
40.1242868,-75.3074406,BELVOIR RD & PARK DR; PLYMOUTH; 2018-02-13 @ 09:43:42;,19462,Traffic: HAZARDOUS ROAD CONDITIONS -,2018-02-13 09:43:42,PLYMOUTH,BELVOIR RD & PARK DR,1
40.1102993,-75.1545237,TYSON AVE & GENEVA AVE;  ABINGTON; Station 383; 2017-09-23 @ 21:27:36;,19038,EMS: GENERAL WEAKNESS,2017-09-23 21:27:36,ABINGTON,TYSON AVE & GENEVA AVE,1
40.2144408,-75.4102199,CHELSEA WAY & CREAMERY RD;  SKIPPACK; Station 336; 2017-09-19 @ 18:43:01;,19426,EMS: FRACTURE,2017-09-19 18:43:01,SKIPPACK,CHELSEA WAY & CREAMERY RD,1
40.2020634,-75.5125452,S TOWNSHIP LINE RD & RITTENHOUSE RD; UPPER PROVIDENCE; 2018-01-12 @ 12:11:45;,19468,Traffic: DISABLED VEHICLE -,2018-01-12 12:11:45,UPPER PROVIDENCE,S TOWNSHIP LINE RD & RITTENHOUSE RD,1
40.2677171,-75.2911755,TARRINGTON WAY & ORVILLA RD;  HATFIELD TOWNSHIP; Station 345; 2018-08-11 @ 08:28:25;,19440,EMS: CARDIAC EMERGENCY,2018-08-11 08:28:25,HATFIELD TOWNSHIP,TARRINGTON WAY & ORVILLA RD,1
40.1349890,-75.3477640,CIRCLE DR & LOWER FARM RD;  NORRISTOWN; Station 308A; 2018-04-30 @ 17:06:27;,19403,EMS: UNKNOWN MEDICAL EMERGENCY,2018-04-30 17:06:27,NORRISTOWN,CIRCLE DR & LOWER FARM RD,1
40.3277332,-75.6140453,BARTMAN AVE;  DOUGLASS; Station 332; 2017-11-06 @ 12:08:15;,19525,EMS: VEHICLE ACCIDENT,2017-11-06 12:08:15,DOUGLASS,BARTMAN AVE,1
40.1177381,-75.3020708,SANDY HILL RD & HALLOWELL RD;  PLYMOUTH; Station 308; 2017-10-30 @ 07:09:54;,19462,EMS: NAUSEA/VOMITING,2017-10-30 07:09:54,PLYMOUTH,SANDY HILL RD & HALLOWELL RD,1
40.2515532,-75.5869200,SOUTHVIEW DR & SUNNYSLOPE DR;  LOWER POTTSGROVE; Station 329B; 2018-12-25 @ 14:58:16;,19464,EMS: UNKNOWN MEDICAL EMERGENCY,2018-12-25 14:58:16,LOWER POTTSGROVE,SOUTHVIEW DR & SUNNYSLOPE DR,1
40.1003438,-75.2939548,CHEMICAL RD & GALLAGHER RD;  PLYMOUTH; Station 308; 2016-02-13 @ 19:48:49;,19462,EMS: VEHICLE ACCIDENT,2016-02-13 19:48:49,PLYMOUTH,CHEMICAL RD & GALLAGHER RD,1
40.1354703,-75.3966887,MILL RD & S TROOPER RD; LOWER PROVIDENCE; 2017-09-06 @ 07:00:32;,19403,Traffic: VEHICLE ACCIDENT -,2017-09-06 07:00:32,LOWER PROVIDENCE,MILL RD & S TROOPER RD,1
40.1868393,-75.1540666,NORRISTOWN RD & LOCUST LN;  HORSHAM; Station 352; 2018-01-25 @ 22:22:19;,19044,EMS: HEAD INJURY,2018-01-25 22:22:19,HORSHAM,NORRISTOWN RD & LOCUST LN,1
40.1414692,-75.3905947,S TROOPER RD & OAKDALE AVE; LOWER PROVIDENCE; 2016-06-15 @ 16:13:22;,19403,Traffic: VEHICLE ACCIDENT -,2016-06-15 16:13:22,LOWER PROVIDENCE,S TROOPER RD & OAKDALE AVE,1
40.1456253,-75.1747499,SUSQUEHANNA RD & WATER TOWER DR;  UPPER DUBLIN; Station 351; 2017-10-08 @ 17:56:36;,19025,EMS: RESPIRATORY EMERGENCY,2017-10-08 17:56:36,UPPER DUBLIN,SUSQUEHANNA RD & WATER TOWER DR,1
40.3904790,-75.5037992,OAK RD & MONTGOMERY AVE; UPPER HANOVER; 2016-02-29 @ 01:17:33-Station:STA65;,18073,Fire: FIRE SPECIAL SERVICE,2016-02-29 01:17:33,UPPER HANOVER,OAK RD & MONTGOMERY AVE,1
40.0865385,-75.3862840,W DEKALB PIKE & MALL BLVD; UPPER MERION; 2018-03-31 @ 18:01:02;,19406,Traffic: VEHICLE ACCIDENT -,2018-03-31 18:01:02,UPPER MERION,W DEKALB PIKE & MALL BLVD,1
40.2711879,-75.6474815,STATE ST & LEVENGOOD RD;  UPPER POTTSGROVE; Station 332; 2020-02-16 @ 22:29:38;,19464,EMS: RESPIRATORY EMERGENCY,2020-02-16 22:29:38,UPPER POTTSGROVE,STATE ST & LEVENGOOD RD,1
40.2207629,-75.4691855,KAGEY RD & WARTMAN RD; PERKIOMEN; 2016-06-05 @ 01:36:53;,19426,Traffic: VEHICLE ACCIDENT -,2016-06-05 01:36:53,PERKIOMEN,KAGEY RD & WARTMAN RD,1
40.3807329,-75.4854675,MAIN ST & W 8TH ST; RED HILL; 2017-07-28 @ 01:38:03;,18076,Traffic: VEHICLE ACCIDENT -,2017-07-28 01:38:03,RED HILL,MAIN ST & W 8TH ST,1
40.2428238,-75.2824703,3RD ST & N BROAD ST;  LANSDALE; Station 345; 2018-10-18 @ 03:22:33;,19446,EMS: MEDICAL ALERT ALARM,2018-10-18 03:22:33,LANSDALE,3RD ST & N BROAD ST,1
40.3153541,-75.3694259,INDIAN CREEK RD & ALLENTOWN RD;  FRANCONIA; Station 339; 2016-08-02 @ 20:22:04;,18969,EMS: VEHICLE ACCIDENT,2016-08-02 20:22:04,FRANCONIA,INDIAN CREEK RD & ALLENTOWN RD,1
40.1130613,-75.1192289,SUSQUEHANNA RD & HUNTINGDON RD;  ABINGTON; Station 381; 2016-11-25 @ 09:37:03;,19046,EMS: HEAD INJURY,2016-11-25 09:37:03,ABINGTON,SUSQUEHANNA RD & HUNTINGDON RD,1
40.1793752,-75.2362381,FRANCIS AVE & DEAD END;  LOWER GWYNEDD; Station 351; 2017-08-21 @ 14:24:42;,,EMS: MEDICAL ALERT ALARM,2017-08-21 14:24:42,LOWER GWYNEDD,FRANCIS AVE & DEAD END,1
40.2853304,-75.3592170,EXTENSION PENNSYLVANIA TPKE & SCHOOLHOUSE RD ACCESS GATE; SALFORD; 2020-06-05 @ 14:34:38;,,Traffic: VEHICLE ACCIDENT -,2020-06-05 14:34:38,SALFORD,EXTENSION PENNSYLVANIA TPKE & SCHOOLHOUSE RD ACCESS GATE,1
40.2675375,-75.6344960,HANOVER ST & MERVINE ST;  UPPER POTTSGROVE; Station 329B; 2018-09-25 @ 12:36:00;,19464,EMS: RESPIRATORY EMERGENCY,2018-09-25 12:36:00,UPPER POTTSGROVE,HANOVER ST & MERVINE ST,1
40.1084218,-75.3192130,FAIRFIELD RD & HAWS ALY;  PLYMOUTH; Station 308A; 2019-05-05 @ 05:12:38;,19462,EMS: NAUSEA/VOMITING,2019-05-05 05:12:38,PLYMOUTH,FAIRFIELD RD & HAWS ALY,1
40.1617733,-75.3798431,VALLEY FORGE RD & GERMANTOWN PIKE; WORCESTER; 2020-02-26 @ 08:54:08;,19403,Traffic: VEHICLE ACCIDENT -,2020-02-26 08:54:08,WORCESTER,VALLEY FORGE RD & GERMANTOWN PIKE,1
40.1189549,-75.3418507,SWEDE ST & E OAK ST; NORRISTOWN; 2017-01-21 @ 10:52:21;,19401,Traffic: DISABLED VEHICLE -,2017-01-21 10:52:21,NORRISTOWN,SWEDE ST & E OAK ST,1
40.0832460,-75.1276890,OLD YORK RD & MEETINGHOUSE RD;  CHELTENHAM; Station 358; 2017-11-20 @ 18:03:30;,19027,EMS: UNKNOWN MEDICAL EMERGENCY,2017-11-20 18:03:30,CHELTENHAM,OLD YORK RD & MEETINGHOUSE RD,1
40.2337131,-75.4636031,HIGHLAND MANOR DR & DEAD END;  PERKIOMEN; Station 308C; 2017-02-09 @ 05:12:49;,,EMS: UNKNOWN MEDICAL EMERGENCY,2017-02-09 05:12:49,PERKIOMEN,HIGHLAND MANOR DR & DEAD END,1
40.0972222,-75.3761952,RAMP I76 WB TO RT422  & RAMP I76 WB TO RT202 SB; UPPER MERION; 2017-06-20 @ 21:40:22;,,Traffic: DISABLED VEHICLE -,2017-06-20 21:40:22,UPPER MERION,RAMP I76 WB TO RT422  & RAMP I76 WB TO RT202 SB,1
40.1830024,-75.1161257,BLAIR MILL RD & W MORELAND AVE;  UPPER MORELAND; Station 384; 2016-09-25 @ 22:03:42;,19044,EMS: DIABETIC EMERGENCY,2016-09-25 22:03:42,UPPER MORELAND,BLAIR MILL RD & W MORELAND AVE,1
40.1484207,-75.0438650,BROADMOOR RD & WARFIELD DR;  LOWER MORELAND; Station 355; 2018-11-20 @ 09:34:30;,19006,EMS: CARDIAC EMERGENCY,2018-11-20 09:34:30,LOWER MORELAND,BROADMOOR RD & WARFIELD DR,1
40.1214076,-75.3502155,KOHN ST & W BLACKBERRY ALY;  NORRISTOWN; Station 308A; 2019-05-03 @ 13:18:48;,19401,EMS: MEDICAL ALERT ALARM,2019-05-03 13:18:48,NORRISTOWN,KOHN ST & W BLACKBERRY ALY,1
40.0854888,-75.1250203,TOWNSHIP LINE RD & MEETINGHOUSE RD; ABINGTON; 2020-01-27 @ 06:40:19;,19027,Traffic: VEHICLE ACCIDENT -,2020-01-27 06:40:19,ABINGTON,TOWNSHIP LINE RD & MEETINGHOUSE RD,1
40.3439098,-75.4781507,GRAVEL PIKE; GREEN LANE; 2017-07-16 @ 20:27:05-Station:STA42;,18054,Fire: FIRE POLICE NEEDED,2017-07-16 20:27:05,GREEN LANE,GRAVEL PIKE,1
40.0764332,-75.3658970,CROTON RD UNDERPASS & SCHUYLKILL EXPY EB; UPPER MERION; 2018-05-15 @ 17:32:40;,19087,Traffic: VEHICLE ACCIDENT -,2018-05-15 17:32:40,UPPER MERION,CROTON RD UNDERPASS & SCHUYLKILL EXPY EB,1
40.1024382,-75.1383097,JENKINTOWN RD & HIGHLAND AVE;  ABINGTON; Station 383; 2016-08-28 @ 19:22:14;,19046,EMS: RESPIRATORY EMERGENCY,2016-08-28 19:22:14,ABINGTON,JENKINTOWN RD & HIGHLAND AVE,1
40.1419425,-75.3274586,HILLCREST AVE & EVERGREEN AVE; EAST NORRITON; 2020-06-27 @ 12:13:11;,19401,Traffic: ROAD OBSTRUCTION -,2020-06-27 12:13:11,EAST NORRITON,HILLCREST AVE & EVERGREEN AVE,1
40.1432508,-75.1104080,ABBEYVIEW AVE & CHURCH ST;  UPPER MORELAND; Station 381; 2019-07-26 @ 00:10:57;,19090,EMS: FALL VICTIM,2019-07-26 00:10:57,UPPER MORELAND,ABBEYVIEW AVE & CHURCH ST,1
40.1133700,-75.1223560,OLD YORK RD & ADAMS AVE; ABINGTON; 2016-01-06 @ 11:52:53;,19001,Traffic: VEHICLE ACCIDENT -,2016-01-06 11:52:53,ABINGTON,OLD YORK RD & ADAMS AVE,1
40.1569641,-75.1431168,WELSH RD & BLAIR MILL RD; HORSHAM; 2016-12-15 @ 13:11:09;,19044,Traffic: VEHICLE ACCIDENT -,2016-12-15 13:11:09,HORSHAM,WELSH RD & BLAIR MILL RD,1
40.1601971,-75.2177528,GLEN MAWR DR & FOREST AVE;  AMBLER; Station 351; 2019-10-04 @ 15:09:05;,19002,EMS: CVA/STROKE,2019-10-04 15:09:05,AMBLER,GLEN MAWR DR & FOREST AVE,1
40.0335780,-75.2670955,CONSHOHOCKEN STATE RD; LOWER MERION; 2019-07-10 @ 16:01:55-Station:STA28;,,Fire: UNKNOWN TYPE FIRE,2019-07-10 16:01:55,LOWER MERION,CONSHOHOCKEN STATE RD,1
40.1033854,-75.3424696,FORD ST & W 5TH ST;  BRIDGEPORT; Station 317; 2017-04-01 @ 13:46:39;,19405,EMS: FEVER,2017-04-01 13:46:39,BRIDGEPORT,FORD ST & W 5TH ST,1
40.1168160,-75.1787880,PENNSYLVANIA AVE & TWINING RD; SPRINGFIELD; 2016-01-02 @ 13:27:25;,19075,Traffic: VEHICLE ACCIDENT -,2016-01-02 13:27:25,SPRINGFIELD,PENNSYLVANIA AVE & TWINING RD,1
40.1997438,-75.2418181,EVANS RD; MONTGOMERY; 2018-11-22 @ 06:20:41-Station:STA18;,,Fire: FIRE POLICE NEEDED,2018-11-22 06:20:41,MONTGOMERY,EVANS RD,1
40.1624836,-75.0909396,PENNSYLVANIA TPKE & DAVISVILLE RD OVERPASS; UPPER MORELAND; 2019-05-14 @ 10:05:58;,19040,Traffic: VEHICLE ACCIDENT -,2019-05-14 10:05:58,UPPER MORELAND,PENNSYLVANIA TPKE & DAVISVILLE RD OVERPASS,1
40.2267219,-75.5331529,KNIGHT DR;  LIMERICK; Station 324A; 2019-09-14 @ 14:42:23;,19468,EMS: VEHICLE ACCIDENT,2019-09-14 14:42:23,LIMERICK,KNIGHT DR,1
40.0972222,-75.3761952,SCHUYLKILL EXPY & CROTON RD UNDERPASS; UPPER MERION; 2016-07-29 @ 16:29:07;,,Traffic: VEHICLE ACCIDENT -,2016-07-29 16:29:07,UPPER MERION,SCHUYLKILL EXPY & CROTON RD UNDERPASS,1
40.0698321,-75.3162951,BLUEROUTE  & BALLIGOMINGO RD UNDERPASS; WEST CONSHOHOCKEN; 2018-11-13 @ 02:18:43;,,Traffic: VEHICLE ACCIDENT -,2018-11-13 02:18:43,WEST CONSHOHOCKEN,BLUEROUTE  & BALLIGOMINGO RD UNDERPASS,1
40.0024480,-75.2733130,WYNNEWOOD RD & PENN RD; LOWER MERION; 2016-08-18 @ 17:44:56;,19096,Traffic: VEHICLE ACCIDENT -,2016-08-18 17:44:56,LOWER MERION,WYNNEWOOD RD & PENN RD,1
40.0859891,-75.1463175,CHURCH RD & BENT RD;  CHELTENHAM; Station 358A; 2018-12-17 @ 20:51:44;,19095,EMS: CARDIAC EMERGENCY,2018-12-17 20:51:44,CHELTENHAM,CHURCH RD & BENT RD,1
40.1283947,-75.2819582,WALTON RD & APOLLO RD;  PLYMOUTH; Station 308; 2016-12-16 @ 10:56:27;,19462,EMS: RESPIRATORY EMERGENCY,2016-12-16 10:56:27,PLYMOUTH,WALTON RD & APOLLO RD,1
40.2470021,-75.6525972,KING ST & N YORK ST;  POTTSTOWN; Station 329; 2019-04-16 @ 05:43:25;,19464,EMS: NAUSEA/VOMITING,2019-04-16 05:43:25,POTTSTOWN,KING ST & N YORK ST,1
40.0189265,-75.3499574,APPLEGATE LN & YORKSHIRE RD; DELAWARE COUNTY; 2020-01-01 @ 15:53:30-Station:STA23;,19010,Fire: FIRE ALARM,2020-01-01 15:53:30,DELAWARE COUNTY,APPLEGATE LN & YORKSHIRE RD,1
40.2514920,-75.6033497,ARMAND HAMMER BLVD & RR UNDERPASS; LOWER POTTSGROVE; 2016-08-31 @ 15:53:42;,,Traffic: VEHICLE ACCIDENT -,2016-08-31 15:53:42,LOWER POTTSGROVE,ARMAND HAMMER BLVD & RR UNDERPASS,1
40.0755363,-75.3046354,3RD AVE & FAYETTE ST;  CONSHOHOCKEN; Station 313A; 2016-03-15 @ 14:45:10;,19428,EMS: CARDIAC EMERGENCY,2016-03-15 14:45:10,CONSHOHOCKEN,3RD AVE & FAYETTE ST,1
40.1772723,-75.1061958,MORELAND AVE & S YORK RD;  HATBORO; Station 384; 2020-05-10 @ 20:12:06;,19040,EMS: CARDIAC ARREST,2020-05-10 20:12:06,HATBORO,MORELAND AVE & S YORK RD,1
40.0470444,-75.2626889,MONK RD & OLD MONK RD; LOWER MERION; 2018-08-09 @ 14:58:11;,19035,Traffic: VEHICLE ACCIDENT -,2018-08-09 14:58:11,LOWER MERION,MONK RD & OLD MONK RD,1
40.2679249,-75.3143823,CLEMENS RD & FORTY FOOT RD;  HATFIELD TOWNSHIP; Station 345; 2016-09-12 @ 10:46:55;,19440,EMS: SYNCOPAL EPISODE,2016-09-12 10:46:55,HATFIELD TOWNSHIP,CLEMENS RD & FORTY FOOT RD,1
40.1784422,-75.1285061,EASTON RD & WGNAS MAIN GATE;  HORSHAM; Station 352; 2019-11-05 @ 17:54:30;,,EMS: VEHICLE ACCIDENT,2019-11-05 17:54:30,HORSHAM,EASTON RD & WGNAS MAIN GATE,1
40.1646555,-75.2863126,SKIPPACK PIKE & CRESTLINE DR; WHITPAIN; 2017-06-08 @ 13:43:18;,19422,Traffic: VEHICLE ACCIDENT -,2017-06-08 13:43:18,WHITPAIN,SKIPPACK PIKE & CRESTLINE DR,1
40.2290075,-75.3878525,RT422  & TURNPIKE OVERPASS; CHESTER COUNTY; 2017-10-10 @ 17:07:12;,,Traffic: VEHICLE ACCIDENT -,2017-10-10 17:07:12,CHESTER COUNTY,RT422  & TURNPIKE OVERPASS,1
40.0637720,-75.3321448,MATSONFORD RD & REBEL HILL RD; UPPER MERION; 2016-01-14 @ 12:49:19;,19428,Traffic: VEHICLE ACCIDENT -,2016-01-14 12:49:19,UPPER MERION,MATSONFORD RD & REBEL HILL RD,1
40.2216650,-75.3028739,SUMNEYTOWN PIKE & S BROAD ST; UPPER GWYNEDD; 2018-08-19 @ 16:47:22;,19446,Traffic: VEHICLE ACCIDENT -,2018-08-19 16:47:22,UPPER GWYNEDD,SUMNEYTOWN PIKE & S BROAD ST,1
40.1758702,-75.0868864,BRYANT LN & ABBOTT RD;  UPPER MORELAND; Station 384; 2018-10-10 @ 01:51:54;,19040,EMS: HEMORRHAGING,2018-10-10 01:51:54,UPPER MORELAND,BRYANT LN & ABBOTT RD,1
40.1013310,-75.3856360,GENERAL KNOX RD & GENERAL LEARNED RD;  UPPER MERION; Station 317; 2016-10-28 @ 00:20:13;,19406,EMS: LACERATIONS,2016-10-28 00:20:13,UPPER MERION,GENERAL KNOX RD & GENERAL LEARNED RD,1
40.0972222,-75.3761952,TER PIK  ; UPPER MERION; 2016-03-18 @ 15:24:52;,,Traffic: VEHICLE ACCIDENT -,2016-03-18 15:24:52,UPPER MERION,TER PIK,1
40.0786153,-75.1472284,WASHINGTON LN & ASHBOURNE RD; CHELTENHAM; 2017-12-23 @ 23:18:02;,19095,Traffic: HAZARDOUS ROAD CONDITIONS -,2017-12-23 23:18:02,CHELTENHAM,WASHINGTON LN & ASHBOURNE RD,1
40.1147453,-75.2854469,GERMANTOWN PIKE & LAUNFALL RD;  PLYMOUTH; Station 308; 2016-10-09 @ 15:28:52;,19462,EMS: CARDIAC EMERGENCY,2016-10-09 15:28:52,PLYMOUTH,GERMANTOWN PIKE & LAUNFALL RD,1
40.1414692,-75.3905947,TROOPER RD & OAKDALE AVE; WEST NORRITON; 2018-11-03 @ 13:42:58;,19403,Traffic: ROAD OBSTRUCTION -,2018-11-03 13:42:58,WEST NORRITON,TROOPER RD & OAKDALE AVE,1
40.0592340,-75.3393019,SCHUYLKILL EXPY & RAMP I76 WB TO MATSONFORD RD; LOWER MERION; 2019-12-15 @ 22:43:41;,,Traffic: VEHICLE ACCIDENT -,2019-12-15 22:43:41,LOWER MERION,SCHUYLKILL EXPY & RAMP I76 WB TO MATSONFORD RD,1
40.0056436,-75.2219357,BELMONT AVE & ST ASAPHS RD; LOWER MERION; 2016-03-01 @ 19:35:36;,19004,Traffic: ROAD OBSTRUCTION -,2016-03-01 19:35:36,LOWER MERION,BELMONT AVE & ST ASAPHS RD,1
40.1355043,-75.4336461,BRENDA LN & LEE RD;  LOWER PROVIDENCE; Station 322A; 2019-09-27 @ 10:10:32;,19403,EMS: FALL VICTIM,2019-09-27 10:10:32,LOWER PROVIDENCE,BRENDA LN & LEE RD,1
40.1878881,-75.3510098,LANDIS RD & POTSHOP RD; WORCESTER; 2020-06-24 @ 18:33:58-Station:STA83;,19403,Fire: FIRE ALARM,2020-06-24 18:33:58,WORCESTER,LANDIS RD & POTSHOP RD,1
40.1356492,-75.1939927,VIRGINIA DR & DELAWARE AVE; UPPER DUBLIN; 2017-12-02 @ 08:48:54;,19034,Traffic: VEHICLE ACCIDENT -,2017-12-02 08:48:54,UPPER DUBLIN,VIRGINIA DR & DELAWARE AVE,1
40.0249667,-75.2829046,BLUEROUTE  & RAMP I76 TO I476 SB; LOWER MERION; 2017-04-06 @ 08:05:29;,,Traffic: VEHICLE ACCIDENT -,2017-04-06 08:05:29,LOWER MERION,BLUEROUTE  & RAMP I76 TO I476 SB,1
40.1003438,-75.2939548,GALLAGHER RD & CHEMICAL RD; PLYMOUTH; 2016-12-02 @ 21:42:56;,19462,Traffic: VEHICLE ACCIDENT -,2016-12-02 21:42:56,PLYMOUTH,GALLAGHER RD & CHEMICAL RD,1
40.2890267,-75.3995896,MAIN ST & OLD SUMNEYTOWN PIKE;  LOWER SALFORD; Station 344; 2019-07-09 @ 08:19:29;,19438,EMS: BACK PAINS/INJURY,2019-07-09 08:19:29,LOWER SALFORD,MAIN ST & OLD SUMNEYTOWN PIKE,1
40.1192546,-75.2362381,PENNSYLVANIA TPKE & BETHLEHEM PIKE UNDERPASS; WHITEMARSH; 2018-01-05 @ 14:21:38;,,Traffic: VEHICLE ACCIDENT -,2018-01-05 14:21:38,WHITEMARSH,PENNSYLVANIA TPKE & BETHLEHEM PIKE UNDERPASS,1
40.1546593,-75.2215435,BUTLER AVE & N RIDGE AVE;  AMBLER; Station 351; 2017-02-04 @ 20:41:59;,19002,EMS: UNCONSCIOUS SUBJECT,2017-02-04 20:41:59,AMBLER,BUTLER AVE & N RIDGE AVE,1
40.0972222,-75.3761952,SCHUYLKILL EXPY & WEADLEY RD OVERPASS; UPPER MERION; 2017-09-24 @ 00:25:11;,,Traffic: VEHICLE ACCIDENT -,2017-09-24 00:25:11,UPPER MERION,SCHUYLKILL EXPY & WEADLEY RD OVERPASS,1
40.0249667,-75.2829046,SCHUYLKILL EXPY & WAVERLY RD UNDERPASS; LOWER MERION; 2017-10-10 @ 10:19:41;,,Traffic: VEHICLE ACCIDENT -,2017-10-10 10:19:41,LOWER MERION,SCHUYLKILL EXPY & WAVERLY RD UNDERPASS,1
40.1305472,-75.3306088,PINE ST & W LOGAN ST; NORRISTOWN; 2019-09-30 @ 13:41:25-Station:STA27;,19401,Fire: FIRE ALARM,2019-09-30 13:41:25,NORRISTOWN,PINE ST & W LOGAN ST,1
40.1330371,-75.4084631,SHANNONDELL DR & SHANNONDELL BLVD;  LOWER PROVIDENCE; Station 322A; 2018-05-28 @ 18:52:09;,19403,EMS: FALL VICTIM,2018-05-28 18:52:09,LOWER PROVIDENCE,SHANNONDELL DR & SHANNONDELL BLVD,1
40.1176013,-75.2859747,GERMANTOWN PIKE & HICKORY RD; PLYMOUTH; 2018-05-07 @ 17:33:22;,19462,Traffic: DISABLED VEHICLE -,2018-05-07 17:33:22,PLYMOUTH,GERMANTOWN PIKE & HICKORY RD,1
40.2674901,-75.3763943,MAIN ST & CLEMENS RD; LOWER SALFORD; 2017-10-21 @ 19:36:36;,19438,Traffic: VEHICLE ACCIDENT -,2017-10-21 19:36:36,LOWER SALFORD,MAIN ST & CLEMENS RD,1
40.4030729,-75.4998641,MAIN ST & CHURCH ST;  PENNSBURG; Station 369; 2016-06-07 @ 08:29:12;,18041,EMS: RESPIRATORY EMERGENCY,2016-06-07 08:29:12,PENNSBURG,MAIN ST & CHURCH ST,1
40.2228820,-75.3987889,PRISON RD & PIGGERY RD;  SKIPPACK; Station 336; 2017-10-01 @ 20:50:10;,,EMS: CARDIAC EMERGENCY,2017-10-01 20:50:10,SKIPPACK,PRISON RD & PIGGERY RD,1
40.1568468,-75.1019942,WYANDOTTE RD & DEAD END;  UPPER MORELAND; Station 381; 2016-11-17 @ 15:28:10;,,EMS: SEIZURES,2016-11-17 15:28:10,UPPER MORELAND,WYANDOTTE RD & DEAD END,1
40.1793752,-75.2362381,RT309 EXPY & RAMP NORRISTOWN RD TO RT309 NB; LOWER GWYNEDD; 2017-12-30 @ 11:04:04;,,Traffic: VEHICLE ACCIDENT -,2017-12-30 11:04:04,LOWER GWYNEDD,RT309 EXPY & RAMP NORRISTOWN RD TO RT309 NB,1
40.0890326,-75.2167989,PENNSYLVANIA TPKE & STENTON AVE UNDERPASS; WHITEMARSH; 2016-06-16 @ 17:37:00-Station:STA44;,19038,Fire: VEHICLE ACCIDENT,2016-06-16 17:37:00,WHITEMARSH,PENNSYLVANIA TPKE & STENTON AVE UNDERPASS,1
40.2799468,-75.2674014,LINE LEXINGTON RD & BENT RD; HATFIELD TOWNSHIP; 2018-01-17 @ 03:23:47;,19440,Traffic: DISABLED VEHICLE -,2018-01-17 03:23:47,HATFIELD TOWNSHIP,LINE LEXINGTON RD & BENT RD,1
40.2151781,-75.3453448,ALLEBACH LN & FISHER RD;  WORCESTER; Station 336; 2017-08-14 @ 23:40:03;,19446,EMS: RESPIRATORY EMERGENCY,2017-08-14 23:40:03,WORCESTER,ALLEBACH LN & FISHER RD,1
40.0728237,-75.3073509,ELM ST & FAYETTE ST;  CONSHOHOCKEN; Station 313A; 2016-04-20 @ 08:24:52;,19428,EMS: UNKNOWN MEDICAL EMERGENCY,2016-04-20 08:24:52,CONSHOHOCKEN,ELM ST & FAYETTE ST,1
40.1521249,-75.1644259,ARRAN WAY & KENMARE DR;  UPPER DUBLIN; Station 351; 2020-05-06 @ 20:30:54;,19025,EMS: CARDIAC EMERGENCY,2020-05-06 20:30:54,UPPER DUBLIN,ARRAN WAY & KENMARE DR,1
40.3353351,-75.5783659,KULPS RD & SASSAMANSVILLE RD;  NEW HANOVER; Station 332; 2020-02-05 @ 16:40:28;,19472,EMS: SUBJECT IN PAIN,2020-02-05 16:40:28,NEW HANOVER,KULPS RD & SASSAMANSVILLE RD,1
40.2498340,-75.3483936,SUMNEYTOWN PIKE & OLD FORTY FOOT RD; TOWAMENCIN; 2020-06-11 @ 07:22:34;,19438,Traffic: VEHICLE ACCIDENT -,2020-06-11 07:22:34,TOWAMENCIN,SUMNEYTOWN PIKE & OLD FORTY FOOT RD,1
40.0939719,-75.2040122,STOTESBURY AVE & PAPER MILL RD;  SPRINGFIELD; Station 351A; 2019-03-05 @ 15:08:23;,19038,EMS: GENERAL WEAKNESS,2019-03-05 15:08:23,SPRINGFIELD,STOTESBURY AVE & PAPER MILL RD,1
40.1330371,-75.4084631,SHANNONDELL DR & SHANNONDELL BLVD;  LOWER PROVIDENCE; Station 322A; 2020-05-14 @ 13:59:42;,19403,EMS: MEDICAL ALERT ALARM,2020-05-14 13:59:42,LOWER PROVIDENCE,SHANNONDELL DR & SHANNONDELL BLVD,1
40.0997844,-75.3025750,ALAN WOOD RD & RIDGE PIKE; PLYMOUTH; 2017-12-18 @ 01:55:43;,19428,Traffic: VEHICLE FIRE -,2017-12-18 01:55:43,PLYMOUTH,ALAN WOOD RD & RIDGE PIKE,1
40.1970846,-75.1265225,BUTTERNUT DR & CYPRESS LN;  HORSHAM; Station 352; 2016-08-11 @ 18:08:45;,19040,EMS: UNCONSCIOUS SUBJECT,2016-08-11 18:08:45,HORSHAM,BUTTERNUT DR & CYPRESS LN,1
40.1823652,-75.5192377,LIZZIE LN & KATIE CIR;  UPPER PROVIDENCE; Station 325; 2020-01-09 @ 12:26:59;,19468,EMS: DIABETIC EMERGENCY,2020-01-09 12:26:59,UPPER PROVIDENCE,LIZZIE LN & KATIE CIR,1
40.0986836,-75.1421767,HIGHLAND AVE & MT CARMEL AVE;  ABINGTON; Station 383; 2019-08-19 @ 09:00:41;,19038,EMS: CARDIAC EMERGENCY,2019-08-19 09:00:41,ABINGTON,HIGHLAND AVE & MT CARMEL AVE,1
40.4037752,-75.5097528,BLAKER DR & HAMILTON RD;  EAST GREENVILLE; Station 369; 2018-07-13 @ 09:54:31;,18041,EMS: SYNCOPAL EPISODE,2018-07-13 09:54:31,EAST GREENVILLE,BLAKER DR & HAMILTON RD,1
39.9897996,-75.2508156,CITY AVE & N 63RD ST; LOWER MERION; 2018-01-26 @ 09:53:24;,19151,Traffic: DISABLED VEHICLE -,2018-01-26 09:53:24,LOWER MERION,CITY AVE & N 63RD ST,1
40.2547680,-75.6604586,SHOEMAKER RD & ROBINSON ST; POTTSTOWN; 2019-01-22 @ 13:02:09-Station:STA69;,19464,Fire: GAS-ODOR/LEAK,2019-01-22 13:02:09,POTTSTOWN,SHOEMAKER RD & ROBINSON ST,1
40.3977880,-75.4938630,MACOBY ST & E 5TH ST;  PENNSBURG; Station 369; 2018-07-19 @ 22:28:18;,18073,EMS: ABDOMINAL PAINS,2018-07-19 22:28:18,PENNSBURG,MACOBY ST & E 5TH ST,1
40.1074003,-75.1132060,THE FAIRWAY  & RYDAL RD;  ABINGTON; Station 382; 2016-08-31 @ 18:32:43;,19046,EMS: FEVER,2016-08-31 18:32:43,ABINGTON,THE FAIRWAY  & RYDAL RD,1
40.2976814,-75.6479437,FARMINGTON AVE & EVANS RD;  UPPER POTTSGROVE; Station 332; 2018-04-25 @ 18:40:31;,19464,EMS: NAUSEA/VOMITING,2018-04-25 18:40:31,UPPER POTTSGROVE,FARMINGTON AVE & EVANS RD,1
40.2890267,-75.3995896,MAIN ST & OLD SUMNEYTOWN PIKE;  LOWER SALFORD; Station 344; 2020-07-24 @ 16:45:59;,19438,EMS: UNKNOWN MEDICAL EMERGENCY,2020-07-24 16:45:59,LOWER SALFORD,MAIN ST & OLD SUMNEYTOWN PIKE,1
40.1266466,-75.4516367,MILL RD & NORTH DR; UPPER PROVIDENCE; 2016-06-17 @ 01:40:25;,19460,Traffic: DISABLED VEHICLE -,2016-06-17 01:40:25,UPPER PROVIDENCE,MILL RD & NORTH DR,1
40.0077446,-75.2995764,COBBLESTONE DR & W SPRING AVE;  LOWER MERION; Station 313; 2017-03-22 @ 02:41:45;,19003,EMS: GENERAL WEAKNESS,2017-03-22 02:41:45,LOWER MERION,COBBLESTONE DR & W SPRING AVE,1
40.2424052,-75.6482861,CHERRY ST & S CHARLOTTE ST; POTTSTOWN; 2018-08-06 @ 00:09:56-Station:STA69;,19464,Fire: FIRE SPECIAL SERVICE,2018-08-06 00:09:56,POTTSTOWN,CHERRY ST & S CHARLOTTE ST,1
40.1977810,-75.5361940,FOXMEADOW DR & N LEWIS RD;  LIMERICK; Station 325; 2016-11-09 @ 00:23:36;,19468,EMS: SUBJECT IN PAIN,2016-11-09 00:23:36,LIMERICK,FOXMEADOW DR & N LEWIS RD,1
40.1423323,-75.2409988,W BUTLER PIKE & MEADE RD; WHITPAIN; 2018-05-15 @ 18:02:44;,19002,Traffic: ROAD OBSTRUCTION -,2018-05-15 18:02:44,WHITPAIN,W BUTLER PIKE & MEADE RD,1
40.2498340,-75.3483936,FORTY FOOT RD & SUMNEYTOWN PIKE; TOWAMENCIN; 2018-08-23 @ 16:54:52;,19438,Traffic: DISABLED VEHICLE -,2018-08-23 16:54:52,TOWAMENCIN,FORTY FOOT RD & SUMNEYTOWN PIKE,1
40.1060356,-75.1603796,MT CARMEL AVE & HOUSTON AVE; ABINGTON; 2018-10-31 @ 17:49:13;,19038,Traffic: VEHICLE ACCIDENT -,2018-10-31 17:49:13,ABINGTON,MT CARMEL AVE & HOUSTON AVE,1
40.1176050,-75.1202430,OLD YORK RD & HORACE AVE; ABINGTON; 2019-12-04 @ 10:48:37;,19001,Traffic: VEHICLE ACCIDENT -,2019-12-04 10:48:37,ABINGTON,OLD YORK RD & HORACE AVE,1
40.2679249,-75.3143823,CLEMENS RD & FORTY FOOT RD;  HATFIELD TOWNSHIP; Station 345; 2020-03-10 @ 18:00:28;,19440,EMS: CARDIAC EMERGENCY,2020-03-10 18:00:28,HATFIELD TOWNSHIP,CLEMENS RD & FORTY FOOT RD,1
40.2031556,-75.3110955,MORRIS RD & BERKS RD; WORCESTER; 2019-02-13 @ 11:54:28;,19446,Traffic: DISABLED VEHICLE -,2019-02-13 11:54:28,WORCESTER,MORRIS RD & BERKS RD,1
40.0979440,-75.2846794,SHASTA RD & SIERRA RD; PLYMOUTH; 2018-09-22 @ 11:23:08-Station:STA44;,19428,Fire: S/B AT HELICOPTER LANDING,2018-09-22 11:23:08,PLYMOUTH,SHASTA RD & SIERRA RD,1
40.0663061,-75.3289724,DEHAVEN ST & HILLSIDE AVE; UPPER MERION; 2016-11-24 @ 15:41:34-Station:STA48;,19428,Fire: CARBON MONOXIDE DETECTOR,2016-11-24 15:41:34,UPPER MERION,DEHAVEN ST & HILLSIDE AVE,1
40.1860655,-75.5136032,CHEYENNE RD & WHITE CROW CIR;  UPPER PROVIDENCE; Station 325; 2018-08-24 @ 11:44:30;,19468,EMS: DIABETIC EMERGENCY,2018-08-24 11:44:30,UPPER PROVIDENCE,CHEYENNE RD & WHITE CROW CIR,1
39.9929860,-75.2649920,LANCASTER AVE & INDIAN CREEK RD; LOWER MERION; 2017-11-20 @ 06:16:19;,19096,Traffic: VEHICLE ACCIDENT -,2017-11-20 06:16:19,LOWER MERION,LANCASTER AVE & INDIAN CREEK RD,1
40.2135444,-75.4580965,GUNPOWDER CT & GREENE BLVD;  PERKIOMEN; Station 324; 2019-05-20 @ 23:28:23;,19426,EMS: FALL VICTIM,2019-05-20 23:28:23,PERKIOMEN,GUNPOWDER CT & GREENE BLVD,1
40.1098306,-75.2433906,STENTON AVE;  WHITEMARSH; Station 318; 2018-09-23 @ 09:47:16;,,EMS: VEHICLE ACCIDENT,2018-09-23 09:47:16,WHITEMARSH,STENTON AVE,1
40.2048367,-75.2228211,WELSH RD & LOWER STATE RD;  HORSHAM; Station 352; 2017-02-14 @ 17:36:59;,19002,EMS: SYNCOPAL EPISODE,2017-02-14 17:36:59,HORSHAM,WELSH RD & LOWER STATE RD,1
40.0698321,-75.3162951,SCHUYLKILL EXPY & MATSONFORD RD EXIT UNDERPASS; WEST CONSHOHOCKEN; 2019-05-13 @ 01:16:11;,,Traffic: VEHICLE ACCIDENT -,2019-05-13 01:16:11,WEST CONSHOHOCKEN,SCHUYLKILL EXPY & MATSONFORD RD EXIT UNDERPASS,1
40.2346744,-75.4466334,SCENIC VIEW DR & CREEKWOOD DR;  SKIPPACK; Station 336; 2018-10-04 @ 08:13:22;,19473,EMS: FALL VICTIM,2018-10-04 08:13:22,SKIPPACK,SCENIC VIEW DR & CREEKWOOD DR,1
40.1512165,-75.3154556,NORWOOD LN & SYCAMORE LN; EAST NORRITON; 2017-10-08 @ 08:09:56-Station:STA61;,19401,Fire: WOODS/FIELD FIRE,2017-10-08 08:09:56,EAST NORRITON,NORWOOD LN & SYCAMORE LN,1
40.1030260,-75.3368608,HOLSTEIN ST & PROSPECT AVE;  BRIDGEPORT; Station 356; 2020-04-11 @ 08:32:50;,19405,EMS: HEAD INJURY,2020-04-11 08:32:50,BRIDGEPORT,HOLSTEIN ST & PROSPECT AVE,1
40.2373334,-75.2765999,WOODLAND DR & E MAIN ST;  LANSDALE; Station 345; 2017-09-27 @ 20:04:30;,19446,EMS: CVA/STROKE,2017-09-27 20:04:30,LANSDALE,WOODLAND DR & E MAIN ST,1
40.1598433,-75.1118215,N YORK RD & TERWOOD RD; UPPER MORELAND; 2016-08-06 @ 16:36:06;,19090,Traffic: DISABLED VEHICLE -,2016-08-06 16:36:06,UPPER MORELAND,N YORK RD & TERWOOD RD,1
40.1330371,-75.4084631,SHANNONDELL DR & SHANNONDELL BLVD;  LOWER PROVIDENCE; Station 322A; 2017-03-01 @ 20:34:26;,19403,EMS: FALL VICTIM,2017-03-01 20:34:26,LOWER PROVIDENCE,SHANNONDELL DR & SHANNONDELL BLVD,1
40.1427655,-75.2849559,ARBOR WAY & CONNECTING ROAD;  WHITPAIN; Station 385; 2019-03-04 @ 11:33:45;,19422,EMS: ALLERGIC REACTION,2019-03-04 11:33:45,WHITPAIN,ARBOR WAY & CONNECTING ROAD,1
40.2806101,-75.2924128,MAPLE AVE & CHESTNUT ST;  HATFIELD TOWNSHIP; Station 345; 2017-10-16 @ 22:21:12;,19440,EMS: RESPIRATORY EMERGENCY,2017-10-16 22:21:12,HATFIELD TOWNSHIP,MAPLE AVE & CHESTNUT ST,1
40.1330371,-75.4084631,SHANNONDELL DR & SHANNONDELL BLVD;  LOWER PROVIDENCE; Station 322A; 2016-02-15 @ 17:11:43;,19403,EMS: MEDICAL ALERT ALARM,2016-02-15 17:11:43,LOWER PROVIDENCE,SHANNONDELL DR & SHANNONDELL BLVD,1
40.2300072,-75.2811253,CHERRY ST & CHURCH RD;  LANSDALE; Station 345; 2019-01-10 @ 06:30:33;,19446,EMS: SEIZURES,2019-01-10 06:30:33,LANSDALE,CHERRY ST & CHURCH RD,1
40.2465386,-75.6488196,KING ST & PENN ST; POTTSTOWN; 2020-01-05 @ 18:33:31-Station:STA69;,19464,Fire: FIRE ALARM,2020-01-05 18:33:31,POTTSTOWN,KING ST & PENN ST,1
40.1259561,-75.3186219,JOHNSON HWY & NORTH HILLS DR;  NORRISTOWN; Station 308A; 2019-06-02 @ 10:48:29;,19401,EMS: SEIZURES,2019-06-02 10:48:29,NORRISTOWN,JOHNSON HWY & NORTH HILLS DR,1
40.2358106,-75.6248657,INDUSTRIAL HWY & MOSER RD; LOWER POTTSGROVE; 2019-12-31 @ 06:58:08;,19464,Traffic: DISABLED VEHICLE -,2019-12-31 06:58:08,LOWER POTTSGROVE,INDUSTRIAL HWY & MOSER RD,1
40.1544906,-75.0640046,DOGWOOD LN & LEWIS LN;  LOWER MORELAND; Station 355; 2020-03-27 @ 13:05:08;,19006,EMS: NAUSEA/VOMITING,2020-03-27 13:05:08,LOWER MORELAND,DOGWOOD LN & LEWIS LN,1
40.161971,-75.201353,RT309 EXPY & SUSQUEHANNA RD UNDERPASS; UPPER DUBLIN; 2018-10-17 @ 08:06:15;,,Traffic: DISABLED VEHICLE -,2018-10-17 08:06:15,UPPER DUBLIN,RT309 EXPY & SUSQUEHANNA RD UNDERPASS,1
40.2413204,-75.2428276,BETHLEHEM PIKE & NORTH WALES RD; MONTGOMERY; 2016-08-11 @ 21:25:20;,19454,Traffic: VEHICLE ACCIDENT -,2016-08-11 21:25:20,MONTGOMERY,BETHLEHEM PIKE & NORTH WALES RD,1
40.1485567,-75.3321509,W GERMANTOWN PIKE & SCENIC RD; EAST NORRITON; 2017-05-10 @ 19:50:04;,19403,Traffic: VEHICLE ACCIDENT -,2017-05-10 19:50:04,EAST NORRITON,W GERMANTOWN PIKE & SCENIC RD,1
40.0886837,-75.2917999,BUTLER PIKE & MAPLE DR; WHITEMARSH; 2018-10-10 @ 14:58:57;,19428,Traffic: VEHICLE ACCIDENT -,2018-10-10 14:58:57,WHITEMARSH,BUTLER PIKE & MAPLE DR,1
40.0951710,-75.4146990,1ST AVE & FREEDOM DR;  UPPER MERION; Station 317; 2018-03-23 @ 12:20:29;,19406,EMS: MEDICAL ALERT ALARM,2018-03-23 12:20:29,UPPER MERION,1ST AVE & FREEDOM DR,1
40.0426957,-75.2778943,MONK RD & YOUNGS FORD RD; LOWER MERION; 2017-06-21 @ 17:17:10;,19035,Traffic: HAZARDOUS ROAD CONDITIONS -,2017-06-21 17:17:10,LOWER MERION,MONK RD & YOUNGS FORD RD,1
40.0956518,-75.2448770,FOX HOUND DR & MARBLE HL;  WHITEMARSH; Station 318; 2017-12-05 @ 20:52:18;,19444,EMS: RESPIRATORY EMERGENCY,2017-12-05 20:52:18,WHITEMARSH,FOX HOUND DR & MARBLE HL,1
40.1155786,-75.0570491,STAHL DR & ELY AVE;  LOWER MORELAND; Station 355; 2019-11-10 @ 15:49:54;,19006,EMS: FALL VICTIM,2019-11-10 15:49:54,LOWER MORELAND,STAHL DR & ELY AVE,1
40.0793698,-75.0877198,HUNTINGDON PIKE & FOX ST; ROCKLEDGE; 2017-02-10 @ 12:07:38-Station:STA9;,19046,Fire: FIRE INVESTIGATION,2017-02-10 12:07:38,ROCKLEDGE,HUNTINGDON PIKE & FOX ST,1
40.2439946,-75.1918288,W COUNTY LINE RD & LOWER STATE RD; HORSHAM; 2018-12-18 @ 21:31:17;,19454,Traffic: DISABLED VEHICLE -,2018-12-18 21:31:17,HORSHAM,W COUNTY LINE RD & LOWER STATE RD,1
40.0249667,-75.2829046,SCHUYLKILL EXPY & WAVERLY RD UNDERPASS; LOWER MERION; 2018-12-17 @ 23:36:53;,,Traffic: DISABLED VEHICLE -,2018-12-17 23:36:53,LOWER MERION,SCHUYLKILL EXPY & WAVERLY RD UNDERPASS,1
40.0986836,-75.1421767,HIGHLAND AVE & MT CARMEL AVE;  ABINGTON; Station 383; 2016-04-16 @ 11:04:26;,19038,EMS: SUBJECT IN PAIN,2016-04-16 11:04:26,ABINGTON,HIGHLAND AVE & MT CARMEL AVE,1
40.1295380,-75.3246363,JOHNSON HWY & DEKALB ST;  EAST NORRITON; Station 308; 2016-09-18 @ 01:37:53;,19401,EMS: CARDIAC EMERGENCY,2016-09-18 01:37:53,EAST NORRITON,JOHNSON HWY & DEKALB ST,1
40.2791269,-75.5780953,THOMAS CIR & TURNBURY RD;  NEW HANOVER; Station 332; 2017-03-14 @ 17:32:06;,19525,EMS: SYNCOPAL EPISODE,2017-03-14 17:32:06,NEW HANOVER,THOMAS CIR & TURNBURY RD,1
40.2485628,-75.6338116,LINCOLN AVE & SHERIDAN ST; POTTSTOWN; 2017-01-09 @ 08:54:22-Station:STA69;,19464,Fire: GAS-ODOR/LEAK,2017-01-09 08:54:22,POTTSTOWN,LINCOLN AVE & SHERIDAN ST,1
40.2883557,-75.3785374,MAPLE AVE & YODER RD;  FRANCONIA; Station 344; 2020-02-15 @ 04:46:40;,19438,EMS: SUBJECT IN PAIN,2020-02-15 04:46:40,FRANCONIA,MAPLE AVE & YODER RD,1
40.2515230,-75.3295570,EXTENSION PENNSYLVANIA TPKE & WAMBOLD RD UNDERPASS;  TOWAMENCIN; Station 344; 2018-07-25 @ 10:22:33;,,EMS: VEHICLE ACCIDENT,2018-07-25 10:22:33,TOWAMENCIN,EXTENSION PENNSYLVANIA TPKE & WAMBOLD RD UNDERPASS,1
40.2582557,-75.5079115,HIGHLAND RD & MARIA LN; LIMERICK; 2016-04-07 @ 12:02:50-Station:STA54;,19473,Fire: WOODS/FIELD FIRE,2016-04-07 12:02:50,LIMERICK,HIGHLAND RD & MARIA LN,1
40.1156913,-75.3451747,CHERRY ST & W PENN ST;  NORRISTOWN; Station 308A; 2017-11-13 @ 15:07:57;,19401,EMS: FALL VICTIM,2017-11-13 15:07:57,NORRISTOWN,CHERRY ST & W PENN ST,1
40.1836757,-75.1879903,WELSH RD & BUTLER PIKE; UPPER DUBLIN; 2017-04-05 @ 06:42:59;,19002,Traffic: DISABLED VEHICLE -,2017-04-05 06:42:59,UPPER DUBLIN,WELSH RD & BUTLER PIKE,1
40.1015267,-75.2019819,FRASER RD & HARSTON LN; SPRINGFIELD; 2020-01-12 @ 04:43:37-Station:STA6;,19038,Fire: ELECTRICAL FIRE OUTSIDE,2020-01-12 04:43:37,SPRINGFIELD,FRASER RD & HARSTON LN,1
40.1292230,-75.0249003,BYBERRY RD & PHILMONT AVE; LOWER MORELAND; 2018-08-03 @ 12:09:01;,19006,Traffic: VEHICLE ACCIDENT -,2018-08-03 12:09:01,LOWER MORELAND,BYBERRY RD & PHILMONT AVE,1
40.1666567,-75.1464961,DRESHER RD & BUSINESS CENTER DR;  HORSHAM; Station 352; 2017-04-14 @ 13:08:01;,19044,EMS: SUBJECT IN PAIN,2017-04-14 13:08:01,HORSHAM,DRESHER RD & BUSINESS CENTER DR,1
40.0972222,-75.3761952,SCHUYLKILL EXPY & RAMP S GULPH RD TO I76 EB; UPPER MERION; 2020-03-07 @ 16:05:01;,,Traffic: VEHICLE ACCIDENT -,2020-03-07 16:05:01,UPPER MERION,SCHUYLKILL EXPY & RAMP S GULPH RD TO I76 EB,1
40.2253468,-75.3046673,SUMNEYTOWN PIKE & MARLBROOK LN; UPPER GWYNEDD; 2018-11-08 @ 11:37:16;,19446,Traffic: VEHICLE ACCIDENT -,2018-11-08 11:37:16,UPPER GWYNEDD,SUMNEYTOWN PIKE & MARLBROOK LN,1
40.0812601,-75.1370254,LIMEKILN PIKE & RT309 EXPY SB;  CHELTENHAM; Station 358A; 2018-11-19 @ 02:18:05;,,EMS: UNKNOWN MEDICAL EMERGENCY,2018-11-19 02:18:05,CHELTENHAM,LIMEKILN PIKE & RT309 EXPY SB,1
40.0249667,-75.2829046,RAMP CITY AVE WB TO I76 WB;  LOWER MERION; Station EMS; 2016-09-10 @ 03:05:09;,,EMS: VEHICLE ACCIDENT,2016-09-10 03:05:09,LOWER MERION,RAMP CITY AVE WB TO I76 WB,1
40.0924902,-75.3633137,TYLER RD & GARFIELD RD;  UPPER MERION; Station 317; 2018-04-12 @ 09:36:22;,19406,EMS: FALL VICTIM,2018-04-12 09:36:22,UPPER MERION,TYLER RD & GARFIELD RD,1
40.2522485,-75.2148861,PIMLICO WAY & AQUEDUCT DR; MONTGOMERY; 2017-09-18 @ 12:58:33-Station:STA18;,19454,Fire: FIRE INVESTIGATION,2017-09-18 12:58:33,MONTGOMERY,PIMLICO WAY & AQUEDUCT DR,1
40.0855923,-75.3912204,GULPH RD & KIRK AVE; UPPER MERION; 2017-10-02 @ 07:29:14-Station:STA47;,19406,Fire: FIRE ALARM,2017-10-02 07:29:14,UPPER MERION,GULPH RD & KIRK AVE,1
40.2644731,-75.2650440,WALNUT ST & LENHART RD;  HATFIELD TOWNSHIP; Station 345; 2016-04-24 @ 14:55:51;,18915,EMS: NAUSEA/VOMITING,2016-04-24 14:55:51,HATFIELD TOWNSHIP,WALNUT ST & LENHART RD,1
39.9972100,-75.2355480,W CITY AVE & OLD LANCASTER RD; LOWER MERION; 2016-06-19 @ 16:39:39;,19066,Traffic: VEHICLE ACCIDENT -,2016-06-19 16:39:39,LOWER MERION,W CITY AVE & OLD LANCASTER RD,1
40.2228104,-75.3963189,SKIPPACK PIKE; SKIPPACK; 2016-02-02 @ 07:51:10-Station:STA86;,,Fire: VEHICLE FIRE,2016-02-02 07:51:10,SKIPPACK,SKIPPACK PIKE,1
40.1916881,-75.1724730,HUNT DR & BRANDYWINE DR;  HORSHAM; Station 352A; 2019-01-09 @ 15:40:14;,19044,EMS: HEAD INJURY,2019-01-09 15:40:14,HORSHAM,HUNT DR & BRANDYWINE DR,1
40.1434764,-75.0342619,WHITMAN RD & ANDREW RD; LOWER MORELAND; 2019-02-24 @ 11:18:54-Station:STA8;,19006,Fire: FIRE SPECIAL SERVICE,2019-02-24 11:18:54,LOWER MORELAND,WHITMAN RD & ANDREW RD,1
40.1209424,-75.0687719,WELSH RD & WALTON RD;  LOWER MORELAND; Station 355; 2017-01-31 @ 17:41:50;,19006,EMS: ALTERED MENTAL STATUS,2017-01-31 17:41:50,LOWER MORELAND,WELSH RD & WALTON RD,1
40.2179376,-75.2087575,LOWER STATE RD & HIGHGATE DR; HORSHAM; 2016-01-19 @ 21:56:58;,19454,Traffic: VEHICLE ACCIDENT -,2016-01-19 21:56:58,HORSHAM,LOWER STATE RD & HIGHGATE DR,1
40.0393133,-75.3212412,OLD GULPH RD & N ITHAN AVE; LOWER MERION; 2020-07-13 @ 16:39:47;,19010,Traffic: HAZARDOUS ROAD CONDITIONS -,2020-07-13 16:39:47,LOWER MERION,OLD GULPH RD & N ITHAN AVE,1
40.1422617,-75.3898091,N TROOPER RD & W MAIN ST; WEST NORRITON; 2016-06-02 @ 15:18:38;,19403,Traffic: VEHICLE ACCIDENT -,2016-06-02 15:18:38,WEST NORRITON,N TROOPER RD & W MAIN ST,1
40.1204766,-75.3486024,CHAIN ST & W BLACKBERRY ALY; NORRISTOWN; 2019-05-27 @ 14:19:52-Station:STA27;,19401,Fire: TRASH/DUMPSTER FIRE,2019-05-27 14:19:52,NORRISTOWN,CHAIN ST & W BLACKBERRY ALY,1
40.0508100,-75.3121598,SPRING MILL RD & MORRIS AVE; LOWER MERION; 2020-06-30 @ 10:57:38-Station:STA23;,19085,Fire: WOODS/FIELD FIRE,2020-06-30 10:57:38,LOWER MERION,SPRING MILL RD & MORRIS AVE,1
40.2198369,-75.5081386,RIDGE PIKE & ROYERSFORD RD; LIMERICK; 2019-05-09 @ 20:47:57;,19468,Traffic: VEHICLE ACCIDENT -,2019-05-09 20:47:57,LIMERICK,RIDGE PIKE & ROYERSFORD RD,1
40.1243031,-75.1389783,SUSQUEHANNA RD & COLONIAL AVE; ABINGTON; 2020-05-27 @ 13:31:52;,19038,Traffic: DISABLED VEHICLE -,2020-05-27 13:31:52,ABINGTON,SUSQUEHANNA RD & COLONIAL AVE,1
40.1074003,-75.1132060,THE FAIRWAY  & RYDAL RD;  ABINGTON; Station 382; 2020-01-28 @ 12:14:06;,19046,EMS: GENERAL WEAKNESS,2020-01-28 12:14:06,ABINGTON,THE FAIRWAY  & RYDAL RD,1
40.2290075,-75.3878525,PENNSYLVANIA TPKE & YELLOW SPRINGS RD ACCESS GATE; CHESTER COUNTY; 2019-12-18 @ 18:17:36;,,Traffic: VEHICLE ACCIDENT -,2019-12-18 18:17:36,CHESTER COUNTY,PENNSYLVANIA TPKE & YELLOW SPRINGS RD ACCESS GATE,1
40.0232857,-75.2553469,CENTENNIAL RD & CONSHOHOCKEN STATE RD; LOWER MERION; 2016-06-09 @ 16:06:35;,19072,Traffic: VEHICLE ACCIDENT -,2016-06-09 16:06:35,LOWER MERION,CENTENNIAL RD & CONSHOHOCKEN STATE RD,1
40.3960854,-75.4697353,GERYVILLE PIKE; UPPER HANOVER; 2017-01-17 @ 07:12:17-Station:STA65;,18073,Fire: VEHICLE ACCIDENT,2017-01-17 07:12:17,UPPER HANOVER,GERYVILLE PIKE,1
40.1198332,-75.1253492,KESWICK AVE & THE KESWICK ROTARY LOOP;  ABINGTON; Station 383; 2018-04-12 @ 21:21:56;,,EMS: DIABETIC EMERGENCY,2018-04-12 21:21:56,ABINGTON,KESWICK AVE & THE KESWICK ROTARY LOOP,1
40.1867529,-75.1433734,HORSHAM RD & WALNUT AVE; HORSHAM; 2016-12-28 @ 23:37:18;,19044,Traffic: DISABLED VEHICLE -,2016-12-28 23:37:18,HORSHAM,HORSHAM RD & WALNUT AVE,1
40.2179664,-75.2678258,FARM LN & CHURCH ST;  UPPER GWYNEDD; Station 345A; 2019-02-05 @ 18:22:43;,19454,EMS: RESPIRATORY EMERGENCY,2019-02-05 18:22:43,UPPER GWYNEDD,FARM LN & CHURCH ST,1
40.2234037,-75.5327842,QUEEN LN & CROWN POINTE DR; LIMERICK; 2017-12-31 @ 23:31:39-Station:STA54;,19468,Fire: FIRE ALARM,2017-12-31 23:31:39,LIMERICK,QUEEN LN & CROWN POINTE DR,1
40.1532684,-75.1895576,RT309 EXPY & TURNPIKE RAMP UNDERPASS; UPPER DUBLIN; 2016-03-11 @ 23:16:00;,,Traffic: ROAD OBSTRUCTION -,2016-03-11 23:16:00,UPPER DUBLIN,RT309 EXPY & TURNPIKE RAMP UNDERPASS,1
40.1161926,-75.1726999,GIRARD AVE & CHESTNUT AVE;  UPPER DUBLIN; Station 383; 2020-02-20 @ 12:33:53;,19038,EMS: DEHYDRATION,2020-02-20 12:33:53,UPPER DUBLIN,GIRARD AVE & CHESTNUT AVE,1
40.1321534,-75.1498257,WILSON AVE & HAMMOND PL;  ABINGTON; Station 381; 2017-05-24 @ 22:44:04;,19001,EMS: ABDOMINAL PAINS,2017-05-24 22:44:04,ABINGTON,WILSON AVE & HAMMOND PL,1
40.1880317,-75.1146802,BENDER RD & PEPPER WAY;  HORSHAM; Station 352; 2018-11-02 @ 13:48:45;,19040,EMS: ALLERGIC REACTION,2018-11-02 13:48:45,HORSHAM,BENDER RD & PEPPER WAY,1
40.2256590,-75.3390873,RAMPART LN & PARKVIEW DR; TOWAMENCIN; 2018-03-02 @ 19:19:54;,19446,Traffic: VEHICLE ACCIDENT -,2018-03-02 19:19:54,TOWAMENCIN,RAMPART LN & PARKVIEW DR,1
40.2254007,-75.2566905,WELSH RD & BELL RUN BLVD; MONTGOMERY; 2016-03-30 @ 15:29:27;,19454,Traffic: VEHICLE ACCIDENT -,2016-03-30 15:29:27,MONTGOMERY,WELSH RD & BELL RUN BLVD,1
40.2199904,-75.1527559,W COUNTY LINE RD & KEITH VALLEY RD; HORSHAM; 2018-03-24 @ 07:48:08;,19044,Traffic: VEHICLE ACCIDENT -,2018-03-24 07:48:08,HORSHAM,W COUNTY LINE RD & KEITH VALLEY RD,1
40.1114350,-75.0759539,MEADOWBROOK DR & HUNTINGDON PIKE; ABINGTON; 2019-03-15 @ 07:03:02;,19006,Traffic: DISABLED VEHICLE -,2019-03-15 07:03:02,ABINGTON,MEADOWBROOK DR & HUNTINGDON PIKE,1
40.1004231,-75.2070644,RT309 EXPY & RAMP PAPER MILL RD TO RT309 NB; SPRINGFIELD; 2019-11-19 @ 11:55:58;,,Traffic: DISABLED VEHICLE -,2019-11-19 11:55:58,SPRINGFIELD,RT309 EXPY & RAMP PAPER MILL RD TO RT309 NB,1
40.1425074,-75.3236494,SWEDE RD & WOODLYN AVE; EAST NORRITON; 2020-04-13 @ 13:02:22;,19401,Traffic: VEHICLE ACCIDENT -,2020-04-13 13:02:22,EAST NORRITON,SWEDE RD & WOODLYN AVE,1
40.1032496,-75.3106078,CARLAND RD & RIDGE PIKE; PLYMOUTH; 2019-05-14 @ 18:15:49-Station:STA43;,19428,Fire: FIRE ALARM,2019-05-14 18:15:49,PLYMOUTH,CARLAND RD & RIDGE PIKE,1
40.0039355,-75.2347012,HIGHLAND AVE & BRYN MAWR AVE; LOWER MERION; 2016-06-18 @ 22:32:07-Station:STA28;,19004,Fire: CARBON MONOXIDE DETECTOR,2016-06-18 22:32:07,LOWER MERION,HIGHLAND AVE & BRYN MAWR AVE,1
40.1596629,-75.4082221,EAGLEVILLE RD & RIDGE PIKE;  LOWER PROVIDENCE; Station 322; 2017-07-12 @ 14:52:32;,19403,EMS: EMS SPECIAL SERVICE,2017-07-12 14:52:32,LOWER PROVIDENCE,EAGLEVILLE RD & RIDGE PIKE,1
40.1633929,-75.1110720,S YORK RD & S WARMINSTER RD; UPPER MORELAND; 2020-05-27 @ 16:03:13;,19040,Traffic: VEHICLE ACCIDENT -,2020-05-27 16:03:13,UPPER MORELAND,S YORK RD & S WARMINSTER RD,1
40.0960353,-75.4000406,AMERICAN AVE & 1ST AVE;  UPPER MERION; Station 317; 2018-10-07 @ 18:30:55;,19406,EMS: RESPIRATORY EMERGENCY,2018-10-07 18:30:55,UPPER MERION,AMERICAN AVE & 1ST AVE,1
40.0809133,-75.2026651,EVERGREEN AVE & STENTON AVE;  SPRINGFIELD; Station 311; 2016-10-30 @ 15:52:22;,19038,EMS: DIABETIC EMERGENCY,2016-10-30 15:52:22,SPRINGFIELD,EVERGREEN AVE & STENTON AVE,1
40.2484989,-75.4152229,PUTTING GREEN CIR & CHAMPIONSHIP DR; LOWER SALFORD; 2020-05-16 @ 20:28:02-Station:STA89;,19438,Fire: WOODS/FIELD FIRE,2020-05-16 20:28:02,LOWER SALFORD,PUTTING GREEN CIR & CHAMPIONSHIP DR,1
40.2576508,-75.6622418,ROBINSON ST & TUCKER CT;  POTTSTOWN; Station 329; 2019-08-26 @ 11:26:48;,19464,EMS: DIZZINESS,2019-08-26 11:26:48,POTTSTOWN,ROBINSON ST & TUCKER CT,1
40.2498153,-75.2682533,N LINE ST & WENTWORTH DR; MONTGOMERY; 2019-12-20 @ 13:20:56;,19446,Traffic: VEHICLE ACCIDENT -,2019-12-20 13:20:56,MONTGOMERY,N LINE ST & WENTWORTH DR,1
40.4226124,-75.5237066,GRAVEL PIKE & WATER ST;  UPPER HANOVER; Station 369; 2019-07-04 @ 18:21:28;,18070,EMS: CHOKING,2019-07-04 18:21:28,UPPER HANOVER,GRAVEL PIKE & WATER ST,1
40.2541003,-75.3388642,DOCK DR & DETWILER RD;  TOWAMENCIN; Station 345B; 2016-11-02 @ 21:23:33;,19446,EMS: HEMORRHAGING,2016-11-02 21:23:33,TOWAMENCIN,DOCK DR & DETWILER RD,1
40.1463007,-75.0600812,HUNTINGDON PIKE & CALVIN RD;  LOWER MORELAND; Station 355; 2018-08-18 @ 12:27:37;,19006,EMS: CVA/STROKE,2018-08-18 12:27:37,LOWER MORELAND,HUNTINGDON PIKE & CALVIN RD,1
40.1286331,-75.3333637,PINE ST & HEAVNER ALY;  NORRISTOWN; Station 308A; 2018-04-09 @ 13:54:09;,19401,EMS: HEAD INJURY,2018-04-09 13:54:09,NORRISTOWN,PINE ST & HEAVNER ALY,1
40.1666567,-75.1464961,BUSINESS CENTER DR & DRESHER RD; HORSHAM; 2017-04-27 @ 14:17:41;,19044,Traffic: VEHICLE ACCIDENT -,2017-04-27 14:17:41,HORSHAM,BUSINESS CENTER DR & DRESHER RD,1
40.1089740,-75.2138303,BETHLEHEM PIKE & SPRINGFIELD AVE;  SPRINGFIELD; Station 311; 2016-04-22 @ 11:43:52;,19031,EMS: ABDOMINAL PAINS,2016-04-22 11:43:52,SPRINGFIELD,BETHLEHEM PIKE & SPRINGFIELD AVE,1
40.0873931,-75.3515976,CHURCH RD & DREW CT;  UPPER MERION; Station 317; 2016-03-31 @ 10:26:19;,19406,EMS: SEIZURES,2016-03-31 10:26:19,UPPER MERION,CHURCH RD & DREW CT,1
40.0926360,-75.3613250,HENDERSON RD & MONROE RD; UPPER MERION; 2020-04-11 @ 14:57:21;,19406,Traffic: VEHICLE ACCIDENT -,2020-04-11 14:57:21,UPPER MERION,HENDERSON RD & MONROE RD,1
40.1598551,-75.1119191,N YORK RD & FITZWATERTOWN RD; UPPER MORELAND; 2019-04-25 @ 19:37:42;,19090,Traffic: DISABLED VEHICLE -,2019-04-25 19:37:42,UPPER MORELAND,N YORK RD & FITZWATERTOWN RD,1
40.1330371,-75.4084631,SHANNONDELL DR & SHANNONDELL BLVD;  LOWER PROVIDENCE; Station 322A; 2017-05-01 @ 09:18:14;,19403,EMS: CVA/STROKE,2017-05-01 09:18:14,LOWER PROVIDENCE,SHANNONDELL DR & SHANNONDELL BLVD,1
40.1282288,-75.0279857,PHILMONT AVE & HILLSIDE AVE; LOWER MORELAND; 2016-07-02 @ 23:09:04;,19006,Traffic: HAZARDOUS ROAD CONDITIONS -,2016-07-02 23:09:04,LOWER MORELAND,PHILMONT AVE & HILLSIDE AVE,1
40.0946197,-75.3628559,DEKALB PIKE & S HENDERSON RD; UPPER MERION; 2019-03-05 @ 06:59:40;,19406,Traffic: VEHICLE ACCIDENT -,2019-03-05 06:59:40,UPPER MERION,DEKALB PIKE & S HENDERSON RD,1
40.1571783,-75.0718282,BYBERRY RD & READING WAY;  BRYN ATHYN; Station 355; 2017-05-03 @ 09:17:26;,19006,EMS: CARDIAC EMERGENCY,2017-05-03 09:17:26,BRYN ATHYN,BYBERRY RD & READING WAY,1
40.0688245,-75.3112438,CRAWFORD AVE & FRONT ST; WEST CONSHOHOCKEN; 2019-05-16 @ 01:59:17-Station:STA39;,19428,Fire: FIRE ALARM,2019-05-16 01:59:17,WEST CONSHOHOCKEN,CRAWFORD AVE & FRONT ST,1
40.1257930,-75.0737515,TERWOOD DR; LOWER MORELAND; 2019-10-20 @ 18:35:35-Station:STA8;,19006,Fire: VEHICLE ACCIDENT,2019-10-20 18:35:35,LOWER MORELAND,TERWOOD DR,1
40.1234987,-75.1519708,MAPLE AVE & LINCOLN AVE;  ABINGTON; Station 383; 2019-11-15 @ 20:36:24;,19038,EMS: FALL VICTIM,2019-11-15 20:36:24,ABINGTON,MAPLE AVE & LINCOLN AVE,1
40.1417319,-75.3126075,GERMANTOWN PIKE & DEKALB PIKE; EAST NORRITON; 2016-10-14 @ 12:12:12-Station:STA61;,19401,Fire: FIRE ALARM,2016-10-14 12:12:12,EAST NORRITON,GERMANTOWN PIKE & DEKALB PIKE,1
40.3587018,-75.4573621,GERYVILLE PIKE & HOPPENVILLE RD; MARLBOROUGH; 2018-01-13 @ 06:19:37;,18054,Traffic: VEHICLE ACCIDENT -,2018-01-13 06:19:37,MARLBOROUGH,GERYVILLE PIKE & HOPPENVILLE RD,1
40.2109404,-75.2782317,WASHINGTON AVE & POPLAR ALY;  NORTH WALES; Station 345B; 2017-07-27 @ 04:23:59;,19454,EMS: CARDIAC EMERGENCY,2017-07-27 04:23:59,NORTH WALES,WASHINGTON AVE & POPLAR ALY,1
40.0729171,-75.2990696,E ELM ST;  CONSHOHOCKEN; Station 313A; 2018-12-19 @ 09:00:18;,19428,EMS: SEIZURES,2018-12-19 09:00:18,CONSHOHOCKEN,E ELM ST,1
40.1082672,-75.3062326,BROOK RD & BLUEROUTE OVERPASS; PLYMOUTH; 2016-01-07 @ 22:03:01-Station:STA43;,,Fire: FIRE ALARM,2016-01-07 22:03:01,PLYMOUTH,BROOK RD & BLUEROUTE OVERPASS,1
40.2422013,-75.3356069,RAMP I476 TO RT63 & SUMNEYTOWN PIKE; TOWAMENCIN; 2019-01-22 @ 05:07:42;,,Traffic: DISABLED VEHICLE -,2019-01-22 05:07:42,TOWAMENCIN,RAMP I476 TO RT63 & SUMNEYTOWN PIKE,1
40.1497174,-75.2921184,JOLLY RD;  WHITPAIN; Station 385; 2019-07-09 @ 16:24:58;,19422,EMS: VEHICLE ACCIDENT,2019-07-09 16:24:58,WHITPAIN,JOLLY RD,1
40.2290075,-75.3878525,NO LOCATION - NEIGHBORING COUNTY;  CHESTER COUNTY; Station EMS; 2018-08-26 @ 02:05:15;,,EMS: RESPIRATORY EMERGENCY,2018-08-26 02:05:15,CHESTER COUNTY,NO LOCATION - NEIGHBORING COUNTY,1
40.1165258,-75.3405524,DEKALB ST & E MARSHALL ST; NORRISTOWN; 2018-03-12 @ 18:20:59;,19401,Traffic: VEHICLE ACCIDENT -,2018-03-12 18:20:59,NORRISTOWN,DEKALB ST & E MARSHALL ST,1
40.1335870,-75.2010082,PENNSYLVANIA TPKE & RT309 UNDERPASS; UPPER DUBLIN; 2017-08-23 @ 07:57:22;,19034,Traffic: VEHICLE FIRE -,2017-08-23 07:57:22,UPPER DUBLIN,PENNSYLVANIA TPKE & RT309 UNDERPASS,1
40.0860099,-75.3871416,DEKALB PIKE & CROCKETT RD; UPPER MERION; 2016-04-18 @ 17:12:42;,19406,Traffic: VEHICLE ACCIDENT -,2016-04-18 17:12:42,UPPER MERION,DEKALB PIKE & CROCKETT RD,1
40.0951710,-75.4146990,1ST AVE & FREEDOM DR;  UPPER MERION; Station 317; 2017-02-14 @ 19:29:06;,19406,EMS: UNKNOWN MEDICAL EMERGENCY,2017-02-14 19:29:06,UPPER MERION,1ST AVE & FREEDOM DR,1
40.0972222,-75.3761952,SCHUYLKILL EXPY & RAMP RT202 NB TO I76 EB; UPPER MERION; 2020-02-03 @ 09:39:34;,,Traffic: VEHICLE ACCIDENT -,2020-02-03 09:39:34,UPPER MERION,SCHUYLKILL EXPY & RAMP RT202 NB TO I76 EB,1
40.1745150,-75.1754956,WHITNEY LN & TERRACE DR; UPPER DUBLIN; 2019-11-01 @ 08:32:35;,19002,Traffic: ROAD OBSTRUCTION -,2019-11-01 08:32:35,UPPER DUBLIN,WHITNEY LN & TERRACE DR,1
40.3956645,-75.5245862,EAGLES VIEW LN & MACK RD;  UPPER HANOVER; Station 369; 2017-02-11 @ 09:10:48;,18041,EMS: HEAD INJURY,2017-02-11 09:10:48,UPPER HANOVER,EAGLES VIEW LN & MACK RD,1
40.2032522,-75.1306971,WINDING RD & LATCHSTRING LN;  HORSHAM; Station 352; 2017-05-30 @ 11:07:10;,19040,EMS: SUBJECT IN PAIN,2017-05-30 11:07:10,HORSHAM,WINDING RD & LATCHSTRING LN,1
40.1848554,-75.1043323,N YORK RD;  UPPER MORELAND; Station 381; 2016-01-23 @ 04:45:21;,19040,EMS: UNRESPONSIVE SUBJECT,2016-01-23 04:45:21,UPPER MORELAND,N YORK RD,1
40.1528726,-75.4137214,CHARIOT LN & EAGLE STREAM DR;  LOWER PROVIDENCE; Station 322; 2019-03-29 @ 11:19:53;,19403,EMS: GENERAL WEAKNESS,2019-03-29 11:19:53,LOWER PROVIDENCE,CHARIOT LN & EAGLE STREAM DR,1
40.1633929,-75.1110720,S YORK RD & S WARMINSTER RD; UPPER MORELAND; 2019-12-16 @ 17:50:52;,19040,Traffic: DISABLED VEHICLE -,2019-12-16 17:50:52,UPPER MORELAND,S YORK RD & S WARMINSTER RD,1
40.1816167,-75.2312638,PENLLYN PIKE & FOXFIELD RD;  LOWER GWYNEDD; Station 351; 2016-11-02 @ 07:49:55;,19002,EMS: CVA/STROKE,2016-11-02 07:49:55,LOWER GWYNEDD,PENLLYN PIKE & FOXFIELD RD,1
40.2498153,-75.2682533,WENTWORTH DR & N LINE ST;  MONTGOMERY; Station 345; 2019-02-13 @ 09:43:18;,19446,EMS: CARDIAC EMERGENCY,2019-02-13 09:43:18,MONTGOMERY,WENTWORTH DR & N LINE ST,1
40.2606943,-75.6264878,HALE ST & MASTER ST;  POTTSTOWN; Station 329B; 2017-03-20 @ 06:05:41;,19464,EMS: RESPIRATORY EMERGENCY,2017-03-20 06:05:41,POTTSTOWN,HALE ST & MASTER ST,1
40.0734605,-75.1040796,E TOWNSHIP LINE RD & ROLLING HILL RD; ABINGTON; 2016-07-04 @ 22:31:49;,19027,Traffic: VEHICLE ACCIDENT -,2016-07-04 22:31:49,ABINGTON,E TOWNSHIP LINE RD & ROLLING HILL RD,1
40.1903913,-75.2695399,LAFAYETTE AVE & WISSAHICKON GREEN RIBBON TRL;  WHITEMARSH; Station 318; 2016-05-27 @ 19:42:15;,19454,EMS: CARDIAC EMERGENCY,2016-05-27 19:42:15,WHITEMARSH,LAFAYETTE AVE & WISSAHICKON GREEN RIBBON TRL,1
40.0249667,-75.2829046,SCHUYLKILL EXPY & MILL CREEK RD UNDERPASS; LOWER MERION; 2016-06-24 @ 12:12:49;,,Traffic: VEHICLE ACCIDENT -,2016-06-24 12:12:49,LOWER MERION,SCHUYLKILL EXPY & MILL CREEK RD UNDERPASS,1
40.0997844,-75.3025750,RIDGE PIKE & ALAN WOOD RD; PLYMOUTH; 2018-05-24 @ 16:45:47;,19428,Traffic: VEHICLE ACCIDENT -,2018-05-24 16:45:47,PLYMOUTH,RIDGE PIKE & ALAN WOOD RD,1
40.2426192,-75.6179058,QUEEN ST & MOSER RD;  POTTSTOWN; Station 329; 2019-12-20 @ 07:08:32;,19464,EMS: SEIZURES,2019-12-20 07:08:32,POTTSTOWN,QUEEN ST & MOSER RD,1
40.2553982,-75.3068555,WELSH RD & GRIST MILL DR; HATFIELD TOWNSHIP; 2019-06-25 @ 17:24:02;,19446,Traffic: VEHICLE ACCIDENT -,2019-06-25 17:24:02,HATFIELD TOWNSHIP,WELSH RD & GRIST MILL DR,1
40.2290075,-75.3878525,RT422  & RAMP RT422 EB TO RT202 SB; CHESTER COUNTY; 2016-09-02 @ 20:49:18;,,Traffic: DISABLED VEHICLE -,2016-09-02 20:49:18,CHESTER COUNTY,RT422  & RAMP RT422 EB TO RT202 SB,1
40.1483683,-75.2175075,CHURCH ST & BANNOCKBURN AVE;  AMBLER; Station 351; 2018-02-01 @ 05:07:26;,19002,EMS: RESPIRATORY EMERGENCY,2018-02-01 05:07:26,AMBLER,CHURCH ST & BANNOCKBURN AVE,1
40.1220362,-75.3353387,DEKALB ST & E WOOD ST;  NORRISTOWN; Station 308A; 2017-12-27 @ 12:31:02;,19401,EMS: ALTERED MENTAL STATUS,2017-12-27 12:31:02,NORRISTOWN,DEKALB ST & E WOOD ST,1
40.0972222,-75.3761952,RT422  & N GULPH RD UNDERPASS; UPPER MERION; 2016-08-09 @ 18:25:05;,,Traffic: VEHICLE ACCIDENT -,2016-08-09 18:25:05,UPPER MERION,RT422  & N GULPH RD UNDERPASS,1
40.1523192,-75.1965726,FORT WASHINGTON AVE & HAWTHORNE LN; UPPER DUBLIN; 2018-03-20 @ 13:48:59;,19034,Traffic: VEHICLE ACCIDENT -,2018-03-20 13:48:59,UPPER DUBLIN,FORT WASHINGTON AVE & HAWTHORNE LN,1
40.2453741,-75.6496302,RT100 SB & MANATAWNY ST UNDERPASS; POTTSTOWN; 2016-12-23 @ 17:34:02;,,Traffic: VEHICLE ACCIDENT -,2016-12-23 17:34:02,POTTSTOWN,RT100 SB & MANATAWNY ST UNDERPASS,1
40.1202266,-75.3301954,FORNANCE ST & GREEN VALLEY RD;  NORRISTOWN; Station 308A; 2019-09-13 @ 11:24:56;,19401,EMS: RESPIRATORY EMERGENCY,2019-09-13 11:24:56,NORRISTOWN,FORNANCE ST & GREEN VALLEY RD,1
40.1890412,-75.4424657,HILDEBIDLE DR & ALLISON CIR;  LOWER PROVIDENCE; Station 322; 2018-11-27 @ 10:33:51;,19426,EMS: MEDICAL ALERT ALARM,2018-11-27 10:33:51,LOWER PROVIDENCE,HILDEBIDLE DR & ALLISON CIR,1
40.0592340,-75.3393019,SCHUYLKILL EXPY & RAMP I76 WB TO MATSONFORD RD; LOWER MERION; 2020-01-19 @ 10:01:16;,,Traffic: VEHICLE ACCIDENT -,2020-01-19 10:01:16,LOWER MERION,SCHUYLKILL EXPY & RAMP I76 WB TO MATSONFORD RD,1
40.2020579,-75.2554801,DEKALB PIKE & SUMNEYTOWN PIKE; LOWER GWYNEDD; 2016-03-18 @ 16:48:58;,19002,Traffic: VEHICLE ACCIDENT -,2016-03-18 16:48:58,LOWER GWYNEDD,DEKALB PIKE & SUMNEYTOWN PIKE,1
40.1537535,-75.1216041,EASTON RD & LAWNTON RD; UPPER MORELAND; 2019-12-29 @ 11:05:27-Station:STA10;,19090,Fire: GAS-ODOR/LEAK,2019-12-29 11:05:27,UPPER MORELAND,EASTON RD & LAWNTON RD,1
40.1399944,-75.0183258,COUNTY LINE RD & BUXMONT RD;  LOWER MORELAND; Station 355; 2019-12-29 @ 00:39:43;,19006,EMS: RESPIRATORY EMERGENCY,2019-12-29 00:39:43,LOWER MORELAND,COUNTY LINE RD & BUXMONT RD,1
40.1297684,-75.1367457,ROSEWOOD AVE & BIRCHWOOD AVE; ABINGTON; 2019-06-26 @ 23:35:48;,19001,Traffic: VEHICLE ACCIDENT -,2019-06-26 23:35:48,ABINGTON,ROSEWOOD AVE & BIRCHWOOD AVE,1
40.1883595,-75.2950157,SELBY PL & YORKSHIRES DR;  WHITPAIN; Station 385; 2016-01-20 @ 03:50:50;,19422,EMS: DIZZINESS,2016-01-20 03:50:50,WHITPAIN,SELBY PL & YORKSHIRES DR,1
40.0906317,-75.4130907,RT422  & RAMP I76 TO RT422 WB; CHESTER COUNTY; 2019-10-21 @ 17:57:33;,,Traffic: VEHICLE ACCIDENT -,2019-10-21 17:57:33,CHESTER COUNTY,RT422  & RAMP I76 TO RT422 WB,1
40.0815421,-75.1443585,WASHINGTON LN;  CHELTENHAM; Station 358; 2017-04-10 @ 17:15:01;,,EMS: VEHICLE ACCIDENT,2017-04-10 17:15:01,CHELTENHAM,WASHINGTON LN,1
40.0909145,-75.2070697,PAPER MILL RD & SKYLINE DR;  SPRINGFIELD; Station 351A; 2020-04-21 @ 04:55:10;,19038,EMS: RESPIRATORY EMERGENCY,2020-04-21 04:55:10,SPRINGFIELD,PAPER MILL RD & SKYLINE DR,1
40.1370469,-75.3171588,DEKALB PIKE & COLONIAL DR; EAST NORRITON; 2017-09-24 @ 22:39:30-Station:STA61;,19401,Fire: CARBON MONOXIDE DETECTOR,2017-09-24 22:39:30,EAST NORRITON,DEKALB PIKE & COLONIAL DR,1
40.1977430,-75.1160348,MEETINGHOUSE RD & W COUNTY LINE RD;  HORSHAM; Station 352; 2017-10-17 @ 17:44:24;,19040,EMS: HEAD INJURY,2017-10-17 17:44:24,HORSHAM,MEETINGHOUSE RD & W COUNTY LINE RD,1
40.1342892,-75.3161418,CAROL LN & ROBIN LN;  EAST NORRITON; Station 308; 2017-05-28 @ 04:07:52;,19401,EMS: BACK PAINS/INJURY,2017-05-28 04:07:52,EAST NORRITON,CAROL LN & ROBIN LN,1
40.2902855,-75.3176776,TOWNSHIP LINE RD & COWPATH RD; FRANCONIA; 2016-05-24 @ 21:40:59;,18964,Traffic: DISABLED VEHICLE -,2016-05-24 21:40:59,FRANCONIA,TOWNSHIP LINE RD & COWPATH RD,1
40.2391632,-75.3045683,VALLEY FORGE RD & BOYD AVE;  UPPER GWYNEDD; Station 345B; 2020-06-19 @ 21:13:15;,19446,EMS: HEMORRHAGING,2020-06-19 21:13:15,UPPER GWYNEDD,VALLEY FORGE RD & BOYD AVE,1
40.1613015,-75.4000408,MT KIRK AVE & LONGACRE RD; LOWER PROVIDENCE; 2016-11-21 @ 11:43:45-Station:STA53;,19403,Fire: FIRE INVESTIGATION,2016-11-21 11:43:45,LOWER PROVIDENCE,MT KIRK AVE & LONGACRE RD,1
40.0890316,-75.1796452,HILLCREST AVE;  SPRINGFIELD; Station 311; 2016-06-15 @ 21:41:46;,19038,EMS: VEHICLE ACCIDENT,2016-06-15 21:41:46,SPRINGFIELD,HILLCREST AVE,1
40.1685378,-75.4982005,BLACK ROCK RD & S TRAPPE RD;  UPPER PROVIDENCE; Station 325; 2020-01-26 @ 11:52:47;,19468,EMS: RESPIRATORY EMERGENCY,2020-01-26 11:52:47,UPPER PROVIDENCE,BLACK ROCK RD & S TRAPPE RD,1
40.1568468,-75.1019942,EASTON RD & RAMP I276 TO RT611 SB; UPPER MORELAND; 2018-07-26 @ 08:07:13;,,Traffic: VEHICLE ACCIDENT -,2018-07-26 08:07:13,UPPER MORELAND,EASTON RD & RAMP I276 TO RT611 SB,1
40.0025642,-75.2236498,E CITY AVE & N 47TH ST; LOWER MERION; 2020-04-18 @ 00:24:10;,19004,Traffic: VEHICLE ACCIDENT -,2020-04-18 00:24:10,LOWER MERION,E CITY AVE & N 47TH ST,1
40.0943033,-75.1237538,WASHINGTON LN & GREENWOOD AVE; ABINGTON; 2019-10-07 @ 10:54:27;,19046,Traffic: HAZARDOUS ROAD CONDITIONS -,2019-10-07 10:54:27,ABINGTON,WASHINGTON LN & GREENWOOD AVE,1
40.2113652,-75.2801761,MAIN ST & ELM AVE; NORTH WALES; 2016-08-07 @ 05:07:13-Station:STA62;,19454,Fire: FIRE ALARM,2016-08-07 05:07:13,NORTH WALES,MAIN ST & ELM AVE,1
40.1330371,-75.4084631,SHANNONDELL DR & SHANNONDELL BLVD;  LOWER PROVIDENCE; Station 322A; 2017-03-11 @ 13:34:28;,19403,EMS: FALL VICTIM,2017-03-11 13:34:28,LOWER PROVIDENCE,SHANNONDELL DR & SHANNONDELL BLVD,1
40.1405049,-75.3108737,GERMANTOWN PIKE & HANNAH AVE;  EAST NORRITON; Station 308; 2019-07-04 @ 22:26:54;,19401,EMS: CARDIAC EMERGENCY,2019-07-04 22:26:54,EAST NORRITON,GERMANTOWN PIKE & HANNAH AVE,1
40.1644656,-75.1353356,BLAIR MILL RD & WITMER RD;  UPPER MORELAND; Station 384; 2017-07-21 @ 13:46:16;,19044,EMS: CARDIAC EMERGENCY,2017-07-21 13:46:16,UPPER MORELAND,BLAIR MILL RD & WITMER RD,1
40.2902388,-75.6335101,GILBERTSVILLE RD; UPPER POTTSGROVE; 2017-08-01 @ 17:26:57-Station:STA79;,19464,Fire: BUILDING FIRE,2017-08-01 17:26:57,UPPER POTTSGROVE,GILBERTSVILLE RD,1
40.2465386,-75.6488196,KING ST & PENN ST;  POTTSTOWN; Station 329; 2019-11-07 @ 04:14:17;,19464,EMS: CARDIAC EMERGENCY,2019-11-07 04:14:17,POTTSTOWN,KING ST & PENN ST,1
40.1256627,-75.3337158,POWELL ST & E FREEDLEY ST;  NORRISTOWN; Station 308A; 2020-06-11 @ 08:44:16;,19401,EMS: FEVER,2020-06-11 08:44:16,NORRISTOWN,POWELL ST & E FREEDLEY ST,1
40.2288994,-75.2624611,WELSH RD & NORTH WALES RD;  MONTGOMERY; Station 345A; 2017-04-30 @ 15:03:11;,19454,EMS: ABDOMINAL PAINS,2017-04-30 15:03:11,MONTGOMERY,WELSH RD & NORTH WALES RD,1
40.2352518,-75.6558036,KLINE AVE & LINDBERG AVE;  CHESTER COUNTY; Station 3A84; 2017-07-29 @ 16:52:08;,19465,EMS: OVERDOSE,2017-07-29 16:52:08,CHESTER COUNTY,KLINE AVE & LINDBERG AVE,1
40.1382805,-75.3630831,N WHITEHALL RD & STERIGERE ST; WEST NORRITON; 2019-05-04 @ 22:23:31;,19403,Traffic: ROAD OBSTRUCTION -,2019-05-04 22:23:31,WEST NORRITON,N WHITEHALL RD & STERIGERE ST,1
40.0765750,-75.1278730,OLD YORK RD & W CHURCH RD;  CHELTENHAM; Station 358; 2019-04-26 @ 11:26:38;,19027,EMS: VEHICLE FIRE,2019-04-26 11:26:38,CHELTENHAM,OLD YORK RD & W CHURCH RD,1
40.2890267,-75.3995896,MAIN ST & OLD SUMNEYTOWN PIKE;  LOWER SALFORD; Station 344; 2016-08-27 @ 15:28:50;,19438,EMS: HEAD INJURY,2016-08-27 15:28:50,LOWER SALFORD,MAIN ST & OLD SUMNEYTOWN PIKE,1
40.1594470,-75.4167478,WILSON BLVD & AMELIA ST; LOWER PROVIDENCE; 2016-09-07 @ 06:59:14;,19403,Traffic: DISABLED VEHICLE -,2016-09-07 06:59:14,LOWER PROVIDENCE,WILSON BLVD & AMELIA ST,1
40.2475707,-75.2440768,BETHLEHEM PIKE & HORSHAM RD; MONTGOMERY; 2017-07-26 @ 15:24:28;,19446,Traffic: DISABLED VEHICLE -,2017-07-26 15:24:28,MONTGOMERY,BETHLEHEM PIKE & HORSHAM RD,1
40.0730873,-75.3906088,TRILLIUM LN & CROTON RD; UPPER MERION; 2019-10-01 @ 15:51:03;,19087,Traffic: VEHICLE ACCIDENT -,2019-10-01 15:51:03,UPPER MERION,TRILLIUM LN & CROTON RD,1
40.3229120,-75.4769038,CRUSHER RD & PERKIOMEN TRL; MARLBOROUGH; 2019-10-22 @ 08:37:40;,18074,Traffic: VEHICLE ACCIDENT -,2019-10-22 08:37:40,MARLBOROUGH,CRUSHER RD & PERKIOMEN TRL,1
40.1431817,-75.3308768,STANBRIDGE ST & DOGWOOD LN;  EAST NORRITON; Station 308B; 2018-03-22 @ 17:27:51;,19401,EMS: OVERDOSE,2018-03-22 17:27:51,EAST NORRITON,STANBRIDGE ST & DOGWOOD LN,1
40.2563601,-75.6400219,CHARLOTTE ST & NIGHTINGALE ST;  POTTSTOWN; Station 329; 2016-02-16 @ 08:28:38;,19464,EMS: UNCONSCIOUS SUBJECT,2016-02-16 08:28:38,POTTSTOWN,CHARLOTTE ST & NIGHTINGALE ST,1
40.3048721,-75.3270049,BROAD ST & N HUNSBERGER LN; SOUDERTON; 2016-09-03 @ 18:58:29-Station:STA74;,18964,Fire: VEHICLE ACCIDENT,2016-09-03 18:58:29,SOUDERTON,BROAD ST & N HUNSBERGER LN,1
40.3974904,-75.4950467,PENN ST & E 5TH ST;  PENNSBURG; Station 369; 2016-02-15 @ 12:40:58;,18073,EMS: UNKNOWN MEDICAL EMERGENCY,2016-02-15 12:40:58,PENNSBURG,PENN ST & E 5TH ST,1
40.1294478,-75.3120097,NEW HOPE ST & SAW MILL CT; EAST NORRITON; 2016-10-01 @ 08:40:05-Station:STA61;,19401,Fire: FIRE ALARM,2016-10-01 08:40:05,EAST NORRITON,NEW HOPE ST & SAW MILL CT,1
40.1521201,-75.3051426,SWEDE RD & DEKALB PIKE;  WHITPAIN; Station 385; 2019-02-02 @ 23:50:15;,19422,EMS: VEHICLE ACCIDENT,2019-02-02 23:50:15,WHITPAIN,SWEDE RD & DEKALB PIKE,1
40.1784422,-75.1285061,BETHLEHEM PIKE & JUGHANDLE; HORSHAM; 2019-06-23 @ 12:29:28;,,Traffic: VEHICLE ACCIDENT -,2019-06-23 12:29:28,HORSHAM,BETHLEHEM PIKE & JUGHANDLE,1
40.2457310,-75.3416869,SUMNEYTOWN PIKE & TOWAMENCIN AVE;  TOWAMENCIN; Station 345B; 2020-06-15 @ 12:19:00;,19438,EMS: SEIZURES,2020-06-15 12:19:00,TOWAMENCIN,SUMNEYTOWN PIKE & TOWAMENCIN AVE,1
40.1828533,-75.4039410,GRANGE AVE & MILL RD;  WORCESTER; Station 336; 2019-03-12 @ 17:30:29;,19426,EMS: VEHICLE ACCIDENT,2019-03-12 17:30:29,WORCESTER,GRANGE AVE & MILL RD,1
40.0005586,-75.2426473,N HIGHLAND AVE;  LOWER MERION; Station 313; 2016-02-02 @ 11:29:18;,,EMS: UNKNOWN MEDICAL EMERGENCY,2016-02-02 11:29:18,LOWER MERION,N HIGHLAND AVE,1
40.2910476,-75.6439513,FARMINGTON AVE & W MOYER RD; UPPER POTTSGROVE; 2016-10-27 @ 20:42:06;,19464,Traffic: VEHICLE ACCIDENT -,2016-10-27 20:42:06,UPPER POTTSGROVE,FARMINGTON AVE & W MOYER RD,1
40.1291253,-75.1389062,JOHNSTON AVE & FERNWOOD AVE;  ABINGTON; Station 381; 2018-09-26 @ 15:42:57;,19001,EMS: BACK PAINS/INJURY,2018-09-26 15:42:57,ABINGTON,JOHNSTON AVE & FERNWOOD AVE,1
40.2749442,-75.5982007,RHOADS RD & BLEIM RD; LOWER POTTSGROVE; 2017-01-19 @ 03:21:59-Station:STA59;,19464,Fire: FIRE ALARM,2017-01-19 03:21:59,LOWER POTTSGROVE,RHOADS RD & BLEIM RD,1
40.2212303,-75.3425215,EXTENSION PENNSYLVANIA TPKE & MORRIS RD ACCESS GATE; TOWAMENCIN; 2019-12-14 @ 00:51:05;,,Traffic: DISABLED VEHICLE -,2019-12-14 00:51:05,TOWAMENCIN,EXTENSION PENNSYLVANIA TPKE & MORRIS RD ACCESS GATE,1
40.1267090,-75.1312840,EASTON RD & ARLINGTON AVE; ABINGTON; 2017-02-08 @ 11:50:24;,19001,Traffic: DISABLED VEHICLE -,2017-02-08 11:50:24,ABINGTON,EASTON RD & ARLINGTON AVE,1
40.2620034,-75.2707110,COWPATH RD & ROOSEVELT BLVD; HATFIELD TOWNSHIP; 2017-01-18 @ 17:26:38;,19440,Traffic: VEHICLE ACCIDENT -,2017-01-18 17:26:38,HATFIELD TOWNSHIP,COWPATH RD & ROOSEVELT BLVD,1
40.1835364,-75.2217608,NORRISTOWN RD & MCKEAN RD; LOWER GWYNEDD; 2019-08-05 @ 14:19:10-Station:STA7;,19002,Fire: FIRE ALARM,2019-08-05 14:19:10,LOWER GWYNEDD,NORRISTOWN RD & MCKEAN RD,1
40.1133720,-75.3413966,GREEN ST & E MAIN ST;  NORRISTOWN; Station 308A; 2017-08-27 @ 03:48:11;,19401,EMS: SUBJECT IN PAIN,2017-08-27 03:48:11,NORRISTOWN,GREEN ST & E MAIN ST,1
40.2597420,-75.6498524,STATE ST & REYNOLDS AVE; POTTSTOWN; 2017-05-27 @ 01:46:56-Station:STA69;,19464,Fire: FIRE ALARM,2017-05-27 01:46:56,POTTSTOWN,STATE ST & REYNOLDS AVE,1
40.2701277,-75.3939337,WINDSOR DR & WEXFORD CIR; LOWER SALFORD; 2017-10-19 @ 19:02:59;,19438,Traffic: VEHICLE ACCIDENT -,2017-10-19 19:02:59,LOWER SALFORD,WINDSOR DR & WEXFORD CIR,1
40.1243602,-75.3815526,BRANDON RD & S SCHUYLKILL AVE;  WEST NORRITON; Station 308B; 2018-01-21 @ 08:14:19;,19403,EMS: FALL VICTIM,2018-01-21 08:14:19,WEST NORRITON,BRANDON RD & S SCHUYLKILL AVE,1
40.1198332,-75.1253492,CEDARWOOD LN & DEAD END;  ABINGTON; Station 382; 2018-05-26 @ 09:26:27;,,EMS: CARDIAC EMERGENCY,2018-05-26 09:26:27,ABINGTON,CEDARWOOD LN & DEAD END,1
40.0077190,-75.2501150,MONTGOMERY AVE & MERION RD;  LOWER MERION; Station 313; 2016-12-06 @ 13:39:28;,19066,EMS: SEIZURES,2016-12-06 13:39:28,LOWER MERION,MONTGOMERY AVE & MERION RD,1
40.2725380,-75.6416111,FARMINGTON AVE & STEINMETZ RD; UPPER POTTSGROVE; 2017-08-01 @ 05:52:32-Station:STA79;,19464,Fire: VEHICLE ACCIDENT,2017-08-01 05:52:32,UPPER POTTSGROVE,FARMINGTON AVE & STEINMETZ RD,1
40.1196045,-75.2849004,GERMANTOWN PIKE & ATRIUM WAY;  PLYMOUTH; Station 308; 2020-02-12 @ 23:02:07;,19462,EMS: NAUSEA/VOMITING,2020-02-12 23:02:07,PLYMOUTH,GERMANTOWN PIKE & ATRIUM WAY,1
40.2506985,-75.5350924,SWAMP PIKE;  LIMERICK; Station 324A; 2018-08-08 @ 18:57:59;,,EMS: OVERDOSE,2018-08-08 18:57:59,LIMERICK,SWAMP PIKE,1
40.2606313,-75.2984160,ORVILLA RD & LEON DR; HATFIELD TOWNSHIP; 2020-03-11 @ 21:38:22;,19440,Traffic: VEHICLE ACCIDENT -,2020-03-11 21:38:22,HATFIELD TOWNSHIP,ORVILLA RD & LEON DR,1
40.2923795,-75.4489763,HARMON RD & SALFORD ST; UPPER SALFORD; 2016-03-29 @ 09:13:27;,19438,Traffic: ROAD OBSTRUCTION -,2016-03-29 09:13:27,UPPER SALFORD,HARMON RD & SALFORD ST,1
40.1628041,-75.0978484,S YORK RD & TURNPIKE OVERPASS; UPPER MORELAND; 2016-11-03 @ 20:13:11;,19040,Traffic: ROAD OBSTRUCTION -,2016-11-03 20:13:11,UPPER MORELAND,S YORK RD & TURNPIKE OVERPASS,1
40.0097065,-75.2904010,MILL CREEK RD & W MONTGOMERY AVE; LOWER MERION; 2016-10-29 @ 05:55:32-Station:STA25;,19003,Fire: RESCUE - ELEVATOR,2016-10-29 05:55:32,LOWER MERION,MILL CREEK RD & W MONTGOMERY AVE,1
40.2905025,-75.4267963,SHELLY RD & OLD SKIPPACK RD;  UPPER SALFORD; Station 344A; 2016-09-24 @ 20:22:29;,19473,EMS: UNCONSCIOUS SUBJECT,2016-09-24 20:22:29,UPPER SALFORD,SHELLY RD & OLD SKIPPACK RD,1
40.1323070,-75.3588272,NORTHRIDGE DR & BITTERSWEET CT; WEST NORRITON; 2017-05-28 @ 22:24:07-Station:STA46;,19403,Fire: GAS-ODOR/LEAK,2017-05-28 22:24:07,WEST NORRITON,NORTHRIDGE DR & BITTERSWEET CT,1
40.0388690,-75.2574850,OAKWOOD DR & OAKWOOD TER;  LOWER MERION; Station 313; 2018-08-02 @ 15:56:47;,19072,EMS: FALL VICTIM,2018-08-02 15:56:47,LOWER MERION,OAKWOOD DR & OAKWOOD TER,1
40.1252400,-75.3539632,BUTTONWOOD ST & W OAK ST;  NORRISTOWN; Station 308A; 2017-10-02 @ 14:00:11;,19401,EMS: RESPIRATORY EMERGENCY,2017-10-02 14:00:11,NORRISTOWN,BUTTONWOOD ST & W OAK ST,1
40.1003438,-75.2939548,GALLAGHER RD & CHEMICAL RD; PLYMOUTH; 2016-12-28 @ 15:23:44;,19462,Traffic: DISABLED VEHICLE -,2016-12-28 15:23:44,PLYMOUTH,GALLAGHER RD & CHEMICAL RD,1
40.0028699,-75.2407232,SUMMIT LN & OLD LANCASTER RD; LOWER MERION; 2016-02-29 @ 16:10:32;,19004,Traffic: VEHICLE ACCIDENT -,2016-02-29 16:10:32,LOWER MERION,SUMMIT LN & OLD LANCASTER RD,1
39.9859173,-75.2676687,YARMOUTH RD & WILTSHIRE RD; LOWER MERION; 2017-06-16 @ 11:34:35-Station:STA21;,19096,Fire: CARBON MONOXIDE DETECTOR,2017-06-16 11:34:35,LOWER MERION,YARMOUTH RD & WILTSHIRE RD,1
40.2988890,-75.5000022,FAUST RD & LITTLE RD;  UPPER FREDERICK; Station 344A; 2017-06-03 @ 21:55:29;,18074,EMS: FEVER,2017-06-03 21:55:29,UPPER FREDERICK,FAUST RD & LITTLE RD,1
40.0611230,-75.0986900,ASHBOURNE RD & FOSTER RD; CHELTENHAM; 2017-02-08 @ 11:54:16-Station:STA4;,19012,Fire: FIRE ALARM,2017-02-08 11:54:16,CHELTENHAM,ASHBOURNE RD & FOSTER RD,1
39.9929860,-75.2649920,LANCASTER AVE & INDIAN CREEK RD; LOWER MERION; 2018-07-09 @ 16:02:56;,19096,Traffic: DISABLED VEHICLE -,2018-07-09 16:02:56,LOWER MERION,LANCASTER AVE & INDIAN CREEK RD,1
40.1685378,-75.4982005,BLACK ROCK RD & S TRAPPE RD;  UPPER PROVIDENCE; Station 325; 2018-02-01 @ 11:26:49;,19468,EMS: CARDIAC EMERGENCY,2018-02-01 11:26:49,UPPER PROVIDENCE,BLACK ROCK RD & S TRAPPE RD,1
40.2153644,-75.3327255,MORRIS RD & VALLEY VIEW WAY; WORCESTER; 2018-01-17 @ 03:14:13;,19446,Traffic: VEHICLE ACCIDENT -,2018-01-17 03:14:13,WORCESTER,MORRIS RD & VALLEY VIEW WAY,1
40.1440198,-75.0495452,BYBERRY RD;  LOWER MORELAND; Station 355; 2020-01-11 @ 05:05:31;,19006,EMS: FRACTURE,2020-01-11 05:05:31,LOWER MORELAND,BYBERRY RD,1
39.9888270,-75.2786720,HAVERFORD RD & REMINGTON RD; LOWER MERION; 2017-02-03 @ 18:37:51;,19096,Traffic: DISABLED VEHICLE -,2017-02-03 18:37:51,LOWER MERION,HAVERFORD RD & REMINGTON RD,1
40.1369729,-75.4727228,RT422  & RAMP RT422 WB TO EGYPT RD; UPPER PROVIDENCE; 2019-01-28 @ 20:24:37;,,Traffic: ROAD OBSTRUCTION -,2019-01-28 20:24:37,UPPER PROVIDENCE,RT422  & RAMP RT422 WB TO EGYPT RD,1
40.0850736,-75.3886248,W DEKALB PIKE & N GULPH RD; UPPER MERION; 2017-06-04 @ 22:27:54;,19406,Traffic: VEHICLE ACCIDENT -,2017-06-04 22:27:54,UPPER MERION,W DEKALB PIKE & N GULPH RD,1
40.1664591,-75.4816509,ARCOLA RD & WATER LOOP LN; UPPER PROVIDENCE; 2019-07-31 @ 08:30:27;,19426,Traffic: ROAD OBSTRUCTION -,2019-07-31 08:30:27,UPPER PROVIDENCE,ARCOLA RD & WATER LOOP LN,1
40.1208390,-75.1182902,OLD YORK RD;  ABINGTON; Station 382; 2019-06-11 @ 21:13:30;,19001,EMS: UNCONSCIOUS SUBJECT,2019-06-11 21:13:30,ABINGTON,OLD YORK RD,1
40.1090929,-75.2726447,BUTLER PIKE & FLOURTOWN RD; PLYMOUTH; 2018-10-10 @ 15:36:00;,19462,Traffic: VEHICLE ACCIDENT -,2018-10-10 15:36:00,PLYMOUTH,BUTLER PIKE & FLOURTOWN RD,1
40.1330371,-75.4084631,SHANNONDELL DR & SHANNONDELL BLVD;  LOWER PROVIDENCE; Station 322A; 2016-10-24 @ 23:38:24;,19403,EMS: UNKNOWN MEDICAL EMERGENCY,2016-10-24 23:38:24,LOWER PROVIDENCE,SHANNONDELL DR & SHANNONDELL BLVD,1
40.2566279,-75.2612699,N LINE ST & COWPATH RD; MONTGOMERY; 2017-05-03 @ 06:42:01;,19446,Traffic: VEHICLE ACCIDENT -,2017-05-03 06:42:01,MONTGOMERY,N LINE ST & COWPATH RD,1
40.0681709,-75.3626548,PINE HILL RD & GYPSY LN; UPPER MERION; 2019-11-01 @ 00:45:16;,19087,Traffic: ROAD OBSTRUCTION -,2019-11-01 00:45:16,UPPER MERION,PINE HILL RD & GYPSY LN,1
40.0712483,-75.3046127,ASH ST & WASHINGTON ST; CONSHOHOCKEN; 2019-04-18 @ 12:09:03;,19428,Traffic: ROAD OBSTRUCTION -,2019-04-18 12:09:03,CONSHOHOCKEN,ASH ST & WASHINGTON ST,1
40.2950916,-75.2784652,BETHLEHEM PIKE & MILL RD; HATFIELD TOWNSHIP; 2020-03-09 @ 06:53:30;,19440,Traffic: VEHICLE ACCIDENT -,2020-03-09 06:53:30,HATFIELD TOWNSHIP,BETHLEHEM PIKE & MILL RD,1
40.1167103,-75.1072007,WOODLAND RD & SCHOOL LN; ABINGTON; 2019-08-29 @ 09:27:46;,19046,Traffic: VEHICLE ACCIDENT -,2019-08-29 09:27:46,ABINGTON,WOODLAND RD & SCHOOL LN,1
40.2304548,-75.6339815,WORTH BLVD & TYSON ST;  CHESTER COUNTY; Station 3A84; 2020-04-03 @ 12:50:05;,19465,EMS: OVERDOSE,2020-04-03 12:50:05,CHESTER COUNTY,WORTH BLVD & TYSON ST,1
40.0535546,-75.3024440,CALAWAY LN & ST ANDREWS RD;  LOWER MERION; Station 313A; 2019-12-14 @ 09:42:49;,19010,EMS: RESPIRATORY EMERGENCY,2019-12-14 09:42:49,LOWER MERION,CALAWAY LN & ST ANDREWS RD,1
40.1361182,-75.3720025,PENFIELD AVE & UNION ST;  WEST NORRITON; Station 308B; 2020-06-05 @ 16:54:16;,19403,EMS: CVA/STROKE,2020-06-05 16:54:16,WEST NORRITON,PENFIELD AVE & UNION ST,1
40.1908040,-75.4345396,TOWNSHIP LINE RD & ROBIN LN; SKIPPACK; 2016-04-21 @ 17:27:21-Station:STA86;,19426,Fire: FIRE ALARM,2016-04-21 17:27:21,SKIPPACK,TOWNSHIP LINE RD & ROBIN LN,1
40.1120824,-75.3298582,SANDY ST & TREMONT AVE;  NORRISTOWN; Station 308A; 2019-12-16 @ 03:19:49;,19401,EMS: ABDOMINAL PAINS,2019-12-16 03:19:49,NORRISTOWN,SANDY ST & TREMONT AVE,1
40.2490184,-75.6451884,BEECH ST & N EVANS ST;  POTTSTOWN; Station 329; 2017-01-13 @ 00:48:04;,19464,EMS: CARDIAC EMERGENCY,2017-01-13 00:48:04,POTTSTOWN,BEECH ST & N EVANS ST,1
40.0665965,-75.1202484,BROOKVIEW PL & ASHBOURNE RD;  CHELTENHAM; Station 358; 2016-04-29 @ 09:47:23;,19027,EMS: SUBJECT IN PAIN,2016-04-29 09:47:23,CHELTENHAM,BROOKVIEW PL & ASHBOURNE RD,1
40.1330371,-75.4084631,SHANNONDELL DR & SHANNONDELL BLVD;  LOWER PROVIDENCE; Station 322A; 2017-10-10 @ 05:05:10;,19403,EMS: RESPIRATORY EMERGENCY,2017-10-10 05:05:10,LOWER PROVIDENCE,SHANNONDELL DR & SHANNONDELL BLVD,1
40.3264584,-75.5338786,LITTLE RD & HOUSEMAN RD; NEW HANOVER; 2017-05-03 @ 18:16:05;,18074,Traffic: VEHICLE ACCIDENT -,2017-05-03 18:16:05,NEW HANOVER,LITTLE RD & HOUSEMAN RD,1
40.1332601,-75.1356808,ST CHARLES PL & PERSHING AVE;  ABINGTON; Station 381; 2018-06-15 @ 17:23:14;,19001,EMS: RESPIRATORY EMERGENCY,2018-06-15 17:23:14,ABINGTON,ST CHARLES PL & PERSHING AVE,1
40.2048367,-75.2228211,WELSH RD & LOWER STATE RD; HORSHAM; 2020-03-06 @ 05:53:44;,19002,Traffic: VEHICLE ACCIDENT -,2020-03-06 05:53:44,HORSHAM,WELSH RD & LOWER STATE RD,1
40.0335780,-75.2670955,SCHUYLKILL EXPY & CONSHOHOCKEN STATE UNDERPASS; LOWER MERION; 2019-08-03 @ 13:26:31;,,Traffic: VEHICLE ACCIDENT -,2019-08-03 13:26:31,LOWER MERION,SCHUYLKILL EXPY & CONSHOHOCKEN STATE UNDERPASS,1
40.0738876,-75.3062628,1ST AVE & FAYETTE ST;  CONSHOHOCKEN; Station 313A; 2018-01-01 @ 00:41:41;,19428,EMS: OVERDOSE,2018-01-01 00:41:41,CONSHOHOCKEN,1ST AVE & FAYETTE ST,1
40.1585699,-75.1802873,LIMEKILN PIKE & DILLON RD;  UPPER DUBLIN; Station 351; 2016-10-15 @ 08:19:28;,19002,EMS: UNCONSCIOUS SUBJECT,2016-10-15 08:19:28,UPPER DUBLIN,LIMEKILN PIKE & DILLON RD,1
40.0177675,-75.2300543,BELMONT AVE & OVERHILL RD; LOWER MERION; 2015-12-10 @ 23:02:27;,19004,Traffic: DISABLED VEHICLE -,2015-12-10 23:02:27,LOWER MERION,BELMONT AVE & OVERHILL RD,1
40.0794105,-75.3217118,RIVER RD;  UPPER MERION; Station 356; 2020-06-07 @ 10:08:06;,19406,EMS: UNKNOWN MEDICAL EMERGENCY,2020-06-07 10:08:06,UPPER MERION,RIVER RD,1
39.9898980,-75.2584300,LANCASTER AVE & LANKENAU DR; LOWER MERION; 2018-11-14 @ 12:35:48;,19096,Traffic: VEHICLE ACCIDENT -,2018-11-14 12:35:48,LOWER MERION,LANCASTER AVE & LANKENAU DR,1
40.1276620,-75.3004047,VIRGINIA RD;  PLYMOUTH; Station 308; 2019-04-13 @ 19:57:01;,19462,EMS: VEHICLE ACCIDENT,2019-04-13 19:57:01,PLYMOUTH,VIRGINIA RD,1
40.1147142,-75.3399519,AIRY ST & HIGH ALY;  NORRISTOWN; Station 308A; 2018-07-14 @ 04:45:03;,19401,EMS: UNKNOWN MEDICAL EMERGENCY,2018-07-14 04:45:03,NORRISTOWN,AIRY ST & HIGH ALY,1
40.1665145,-75.4721505,RAMP RT29 TO RT422  & S COLLEGEVILLE RD; UPPER PROVIDENCE; 2019-04-01 @ 17:23:17;,,Traffic: VEHICLE ACCIDENT -,2019-04-01 17:23:17,UPPER PROVIDENCE,RAMP RT29 TO RT422  & S COLLEGEVILLE RD,1
40.2502364,-75.6662773,W KING ST;  POTTSTOWN; Station 329; 2018-10-01 @ 10:54:54;,19464,EMS: UNRESPONSIVE SUBJECT,2018-10-01 10:54:54,POTTSTOWN,W KING ST,1
40.3116295,-75.3310962,SUMMIT ST & COLONIAL AVE;  FRANCONIA; Station 339; 2017-10-18 @ 20:57:07;,18964,EMS: FALL VICTIM,2017-10-18 20:57:07,FRANCONIA,SUMMIT ST & COLONIAL AVE,1
40.2835032,-75.5985666,ANNETO DR & LOMARA DR; NEW HANOVER; 2018-12-05 @ 18:15:19-Station:STA37;,19525,Fire: GAS-ODOR/LEAK,2018-12-05 18:15:19,NEW HANOVER,ANNETO DR & LOMARA DR,1
40.1825919,-75.1315976,EASTON RD & DRESHER RD; HORSHAM; 2017-02-24 @ 11:36:24;,19044,Traffic: ROAD OBSTRUCTION -,2017-02-24 11:36:24,HORSHAM,EASTON RD & DRESHER RD,1
40.1089430,-75.3798972,SWEETBRIAR CIR & LUKENS LN;  UPPER MERION; Station 317; 2018-09-01 @ 07:18:29;,19406,EMS: FALL VICTIM,2018-09-01 07:18:29,UPPER MERION,SWEETBRIAR CIR & LUKENS LN,1
40.1784422,-75.1285061,BEATRICE AVE & SHORT WAY; HORSHAM; 2019-05-09 @ 18:51:44-Station:STA15;,,Fire: BUILDING FIRE,2019-05-09 18:51:44,HORSHAM,BEATRICE AVE & SHORT WAY,1
40.2582531,-75.2482301,BETHLEHEM PIKE & TAYLOR RD;  MONTGOMERY; Station 345; 2018-09-10 @ 01:25:53;,19446,EMS: ALTERED MENTAL STATUS,2018-09-10 01:25:53,MONTGOMERY,BETHLEHEM PIKE & TAYLOR RD,1
40.0885238,-75.1273348,OLD YORK RD & LENOX RD; ABINGTON; 2017-08-20 @ 13:47:00;,19046,Traffic: DISABLED VEHICLE -,2017-08-20 13:47:00,ABINGTON,OLD YORK RD & LENOX RD,1
40.1172651,-75.3481270,MARKLEY ST & ANN ST;  NORRISTOWN; Station 308A; 2019-06-10 @ 20:36:19;,19401,EMS: UNKNOWN MEDICAL EMERGENCY,2019-06-10 20:36:19,NORRISTOWN,MARKLEY ST & ANN ST,1
40.0827599,-75.1194993,TOWNSHIP LINE RD & FORREST AVE; ABINGTON; 2019-11-05 @ 11:17:38;,19027,Traffic: DISABLED VEHICLE -,2019-11-05 11:17:38,ABINGTON,TOWNSHIP LINE RD & FORREST AVE,1
40.2825204,-75.6369829,ASPEN DR & MAUGERS MILL RD;  UPPER POTTSGROVE; Station 329B; 2020-05-07 @ 05:39:10;,19464,EMS: FALL VICTIM,2020-05-07 05:39:10,UPPER POTTSGROVE,ASPEN DR & MAUGERS MILL RD,1
40.2413204,-75.2428276,BETHLEHEM PIKE & NORTH WALES RD; MONTGOMERY; 2019-02-14 @ 15:12:45;,19454,Traffic: VEHICLE ACCIDENT -,2019-02-14 15:12:45,MONTGOMERY,BETHLEHEM PIKE & NORTH WALES RD,1
40.2164848,-75.5699186,LIMERICK CENTER RD & SARA LN;  LIMERICK; Station 324A; 2017-07-30 @ 07:10:37;,19468,EMS: HEAD INJURY,2017-07-30 07:10:37,LIMERICK,LIMERICK CENTER RD & SARA LN,1
40.0265653,-75.3283109,MATSONS FORD RD & S COUNTY LINE RD; LOWER MERION; 2018-08-31 @ 15:52:28;,19010,Traffic: VEHICLE ACCIDENT -,2018-08-31 15:52:28,LOWER MERION,MATSONS FORD RD & S COUNTY LINE RD,1
40.3249920,-75.3281748,LUTHERAN HOME DR & DEAD END;  TELFORD; Station 339; 2020-06-18 @ 15:31:34;,,EMS: FALL VICTIM,2020-06-18 15:31:34,TELFORD,LUTHERAN HOME DR & DEAD END,1
40.0755363,-75.3046354,3RD AVE & FAYETTE ST;  CONSHOHOCKEN; Station 313A; 2016-05-29 @ 21:03:47;,19428,EMS: ABDOMINAL PAINS,2016-05-29 21:03:47,CONSHOHOCKEN,3RD AVE & FAYETTE ST,1
40.0854607,-75.1148058,FORREST AVE & JENKINTOWN RD; ABINGTON; 2019-10-11 @ 22:58:37;,19027,Traffic: VEHICLE ACCIDENT -,2019-10-11 22:58:37,ABINGTON,FORREST AVE & JENKINTOWN RD,1
40.0889580,-75.4083470,GODDARD BLVD & N GULPH RD; UPPER MERION; 2017-03-05 @ 17:06:53;,19406,Traffic: VEHICLE ACCIDENT -,2017-03-05 17:06:53,UPPER MERION,GODDARD BLVD & N GULPH RD,1
40.0672961,-75.3186600,SCHUYLKILL EXPY & RAMP I76 WB TO MATSONFORD RD; WEST CONSHOHOCKEN; 2019-09-27 @ 16:22:45;,19428,Traffic: DISABLED VEHICLE -,2019-09-27 16:22:45,WEST CONSHOHOCKEN,SCHUYLKILL EXPY & RAMP I76 WB TO MATSONFORD RD,1
40.0443893,-75.2793810,WAVERLY RD & YOUNGS FORD RD;  LOWER MERION; Station 313A; 2018-06-14 @ 19:05:45;,19035,EMS: RESPIRATORY EMERGENCY,2018-06-14 19:05:45,LOWER MERION,WAVERLY RD & YOUNGS FORD RD,1
40.2157491,-75.5454891,LEWIS RD & LINFIELD TRAPPE RD; LIMERICK; 2016-01-29 @ 15:52:52;,19468,Traffic: VEHICLE ACCIDENT -,2016-01-29 15:52:52,LIMERICK,LEWIS RD & LINFIELD TRAPPE RD,1
40.0956518,-75.2448770,FOX HOUND DR & MARBLE HL; WHITEMARSH; 2017-10-05 @ 09:06:32-Station:STA29;,19444,Fire: FIRE ALARM,2017-10-05 09:06:32,WHITEMARSH,FOX HOUND DR & MARBLE HL,1
40.2576508,-75.6622418,ROBINSON ST & TUCKER CT;  POTTSTOWN; Station 329; 2017-07-31 @ 01:26:18;,19464,EMS: ALTERED MENTAL STATUS,2017-07-31 01:26:18,POTTSTOWN,ROBINSON ST & TUCKER CT,1
40.1602878,-75.0943924,DAVISVILLE RD;  UPPER MORELAND; Station 384; 2019-11-26 @ 08:03:03;,,EMS: VEHICLE ACCIDENT,2019-11-26 08:03:03,UPPER MORELAND,DAVISVILLE RD,1
40.2410527,-75.2688808,LANSDALE AVE & E 7TH ST;  LANSDALE; Station 345; 2017-02-13 @ 04:25:27;,19446,EMS: UNRESPONSIVE SUBJECT,2017-02-13 04:25:27,LANSDALE,LANSDALE AVE & E 7TH ST,1
40.2616887,-75.4066181,HARLEYSVILLE PIKE & SALFORDVILLE RD; LOWER SALFORD; 2016-08-13 @ 10:17:58;,19438,Traffic: DISABLED VEHICLE -,2016-08-13 10:17:58,LOWER SALFORD,HARLEYSVILLE PIKE & SALFORDVILLE RD,1
40.3129653,-75.3565384,GODSHALL RD & FAIRWAY DR;  FRANCONIA; Station 339; 2017-04-03 @ 00:22:12;,18969,EMS: FALL VICTIM,2017-04-03 00:22:12,FRANCONIA,GODSHALL RD & FAIRWAY DR,1
40.1123355,-75.1505536,JENKINTOWN RD;  ABINGTON; Station 382; 2018-05-15 @ 14:59:46;,19038,EMS: VEHICLE ACCIDENT,2018-05-15 14:59:46,ABINGTON,JENKINTOWN RD,1
40.0972222,-75.3761952,RAMP I76 WB TO RT202  & RAMP I76 WB TO RT202 SB; UPPER MERION; 2019-10-25 @ 09:59:58;,,Traffic: ROAD OBSTRUCTION -,2019-10-25 09:59:58,UPPER MERION,RAMP I76 WB TO RT202  & RAMP I76 WB TO RT202 SB,1
40.2901805,-75.3748090,CRESCENT WAY & CRESCENT LN;  FRANCONIA; Station 344; 2018-01-06 @ 16:24:08;,19438,EMS: DEHYDRATION,2018-01-06 16:24:08,FRANCONIA,CRESCENT WAY & CRESCENT LN,1
40.0219373,-75.2309230,ROCK HILL RD & BELMONT AVE; LOWER MERION; 2018-09-24 @ 06:30:19;,19004,Traffic: VEHICLE FIRE -,2018-09-24 06:30:19,LOWER MERION,ROCK HILL RD & BELMONT AVE,1
40.2290075,-75.3878525,RAMP S HANOVER ST TO RT422  & RT422 BYP EB;  CHESTER COUNTY; Station 3A84; 2018-09-14 @ 02:59:30;,,EMS: VEHICLE ACCIDENT,2018-09-14 02:59:30,CHESTER COUNTY,RAMP S HANOVER ST TO RT422  & RT422 BYP EB,1
40.2247283,-75.3395628,KRIEBEL RD & RAMPART LN; TOWAMENCIN; 2017-01-17 @ 07:58:55;,19446,Traffic: DISABLED VEHICLE -,2017-01-17 07:58:55,TOWAMENCIN,KRIEBEL RD & RAMPART LN,1
40.2466335,-75.6379049,ADAMS ST & ROWAN ALY;  POTTSTOWN; Station 329; 2017-11-12 @ 17:00:54;,19464,EMS: SYNCOPAL EPISODE,2017-11-12 17:00:54,POTTSTOWN,ADAMS ST & ROWAN ALY,1
40.1947722,-75.1566817,HORSHAM RD & PRIVET RD; HORSHAM; 2016-05-05 @ 14:58:12;,19044,Traffic: VEHICLE ACCIDENT -,2016-05-05 14:58:12,HORSHAM,HORSHAM RD & PRIVET RD,1
40.2135759,-75.3214083,POWDERHORN DR & SUPPLEE RD;  UPPER GWYNEDD; Station 345B; 2017-04-16 @ 21:44:44;,19446,EMS: BACK PAINS/INJURY,2017-04-16 21:44:44,UPPER GWYNEDD,POWDERHORN DR & SUPPLEE RD,1
40.1243602,-75.3815526,BRANDON RD & S SCHUYLKILL AVE;  WEST NORRITON; Station 308B; 2019-02-11 @ 17:34:05;,19403,EMS: CARDIAC EMERGENCY,2019-02-11 17:34:05,WEST NORRITON,BRANDON RD & S SCHUYLKILL AVE,1
40.0086800,-75.2107603,E CITY AVE & PRESIDENTIAL BLVD; LOWER MERION; 2020-03-10 @ 12:40:01;,19004,Traffic: VEHICLE ACCIDENT -,2020-03-10 12:40:01,LOWER MERION,E CITY AVE & PRESIDENTIAL BLVD,1
40.1330371,-75.4084631,SHANNONDELL DR & SHANNONDELL BLVD;  LOWER PROVIDENCE; Station 322A; 2020-05-02 @ 10:21:05;,19403,EMS: MEDICAL ALERT ALARM,2020-05-02 10:21:05,LOWER PROVIDENCE,SHANNONDELL DR & SHANNONDELL BLVD,1
40.2892517,-75.3047801,BERGEY RD & PENN ST;  HATFIELD TOWNSHIP; Station 345; 2019-08-23 @ 14:42:21;,19440,EMS: SEIZURES,2019-08-23 14:42:21,HATFIELD TOWNSHIP,BERGEY RD & PENN ST,1
40.1199455,-75.3383214,DEKALB ST & E ELM ST;  NORRISTOWN; Station 308A; 2019-03-11 @ 02:36:52;,19401,EMS: VEHICLE ACCIDENT,2019-03-11 02:36:52,NORRISTOWN,DEKALB ST & E ELM ST,1
40.1192546,-75.2362381,RT309 EXPY & CAMP HILL RD UNDERPASS; WHITEMARSH; 2019-02-28 @ 06:32:43;,,Traffic: VEHICLE ACCIDENT -,2019-02-28 06:32:43,WHITEMARSH,RT309 EXPY & CAMP HILL RD UNDERPASS,1
40.2059621,-75.2466685,LAURA LN & TURNBURY LN; LOWER GWYNEDD; 2019-05-29 @ 17:25:36-Station:STA62;,19454,Fire: FIRE ALARM,2019-05-29 17:25:36,LOWER GWYNEDD,LAURA LN & TURNBURY LN,1
40.2535785,-75.6963855,WESTIN RD & RANDOM RD;  BERKS COUNTY; Station EMS; 2016-08-22 @ 05:08:08;,19518,EMS: NAUSEA/VOMITING,2016-08-22 05:08:08,BERKS COUNTY,WESTIN RD & RANDOM RD,1
40.1685378,-75.4982005,BLACK ROCK RD & S TRAPPE RD;  UPPER PROVIDENCE; Station 325; 2019-08-12 @ 09:08:57;,19468,EMS: UNCONSCIOUS SUBJECT,2019-08-12 09:08:57,UPPER PROVIDENCE,BLACK ROCK RD & S TRAPPE RD,1
40.2291921,-75.2821657,PENNBROOK PKWY & CHURCH RD; LANSDALE; 2016-09-24 @ 11:31:16-Station:STA14;,19446,Fire: FIRE ALARM,2016-09-24 11:31:16,LANSDALE,PENNBROOK PKWY & CHURCH RD,1
40.1324170,-75.1527120,FITZWATERTOWN RD & SUSQUEHANNA RD; UPPER DUBLIN; 2017-04-25 @ 17:50:08;,19001,Traffic: VEHICLE ACCIDENT -,2017-04-25 17:50:08,UPPER DUBLIN,FITZWATERTOWN RD & SUSQUEHANNA RD,1
40.0086800,-75.2107603,E CITY AVE & PRESIDENTIAL BLVD; LOWER MERION; 2017-03-09 @ 03:53:12;,19004,Traffic: DISABLED VEHICLE -,2017-03-09 03:53:12,LOWER MERION,E CITY AVE & PRESIDENTIAL BLVD,1
40.1211818,-75.3519752,HAWS AVE;  NORRISTOWN; Station 308A; 2018-11-07 @ 22:48:27;,19401,EMS: FALL VICTIM,2018-11-07 22:48:27,NORRISTOWN,HAWS AVE,1
40.1605451,-75.4725804,CAMPUS DR & TAYLOR WAY; UPPER PROVIDENCE; 2016-06-13 @ 13:30:34-Station:STA99;,19426,Fire: FIRE INVESTIGATION,2016-06-13 13:30:34,UPPER PROVIDENCE,CAMPUS DR & TAYLOR WAY,1
40.1176758,-75.3360594,ARCH ST & MINOR ST;  NORRISTOWN; Station 308A; 2018-08-21 @ 06:13:00;,19401,EMS: GENERAL WEAKNESS,2018-08-21 06:13:00,NORRISTOWN,ARCH ST & MINOR ST,1
40.1231771,-75.3337165,DEKALB ST & E FORNANCE ST; NORRISTOWN; 2019-03-20 @ 07:23:02;,19401,Traffic: VEHICLE ACCIDENT -,2019-03-20 07:23:02,NORRISTOWN,DEKALB ST & E FORNANCE ST,1
40.2502170,-75.6729746,MYRTLE ST & W KING ST;  POTTSTOWN; Station 329; 2019-07-16 @ 23:54:20;,19464,EMS: SYNCOPAL EPISODE,2019-07-16 23:54:20,POTTSTOWN,MYRTLE ST & W KING ST,1
40.0249667,-75.2829046,PRESIDENTIAL BLVD & GLEN RD;  LOWER MERION; Station 313; 2017-09-03 @ 22:31:38;,,EMS: MEDICAL ALERT ALARM,2017-09-03 22:31:38,LOWER MERION,PRESIDENTIAL BLVD & GLEN RD,1
40.2413204,-75.2428276,BETHLEHEM PIKE & NORTH WALES RD;  MONTGOMERY; Station 345A; 2018-01-20 @ 21:39:54;,19454,EMS: LACERATIONS,2018-01-20 21:39:54,MONTGOMERY,BETHLEHEM PIKE & NORTH WALES RD,1
40.1760820,-75.1231279,HORSHAM RD & BLAIR MILL RD; HORSHAM; 2016-05-28 @ 14:12:19;,19044,Traffic: VEHICLE ACCIDENT -,2016-05-28 14:12:19,HORSHAM,HORSHAM RD & BLAIR MILL RD,1
40.3120729,-75.3957068,MORWOOD RD & RUTH RD;  FRANCONIA; Station 344; 2019-02-11 @ 06:00:48;,18969,EMS: RESPIRATORY EMERGENCY,2019-02-11 06:00:48,FRANCONIA,MORWOOD RD & RUTH RD,1
40.2358106,-75.6248657,MOSER RD & INDUSTRIAL HWY; POTTSTOWN; 2016-09-28 @ 19:17:31;,19464,Traffic: VEHICLE ACCIDENT -,2016-09-28 19:17:31,POTTSTOWN,MOSER RD & INDUSTRIAL HWY,1
40.1142461,-75.0512021,RED LION RD & PINE RD; LOWER MORELAND; 2018-05-14 @ 16:36:56;,19006,Traffic: VEHICLE ACCIDENT -,2018-05-14 16:36:56,LOWER MORELAND,RED LION RD & PINE RD,1
40.2500071,-75.6765520,GLASGOW ST & RICE ST; WEST POTTSGROVE; 2017-04-04 @ 07:55:25;,19464,Traffic: VEHICLE ACCIDENT -,2017-04-04 07:55:25,WEST POTTSGROVE,GLASGOW ST & RICE ST,1
40.3355220,-75.1379751,LAUGER MILL RD ; RED HILL; 2018-12-04 @ 19:14:43;,18902,Traffic: HAZARDOUS ROAD CONDITIONS -,2018-12-04 19:14:43,RED HILL,LAUGER MILL RD,1
40.1507107,-75.0552739,RED LION RD & RR CROSSING; LOWER MORELAND; 2016-07-31 @ 12:44:08-Station:STA8;,,Fire: FIRE ALARM,2016-07-31 12:44:08,LOWER MORELAND,RED LION RD & RR CROSSING,1
40.2054756,-75.3529714,SKIPPACK PIKE & MEADOWOOD DR;  WORCESTER; Station 336; 2018-04-19 @ 18:47:27;,19446,EMS: HEAD INJURY,2018-04-19 18:47:27,WORCESTER,SKIPPACK PIKE & MEADOWOOD DR,1
40.2517553,-75.6415743,FRANKLIN ST & OAK ST;  POTTSTOWN; Station 329; 2016-02-17 @ 12:21:49;,19464,EMS: SYNCOPAL EPISODE,2016-02-17 12:21:49,POTTSTOWN,FRANKLIN ST & OAK ST,1
40.1507107,-75.0552739,CREEK RD & DEAD END; LOWER MORELAND; 2020-06-03 @ 12:54:23;,,Traffic: ROAD OBSTRUCTION -,2020-06-03 12:54:23,LOWER MORELAND,CREEK RD & DEAD END,1
40.2337131,-75.4636031,HIGHLAND MANOR DR & DEAD END;  PERKIOMEN; Station 308C; 2020-01-10 @ 18:14:53;,,EMS: RESPIRATORY EMERGENCY,2020-01-10 18:14:53,PERKIOMEN,HIGHLAND MANOR DR & DEAD END,1
40.1078983,-75.3204314,E RIDGE PIKE & CONSHOHOCKEN RD; PLYMOUTH; 2017-08-27 @ 07:45:32;,19462,Traffic: VEHICLE ACCIDENT -,2017-08-27 07:45:32,PLYMOUTH,E RIDGE PIKE & CONSHOHOCKEN RD,1
40.0249667,-75.2829046,SCHUYLKILL EXPY & WAVERLY RD UNDERPASS; LOWER MERION; 2017-11-15 @ 20:28:17;,,Traffic: ROAD OBSTRUCTION -,2017-11-15 20:28:17,LOWER MERION,SCHUYLKILL EXPY & WAVERLY RD UNDERPASS,1
40.1566208,-75.4113257,EAGLEVILLE RD & SUNDERLAND DR; LOWER PROVIDENCE; 2018-11-30 @ 17:13:22;,19403,Traffic: DISABLED VEHICLE -,2018-11-30 17:13:22,LOWER PROVIDENCE,EAGLEVILLE RD & SUNDERLAND DR,1
40.1845001,-75.5380393,WALNUT ST & S 4TH AVE;  ROYERSFORD; Station 325; 2019-07-28 @ 07:00:04;,19468,EMS: FALL VICTIM,2019-07-28 07:00:04,ROYERSFORD,WALNUT ST & S 4TH AVE,1
39.9866944,-75.2569627,CITY AVE & HOLLINGSWORTH RD;  LOWER MERION; Station 313; 2017-02-10 @ 01:57:23;,19151,EMS: HEMORRHAGING,2017-02-10 01:57:23,LOWER MERION,CITY AVE & HOLLINGSWORTH RD,1
40.2859406,-75.6382657,RT100 NB & RAMP FARMINGTON AVE TO RT100 NB; UPPER POTTSGROVE; 2020-04-15 @ 18:10:11;,,Traffic: ROAD OBSTRUCTION -,2020-04-15 18:10:11,UPPER POTTSGROVE,RT100 NB & RAMP FARMINGTON AVE TO RT100 NB,1
40.0957446,-75.4010845,CLARK AVE & 1ST AVE; UPPER MERION; 2019-05-22 @ 13:21:02-Station:STA47;,19406,Fire: VEHICLE FIRE,2019-05-22 13:21:02,UPPER MERION,CLARK AVE & 1ST AVE,1
40.1250215,-75.1211446,EDGE HILL RD;  ABINGTON; Station 381; 2017-08-30 @ 13:14:07;,,EMS: VEHICLE ACCIDENT,2017-08-30 13:14:07,ABINGTON,EDGE HILL RD,1
40.1977810,-75.5361940,LEWIS RD & FOXMEADOW DR; LIMERICK; 2017-02-15 @ 12:23:01;,19468,Traffic: VEHICLE ACCIDENT -,2017-02-15 12:23:01,LIMERICK,LEWIS RD & FOXMEADOW DR,1
40.2605317,-75.3995089,EXTENSION PENNSYLVANIA TPKE & FRETZ RD OVERPASS;  LOWER SALFORD; Station 344; 2016-06-08 @ 11:11:34;,,EMS: VEHICLE ACCIDENT,2016-06-08 11:11:34,LOWER SALFORD,EXTENSION PENNSYLVANIA TPKE & FRETZ RD OVERPASS,1
40.0012678,-75.2263827,E CITY AVE & CONSHOHOCKEN STATE RD; LOWER MERION; 2019-05-22 @ 17:08:38;,19004,Traffic: VEHICLE ACCIDENT -,2019-05-22 17:08:38,LOWER MERION,E CITY AVE & CONSHOHOCKEN STATE RD,1
40.1198332,-75.1253492,MORELAND RD & RR CROSSING;  ABINGTON; Station 381; 2019-10-05 @ 18:09:36;,,EMS: DIABETIC EMERGENCY,2019-10-05 18:09:36,ABINGTON,MORELAND RD & RR CROSSING,1
40.1280640,-75.4276550,THRUSH LN & WREN RD;  LOWER PROVIDENCE; Station 322A; 2020-01-25 @ 21:10:32;,19403,EMS: FALL VICTIM,2020-01-25 21:10:32,LOWER PROVIDENCE,THRUSH LN & WREN RD,1
40.0994322,-75.1962131,PAPER MILL RD & HAWTHORNE LN; SPRINGFIELD; 2017-12-22 @ 16:48:48;,19031,Traffic: VEHICLE ACCIDENT -,2017-12-22 16:48:48,SPRINGFIELD,PAPER MILL RD & HAWTHORNE LN,1
40.1491993,-75.0580885,BYBERRY RD & HUNTINGDON PIKE; LOWER MORELAND; 2019-11-10 @ 16:22:55;,19006,Traffic: VEHICLE ACCIDENT -,2019-11-10 16:22:55,LOWER MORELAND,BYBERRY RD & HUNTINGDON PIKE,1
40.1274502,-75.3618445,N MONTGOMERY AVE; WEST NORRITON; 2016-05-09 @ 02:22:28-Station:STA46;,19403,Fire: UNKNOWN TYPE FIRE,2016-05-09 02:22:28,WEST NORRITON,N MONTGOMERY AVE,1
40.1808251,-75.5328486,GAY ST & S 4TH AVE;  UPPER PROVIDENCE; Station 325; 2016-06-25 @ 20:46:37;,19468,EMS: SYNCOPAL EPISODE,2016-06-25 20:46:37,UPPER PROVIDENCE,GAY ST & S 4TH AVE,1
40.2112382,-75.5276642,COUNTRY CLUB RD & LINFIELD TRAPPE RD; LIMERICK; 2020-04-09 @ 16:21:41-Station:STA54;,19468,Fire: ELECTRICAL FIRE OUTSIDE,2020-04-09 16:21:41,LIMERICK,COUNTRY CLUB RD & LINFIELD TRAPPE RD,1
40.2526669,-75.6469229,HANOVER ST & JEFFERSON AVE; POTTSTOWN; 2019-02-14 @ 13:55:08-Station:STA69;,19464,Fire: GAS-ODOR/LEAK,2019-02-14 13:55:08,POTTSTOWN,HANOVER ST & JEFFERSON AVE,1
40.0335780,-75.2670955,FAIRVIEW RD & CONSHOHOCKEN STATE RD; LOWER MERION; 2016-01-21 @ 22:36:55-Station:STA26;,19072,Fire: FIRE ALARM,2016-01-21 22:36:55,LOWER MERION,FAIRVIEW RD & CONSHOHOCKEN STATE RD,1
40.1692755,-75.0924557,BYBERRY RD & VILLAGE CIR;  UPPER MORELAND; Station 384; 2016-06-15 @ 17:26:56;,19040,EMS: FALL VICTIM,2016-06-15 17:26:56,UPPER MORELAND,BYBERRY RD & VILLAGE CIR,1
40.1192546,-75.2362381,BETHLEHEM PIKE & TURNPIKE OVERPASS; WHITEMARSH; 2016-02-22 @ 13:21:06-Station:STA29;,,Fire: FIRE ALARM,2016-02-22 13:21:06,WHITEMARSH,BETHLEHEM PIKE & TURNPIKE OVERPASS,1
40.1784422,-75.1285061,EASTON RD & WGNAS MAIN GATE; HORSHAM; 2020-03-13 @ 13:12:29;,,Traffic: VEHICLE ACCIDENT -,2020-03-13 13:12:29,HORSHAM,EASTON RD & WGNAS MAIN GATE,1
40.1188596,-75.3378155,GREEN ST & E JACOBY ST;  NORRISTOWN; Station 308A; 2019-05-23 @ 17:52:03;,19401,EMS: RESPIRATORY EMERGENCY,2019-05-23 17:52:03,NORRISTOWN,GREEN ST & E JACOBY ST,1
40.0690149,-75.0967378,COTTMAN AVE & W LAUREL AVE; CHELTENHAM; 2016-04-28 @ 06:02:14;,19012,Traffic: VEHICLE ACCIDENT -,2016-04-28 06:02:14,CHELTENHAM,COTTMAN AVE & W LAUREL AVE,1
39.9699060,-75.5686670,WEST CHESTER PIKE & GLEN GARY DR;  DELAWARE COUNTY; Station EMS; 2019-04-06 @ 13:50:18;,19382,EMS: RESPIRATORY EMERGENCY,2019-04-06 13:50:18,DELAWARE COUNTY,WEST CHESTER PIKE & GLEN GARY DR,1
40.0388690,-75.2574850,OAKWOOD DR & OAKWOOD TER;  LOWER MERION; Station 313; 2019-02-03 @ 13:41:20;,19072,EMS: SYNCOPAL EPISODE,2019-02-03 13:41:20,LOWER MERION,OAKWOOD DR & OAKWOOD TER,1
40.0671349,-75.3180665,MATSONFORD RD & RAMP I76 WB TO MATSONFORD RD; WEST CONSHOHOCKEN; 2018-04-05 @ 10:34:03;,19428,Traffic: DISABLED VEHICLE -,2018-04-05 10:34:03,WEST CONSHOHOCKEN,MATSONFORD RD & RAMP I76 WB TO MATSONFORD RD,1
40.1057250,-75.2133626,BETHLEHEM PIKE & GROVE AVE; SPRINGFIELD; 2019-10-30 @ 08:47:18;,19031,Traffic: VEHICLE ACCIDENT -,2019-10-30 08:47:18,SPRINGFIELD,BETHLEHEM PIKE & GROVE AVE,1
40.1491993,-75.0580885,BYBERRY RD & HUNTINGDON PIKE; LOWER MORELAND; 2019-05-10 @ 13:11:59;,19006,Traffic: VEHICLE ACCIDENT -,2019-05-10 13:11:59,LOWER MORELAND,BYBERRY RD & HUNTINGDON PIKE,1
40.1757337,-75.4612026,S COLLEGEVILLE RD & PERKIOMEN BLVD; UPPER PROVIDENCE; 2016-02-24 @ 22:11:13;,19426,Traffic: DISABLED VEHICLE -,2016-02-24 22:11:13,UPPER PROVIDENCE,S COLLEGEVILLE RD & PERKIOMEN BLVD,1
40.1287263,-75.2539979,DEVONSHIRES CT & W BUTLER PIKE; WHITPAIN; 2017-04-11 @ 12:27:34-Station:STA33;,19422,Fire: FIRE ALARM,2017-04-11 12:27:34,WHITPAIN,DEVONSHIRES CT & W BUTLER PIKE,1
40.1078681,-75.3121590,HILLSIDE AVE & COLEMAN ST;  PLYMOUTH; Station 308; 2019-05-05 @ 15:32:18;,19462,EMS: SEIZURES,2019-05-05 15:32:18,PLYMOUTH,HILLSIDE AVE & COLEMAN ST,1
40.2149774,-75.4997122,RIDGE PIKE & N TOWNSHIP LINE RD;  LIMERICK; Station 324A; 2016-11-18 @ 15:35:24;,19468,EMS: SEIZURES,2016-11-18 15:35:24,LIMERICK,RIDGE PIKE & N TOWNSHIP LINE RD,1
40.2231291,-75.5391928,N LEWIS RD & E CHERRY LN; LIMERICK; 2018-05-22 @ 19:53:52;,19468,Traffic: DISABLED VEHICLE -,2018-05-22 19:53:52,LIMERICK,N LEWIS RD & E CHERRY LN,1
40.1198332,-75.1253492,KESWICK AVE & THE KESWICK ROTARY LOOP;  ABINGTON; Station 383; 2019-12-21 @ 19:28:48;,,EMS: FALL VICTIM,2019-12-21 19:28:48,ABINGTON,KESWICK AVE & THE KESWICK ROTARY LOOP,1
40.1550603,-75.1022513,DAVISVILLE RD & PENNYPACK RD;  UPPER MORELAND; Station 381; 2017-09-25 @ 00:34:11;,19040,EMS: NAUSEA/VOMITING,2017-09-25 00:34:11,UPPER MORELAND,DAVISVILLE RD & PENNYPACK RD,1
40.1226656,-75.3360889,WILLOW ST & E WOOD ST;  NORRISTOWN; Station 308A; 2017-06-29 @ 23:10:23;,19401,EMS: ASSAULT VICTIM,2017-06-29 23:10:23,NORRISTOWN,WILLOW ST & E WOOD ST,1
40.0885102,-75.1830359,CHELTENHAM AVE & WILLOW GROVE AVE; CHELTENHAM; 2020-02-24 @ 12:19:42;,19038,Traffic: VEHICLE ACCIDENT -,2020-02-24 12:19:42,CHELTENHAM,CHELTENHAM AVE & WILLOW GROVE AVE,1
40.1889024,-75.1032841,YORKSHIRE WAY & N YORK RD;  HATBORO; Station 384; 2017-07-17 @ 12:06:49;,19040,EMS: ANIMAL BITE,2017-07-17 12:06:49,HATBORO,YORKSHIRE WAY & N YORK RD,1
40.2446363,-75.6421825,HIGH ST & S WASHINGTON ST;  POTTSTOWN; Station 329; 2018-10-30 @ 03:39:00;,19464,EMS: BACK PAINS/INJURY,2018-10-30 03:39:00,POTTSTOWN,HIGH ST & S WASHINGTON ST,1
40.0163938,-75.3042041,OLD LANCASTER RD;  LOWER MERION; Station 313; 2019-11-19 @ 07:44:24;,19041,EMS: VEHICLE ACCIDENT,2019-11-19 07:44:24,LOWER MERION,OLD LANCASTER RD,1
40.2374000,-75.2766040,MAIN ST & WOODLAND DR;  LANSDALE; Station 345; 2018-07-01 @ 08:48:42;,19446,EMS: NAUSEA/VOMITING,2018-07-01 08:48:42,LANSDALE,MAIN ST & WOODLAND DR,1
40.0941849,-75.2866500,RIDGE PIKE & BUTLER PIKE;  PLYMOUTH; Station 308; 2018-07-31 @ 13:03:52;,19428,EMS: RESPIRATORY EMERGENCY,2018-07-31 13:03:52,PLYMOUTH,RIDGE PIKE & BUTLER PIKE,1
40.1293311,-75.3080788,BELVOIR RD & VALLEY RD;  PLYMOUTH; Station 308; 2016-12-26 @ 19:44:09;,19462,EMS: OVERDOSE,2016-12-26 19:44:09,PLYMOUTH,BELVOIR RD & VALLEY RD,1
40.2083076,-75.2283594,EVANS RD & WELSH RD; MONTGOMERY; 2018-11-22 @ 05:54:07;,19002,Traffic: HAZARDOUS ROAD CONDITIONS -,2018-11-22 05:54:07,MONTGOMERY,EVANS RD & WELSH RD,1
40.1016688,-75.1559400,LISMORE AVE & W GLENSIDE AVE;  CHELTENHAM; Station 358A; 2017-09-26 @ 18:14:11;,19038,EMS: NAUSEA/VOMITING,2017-09-26 18:14:11,CHELTENHAM,LISMORE AVE & W GLENSIDE AVE,1
40.3825932,-75.5674372,HENRY RD & KELLER RD; DOUGLASS; 2016-02-25 @ 07:04:25;,19504,Traffic: HAZARDOUS ROAD CONDITIONS -,2016-02-25 07:04:25,DOUGLASS,HENRY RD & KELLER RD,1
40.1784422,-75.1285061,DOGWOOD LN & DEAD END;  HORSHAM; Station 352; 2017-04-29 @ 13:33:49;,,EMS: RESPIRATORY EMERGENCY,2017-04-29 13:33:49,HORSHAM,DOGWOOD LN & DEAD END,1
40.1688525,-75.5231438,HAFNER RD & 2ND AVE; UPPER PROVIDENCE; 2019-03-17 @ 17:04:15-Station:STA98;,19468,Fire: FIRE ALARM,2019-03-17 17:04:15,UPPER PROVIDENCE,HAFNER RD & 2ND AVE,1
40.1993281,-75.2239563,RT309 SB & N BETHLEHEM PIKE; LOWER GWYNEDD; 2018-06-12 @ 23:20:18;,19002,Traffic: DISABLED VEHICLE -,2018-06-12 23:20:18,LOWER GWYNEDD,RT309 SB & N BETHLEHEM PIKE,1
40.3286623,-75.6278515,PHILADELPHIA AVE & BERKS ST; DOUGLASS; 2016-08-31 @ 07:58:00;,19512,Traffic: VEHICLE ACCIDENT -,2016-08-31 07:58:00,DOUGLASS,PHILADELPHIA AVE & BERKS ST,1
40.1324130,-75.3539820,FOREST AVE & STERIGERE ST; WEST NORRITON; 2016-01-08 @ 13:04:09;,19403,Traffic: ROAD OBSTRUCTION -,2016-01-08 13:04:09,WEST NORRITON,FOREST AVE & STERIGERE ST,1
40.1335800,-75.4424880,PINETOWN RD & EGYPT RD; LOWER PROVIDENCE; 2017-12-15 @ 17:10:41;,19403,Traffic: VEHICLE ACCIDENT -,2017-12-15 17:10:41,LOWER PROVIDENCE,PINETOWN RD & EGYPT RD,1
40.1330371,-75.4084631,SHANNONDELL DR & SHANNONDELL BLVD;  LOWER PROVIDENCE; Station 322A; 2017-08-14 @ 05:16:10;,19403,EMS: RESPIRATORY EMERGENCY,2017-08-14 05:16:10,LOWER PROVIDENCE,SHANNONDELL DR & SHANNONDELL BLVD,1
40.3232393,-75.6106365,WILSON AVE & KNOLL LN;  DOUGLASS; Station 332; 2020-06-26 @ 02:59:46;,19525,EMS: FALL VICTIM,2020-06-26 02:59:46,DOUGLASS,WILSON AVE & KNOLL LN,1
40.1192425,-75.3388066,DEKALB ST & E JACOBY ST;  NORRISTOWN; Station 308A; 2017-09-04 @ 14:04:04;,19401,EMS: ANIMAL BITE,2017-09-04 14:04:04,NORRISTOWN,DEKALB ST & E JACOBY ST,1
40.1271012,-75.1363009,INDEPENDENCE AVE & COLONIAL AVE;  ABINGTON; Station 381; 2018-03-13 @ 12:21:11;,19001,EMS: FALL VICTIM,2018-03-13 12:21:11,ABINGTON,INDEPENDENCE AVE & COLONIAL AVE,1
40.1522357,-75.3486116,GERMANTOWN PIKE & WHITEHALL RD; EAST NORRITON; 2018-11-26 @ 12:46:20;,19403,Traffic: VEHICLE ACCIDENT -,2018-11-26 12:46:20,EAST NORRITON,GERMANTOWN PIKE & WHITEHALL RD,1
40.3326767,-75.4805146,GRAVEL PIKE & SNYDER RD;  MARLBOROUGH; Station 344A; 2016-11-24 @ 14:48:48;,18054,EMS: SUBJECT IN PAIN,2016-11-24 14:48:48,MARLBOROUGH,GRAVEL PIKE & SNYDER RD,1
40.1532684,-75.1895576,RT309 EXPY & HIGHLAND AVE UNDERPASS; UPPER DUBLIN; 2016-08-02 @ 02:48:24;,,Traffic: VEHICLE ACCIDENT -,2016-08-02 02:48:24,UPPER DUBLIN,RT309 EXPY & HIGHLAND AVE UNDERPASS,1
40.1457373,-75.0524556,BYBERRY RD & MEADOWLARK DR; LOWER MORELAND; 2018-07-02 @ 23:35:16;,19006,Traffic: ROAD OBSTRUCTION -,2018-07-02 23:35:16,LOWER MORELAND,BYBERRY RD & MEADOWLARK DR,1
40.1723141,-75.4927278,RT422  & RAMP RT422 WB TO RT29; UPPER PROVIDENCE; 2019-07-26 @ 17:38:05-Station:STA99;,,Fire: VEHICLE FIRE,2019-07-26 17:38:05,UPPER PROVIDENCE,RT422  & RAMP RT422 WB TO RT29,1
40.2066402,-75.5725374,PENNHURST RD & MAIN ST; LIMERICK; 2018-12-04 @ 17:29:29;,19468,Traffic: VEHICLE ACCIDENT -,2018-12-04 17:29:29,LIMERICK,PENNHURST RD & MAIN ST,1
40.1330371,-75.4084631,SHANNONDELL DR & SHANNONDELL BLVD;  LOWER PROVIDENCE; Station 322A; 2019-01-17 @ 11:38:28;,19403,EMS: ALTERED MENTAL STATUS,2019-01-17 11:38:28,LOWER PROVIDENCE,SHANNONDELL DR & SHANNONDELL BLVD,1
40.1278313,-75.3377710,WARREN ST & MARKLEY ST;  NORRISTOWN; Station 308A; 2020-05-27 @ 15:04:23;,19401,EMS: HEAD INJURY,2020-05-27 15:04:23,NORRISTOWN,WARREN ST & MARKLEY ST,1
40.2354952,-75.3082920,SNYDER RD & VALLEY FORGE RD;  TOWAMENCIN; Station 345B; 2018-10-30 @ 01:25:18;,19446,EMS: NAUSEA/VOMITING,2018-10-30 01:25:18,TOWAMENCIN,SNYDER RD & VALLEY FORGE RD,1
40.2514920,-75.6033497,RT422 BYP & RAMP ARMAND HAMMER TO RT422 EB; LOWER POTTSGROVE; 2020-06-07 @ 00:25:03;,,Traffic: VEHICLE ACCIDENT -,2020-06-07 00:25:03,LOWER POTTSGROVE,RT422 BYP & RAMP ARMAND HAMMER TO RT422 EB,1
40.0249667,-75.2829046,SCHUYLKILL EXPY & WAVERLY RD UNDERPASS; LOWER MERION; 2017-11-08 @ 10:38:36;,,Traffic: DISABLED VEHICLE -,2017-11-08 10:38:36,LOWER MERION,SCHUYLKILL EXPY & WAVERLY RD UNDERPASS,1
40.2603879,-75.4648555,GAME FARM RD & MAIN ST; SCHWENKSVILLE; 2016-06-28 @ 14:04:13;,19473,Traffic: VEHICLE ACCIDENT -,2016-06-28 14:04:13,SCHWENKSVILLE,GAME FARM RD & MAIN ST,1
40.2563601,-75.6400219,CHARLOTTE ST & NIGHTINGALE ST;  POTTSTOWN; Station 329B; 2020-02-02 @ 18:19:41;,19464,EMS: ALTERED MENTAL STATUS,2020-02-02 18:19:41,POTTSTOWN,CHARLOTTE ST & NIGHTINGALE ST,1
40.0613688,-75.1212088,LYCOMING AVE & LENAPE AVE;  CHELTENHAM; Station 358; 2020-06-10 @ 14:54:32;,19027,EMS: UNCONSCIOUS SUBJECT,2020-06-10 14:54:32,CHELTENHAM,LYCOMING AVE & LENAPE AVE,1
40.1328990,-75.3337140,LOGAN ST & MARKLEY ST; NORRISTOWN; 2019-05-29 @ 07:57:30;,19401,Traffic: VEHICLE ACCIDENT -,2019-05-29 07:57:30,NORRISTOWN,LOGAN ST & MARKLEY ST,1
40.1220076,-75.2603883,BUTLER PIKE & TOWNSHIP LINE RD; PLYMOUTH; 2020-07-08 @ 16:55:47;,19462,Traffic: VEHICLE ACCIDENT -,2020-07-08 16:55:47,PLYMOUTH,BUTLER PIKE & TOWNSHIP LINE RD,1
40.2446363,-75.6421825,HIGH ST & S WASHINGTON ST; POTTSTOWN; 2017-09-13 @ 23:13:34-Station:STA69;,19464,Fire: FIRE ALARM,2017-09-13 23:13:34,POTTSTOWN,HIGH ST & S WASHINGTON ST,1
40.1322122,-75.3847099,SCHOOL LN;  WEST NORRITON; Station 308B; 2019-06-23 @ 12:34:02;,19403,EMS: VEHICLE ACCIDENT,2019-06-23 12:34:02,WEST NORRITON,SCHOOL LN,1
40.0972222,-75.3761952,SCHUYLKILL EXPY & WEADLEY RD OVERPASS; UPPER MERION; 2018-05-28 @ 19:28:38;,,Traffic: DISABLED VEHICLE -,2018-05-28 19:28:38,UPPER MERION,SCHUYLKILL EXPY & WEADLEY RD OVERPASS,1
40.1004005,-75.2807786,BUTLER PIKE & BLUE RIDGE RD; PLYMOUTH; 2019-03-19 @ 11:26:15-Station:STA44;,19462,Fire: FIRE ALARM,2019-03-19 11:26:15,PLYMOUTH,BUTLER PIKE & BLUE RIDGE RD,1
40.1532684,-75.1895576,RT309 EXPY & E BUTLER PIKE UNDERPASS; UPPER DUBLIN; 2015-12-30 @ 12:49:42;,,Traffic: ROAD OBSTRUCTION -,2015-12-30 12:49:42,UPPER DUBLIN,RT309 EXPY & E BUTLER PIKE UNDERPASS,1
40.2466476,-75.6417829,WASHINGTON ST & CHESTNUT ST;  POTTSTOWN; Station 329; 2016-01-23 @ 18:35:09;,19464,EMS: FALL VICTIM,2016-01-23 18:35:09,POTTSTOWN,WASHINGTON ST & CHESTNUT ST,1
40.1004231,-75.2070644,RT309 EXPY & PAPER MILL RD UNDERPASS; SPRINGFIELD; 2017-04-29 @ 22:08:59;,,Traffic: DISABLED VEHICLE -,2017-04-29 22:08:59,SPRINGFIELD,RT309 EXPY & PAPER MILL RD UNDERPASS,1
40.3400721,-75.5917092,NELMOR BLVD & DEAD END;  DOUGLASS; Station 332; 2017-10-07 @ 22:13:15;,,EMS: CARDIAC EMERGENCY,2017-10-07 22:13:15,DOUGLASS,NELMOR BLVD & DEAD END,1
40.2948168,-75.5379720,BIG RD & COLONIAL RD;  UPPER FREDERICK; Station 308C; 2017-03-14 @ 11:37:13;,18074,EMS: FALL VICTIM,2017-03-14 11:37:13,UPPER FREDERICK,BIG RD & COLONIAL RD,1
40.3148830,-75.3112328,COUNTY LINE RD & E BROAD ST; SOUDERTON; 2019-05-21 @ 15:25:17;,18964,Traffic: VEHICLE ACCIDENT -,2019-05-21 15:25:17,SOUDERTON,COUNTY LINE RD & E BROAD ST,1
40.2605355,-75.3666079,MAIN ST & GODSHALL DR;  LOWER SALFORD; Station 344; 2019-09-13 @ 05:26:05;,19438,EMS: SUBJECT IN PAIN,2019-09-13 05:26:05,LOWER SALFORD,MAIN ST & GODSHALL DR,1
40.2332590,-75.2695950,MAIN ST & GREENWOOD RD;  LANSDALE; Station 345; 2018-02-12 @ 19:32:58;,19446,EMS: RESPIRATORY EMERGENCY,2018-02-12 19:32:58,LANSDALE,MAIN ST & GREENWOOD RD,1
40.1862972,-75.3001426,NORTH WALES RD & SPRING CREEK RD; WORCESTER; 2019-12-10 @ 07:55:24;,19446,Traffic: VEHICLE ACCIDENT -,2019-12-10 07:55:24,WORCESTER,NORTH WALES RD & SPRING CREEK RD,1
40.1112176,-75.0764435,HUNTINGDON PIKE;  ABINGTON; Station 382; 2016-02-29 @ 10:11:37;,,EMS: VEHICLE ACCIDENT,2016-02-29 10:11:37,ABINGTON,HUNTINGDON PIKE,1
40.1838791,-75.4457638,RIDGE PIKE & GERMANTOWN PIKE;  LOWER PROVIDENCE; Station 322; 2020-04-10 @ 01:46:58;,19426,EMS: FALL VICTIM,2020-04-10 01:46:58,LOWER PROVIDENCE,RIDGE PIKE & GERMANTOWN PIKE,1
40.2387237,-75.5785160,EVERGREEN RD & W LIGHTCAP RD;  LOWER POTTSGROVE; Station 329; 2016-11-16 @ 15:02:56;,19464,EMS: ALTERED MENTAL STATUS,2016-11-16 15:02:56,LOWER POTTSGROVE,EVERGREEN RD & W LIGHTCAP RD,1
40.3261559,-75.4468388,ZEPP RD & ROSTKOWSKI RD; UPPER SALFORD; 2017-08-02 @ 16:07:17-Station:STA78;,18054,Fire: ELECTRICAL FIRE OUTSIDE,2017-08-02 16:07:17,UPPER SALFORD,ZEPP RD & ROSTKOWSKI RD,1
40.2864378,-75.2637619,BETHLEHEM PIKE & HILLTOWN PIKE; HATFIELD TOWNSHIP; 2017-01-31 @ 19:00:46;,19440,Traffic: VEHICLE ACCIDENT -,2017-01-31 19:00:46,HATFIELD TOWNSHIP,BETHLEHEM PIKE & HILLTOWN PIKE,1
40.2495423,-75.6689493,W HIGH ST & BERKS ST; POTTSTOWN; 2017-10-01 @ 09:09:19;,19464,Traffic: DISABLED VEHICLE -,2017-10-01 09:09:19,POTTSTOWN,W HIGH ST & BERKS ST,1
40.1531316,-75.0842273,MASONS MILL RD & BUTTONWOOD LN; UPPER MORELAND; 2016-06-22 @ 14:34:27;,19006,Traffic: ROAD OBSTRUCTION -,2016-06-22 14:34:27,UPPER MORELAND,MASONS MILL RD & BUTTONWOOD LN,1
40.2126344,-75.5369442,LINFIELD TRAPPE RD & S LIMERICK RD;  LIMERICK; Station 324A; 2020-03-09 @ 15:23:26;,19468,EMS: ALTERED MENTAL STATUS,2020-03-09 15:23:26,LIMERICK,LINFIELD TRAPPE RD & S LIMERICK RD,1
40.1527901,-75.2216512,ROSEMARY AVE & POPLAR ST;  AMBLER; Station 351; 2019-09-13 @ 11:29:06;,19002,EMS: FALL VICTIM,2019-09-13 11:29:06,AMBLER,ROSEMARY AVE & POPLAR ST,1
40.1144501,-75.3341917,E MARSHALL ST;  NORRISTOWN; Station 308A; 2017-12-13 @ 20:25:37;,19401,EMS: FALL VICTIM,2017-12-13 20:25:37,NORRISTOWN,E MARSHALL ST,1
40.1670212,-75.2902532,DEKALB PIKE & SKIPPACK PIKE;  WHITPAIN; Station 385; 2019-05-19 @ 23:25:11;,19422,EMS: HEAD INJURY,2019-05-19 23:25:11,WHITPAIN,DEKALB PIKE & SKIPPACK PIKE,1
40.2414970,-75.6215654,MT VERNON ST & SOUTH ST;  POTTSTOWN; Station 329; 2019-05-18 @ 19:38:45;,19464,EMS: DIABETIC EMERGENCY,2019-05-18 19:38:45,POTTSTOWN,MT VERNON ST & SOUTH ST,1
40.1308201,-75.0618581,HUNTINGDON PIKE & ALDEN RD; BRYN ATHYN; 2018-06-01 @ 15:19:49;,19006,Traffic: VEHICLE ACCIDENT -,2018-06-01 15:19:49,BRYN ATHYN,HUNTINGDON PIKE & ALDEN RD,1
40.1402401,-75.2777268,WYNDRISE DR & PENLLYN BLUE BELL PIKE;  WHITPAIN; Station 385; 2018-04-22 @ 07:03:28;,19422,EMS: GENERAL WEAKNESS,2018-04-22 07:03:28,WHITPAIN,WYNDRISE DR & PENLLYN BLUE BELL PIKE,1
40.1711127,-75.2003781,E BUTLER PIKE;  UPPER DUBLIN; Station 351; 2017-06-30 @ 21:13:46;,19002,EMS: UNKNOWN MEDICAL EMERGENCY,2017-06-30 21:13:46,UPPER DUBLIN,E BUTLER PIKE,1
40.1006232,-75.4212034,OUTER LINE DR & JOSEPH PLUMB MARTIN LOOP TRL;  UPPER MERION; Station 317; 2019-04-14 @ 13:04:45;,19087,EMS: FALL VICTIM,2019-04-14 13:04:45,UPPER MERION,OUTER LINE DR & JOSEPH PLUMB MARTIN LOOP TRL,1
40.0781599,-75.1123542,TOWNSHIP LINE RD & CEDAR RD; CHELTENHAM; 2015-12-16 @ 18:01:31;,19027,Traffic: DISABLED VEHICLE -,2015-12-16 18:01:31,CHELTENHAM,TOWNSHIP LINE RD & CEDAR RD,1
39.9900680,-75.2795670,HAVERFORD RD & WITLEY RD; LOWER MERION; 2016-03-18 @ 00:03:26;,19096,Traffic: DISABLED VEHICLE -,2016-03-18 00:03:26,LOWER MERION,HAVERFORD RD & WITLEY RD,1
39.9926890,-75.2845000,HAVERFORD RD & ARGYLE RD; LOWER MERION; 2019-08-25 @ 19:23:39;,19096,Traffic: DISABLED VEHICLE -,2019-08-25 19:23:39,LOWER MERION,HAVERFORD RD & ARGYLE RD,1
40.1370469,-75.3171588,DEKALB PIKE & COLONIAL DR;  EAST NORRITON; Station 308; 2019-08-04 @ 21:50:02;,19401,EMS: ABDOMINAL PAINS,2019-08-04 21:50:02,EAST NORRITON,DEKALB PIKE & COLONIAL DR,1
40.1836445,-75.3798718,WATER STREET RD & TWOS GLEN LN;  WORCESTER; Station 322; 2018-01-05 @ 23:03:00;,19426,EMS: CVA/STROKE,2018-01-05 23:03:00,WORCESTER,WATER STREET RD & TWOS GLEN LN,1
40.2605355,-75.3666079,MAIN ST & GODSHALL DR;  LOWER SALFORD; Station 344; 2016-03-23 @ 03:21:12;,19438,EMS: NAUSEA/VOMITING,2016-03-23 03:21:12,LOWER SALFORD,MAIN ST & GODSHALL DR,1
40.1207146,-75.0571312,PHILMONT AVE & RED LION RD; LOWER MORELAND; 2019-06-17 @ 16:36:07;,19006,Traffic: VEHICLE ACCIDENT -,2019-06-17 16:36:07,LOWER MORELAND,PHILMONT AVE & RED LION RD,1
40.0840520,-75.2963700,FAYETTE ST & E 13TH AVE;  PLYMOUTH; Station 308; 2019-10-12 @ 11:35:59;,19428,EMS: FALL VICTIM,2019-10-12 11:35:59,PLYMOUTH,FAYETTE ST & E 13TH AVE,1
40.2440243,-75.6094326,SUNNYBROOK RD & E HIGH ST; LOWER POTTSGROVE; 2017-05-15 @ 09:35:43;,19464,Traffic: VEHICLE ACCIDENT -,2017-05-15 09:35:43,LOWER POTTSGROVE,SUNNYBROOK RD & E HIGH ST,1
39.9838761,-75.2768451,TRENT RD & MANOA RD; LOWER MERION; 2019-07-11 @ 14:49:02;,19096,Traffic: VEHICLE ACCIDENT -,2019-07-11 14:49:02,LOWER MERION,TRENT RD & MANOA RD,1
40.1330371,-75.4084631,SHANNONDELL DR & SHANNONDELL BLVD;  LOWER PROVIDENCE; Station 322A; 2019-12-05 @ 18:20:04;,19403,EMS: FALL VICTIM,2019-12-05 18:20:04,LOWER PROVIDENCE,SHANNONDELL DR & SHANNONDELL BLVD,1
40.1142023,-75.3268041,NEW HOPE ST & CEDAR LN;  NORRISTOWN; Station 308A; 2018-03-11 @ 12:23:57;,19401,EMS: RESPIRATORY EMERGENCY,2018-03-11 12:23:57,NORRISTOWN,NEW HOPE ST & CEDAR LN,1
40.1447952,-75.1757595,OFFICE CENTER DR & WATER TOWER DR; UPPER DUBLIN; 2017-04-17 @ 19:14:37-Station:STA88;,19034,Fire: FIRE ALARM,2017-04-17 19:14:37,UPPER DUBLIN,OFFICE CENTER DR & WATER TOWER DR,1
40.0873931,-75.3515976,DREW CT & E CHURCH RD;  UPPER MERION; Station 356; 2019-08-12 @ 10:42:05;,19406,EMS: FALL VICTIM,2019-08-12 10:42:05,UPPER MERION,DREW CT & E CHURCH RD,1
40.1255820,-75.3205245,JANEWAY DR & NORTH HILLS DR;  NORRISTOWN; Station 308A; 2019-03-17 @ 20:01:35;,19401,EMS: NAUSEA/VOMITING,2019-03-17 20:01:35,NORRISTOWN,JANEWAY DR & NORTH HILLS DR,1
40.0646712,-75.3937704,RADNOR RD & RADNOR HILL RD;  UPPER MERION; Station 317; 2016-11-15 @ 09:55:36;,19087,EMS: FALL VICTIM,2016-11-15 09:55:36,UPPER MERION,RADNOR RD & RADNOR HILL RD,1
40.1215298,-75.3360600,DEKALB ST & E BASIN ST;  NORRISTOWN; Station 308A; 2016-10-02 @ 22:21:44;,19401,EMS: CVA/STROKE,2016-10-02 22:21:44,NORRISTOWN,DEKALB ST & E BASIN ST,1
40.1571783,-75.0718282,BYBERRY RD & READING WAY; BRYN ATHYN; 2019-10-07 @ 09:34:16-Station:STA11;,19006,Fire: FIRE INVESTIGATION,2019-10-07 09:34:16,BRYN ATHYN,BYBERRY RD & READING WAY,1
40.1649518,-75.0605410,NEW RD & E COUNTY LINE RD; UPPER MORELAND; 2017-05-15 @ 19:18:21;,18966,Traffic: ROAD OBSTRUCTION -,2017-05-15 19:18:21,UPPER MORELAND,NEW RD & E COUNTY LINE RD,1
40.2484687,-75.3357898,FORTY FOOT RD & WILLIAMSBURG WAY;  TOWAMENCIN; Station 345B; 2017-02-19 @ 12:51:22;,19446,EMS: OVERDOSE,2017-02-19 12:51:22,TOWAMENCIN,FORTY FOOT RD & WILLIAMSBURG WAY,1
40.1293311,-75.3080788,BELVOIR RD & VALLEY RD;  PLYMOUTH; Station 308; 2020-06-19 @ 18:55:22;,19462,EMS: DIABETIC EMERGENCY,2020-06-19 18:55:22,PLYMOUTH,BELVOIR RD & VALLEY RD,1
40.1537535,-75.1216041,EASTON RD & LAWNTON RD; UPPER MORELAND; 2017-05-16 @ 08:00:03-Station:STA10;,19090,Fire: FIRE ALARM,2017-05-16 08:00:03,UPPER MORELAND,EASTON RD & LAWNTON RD,1
40.1194760,-75.2471430,STENTON AVE & MILITIA HILL RD;  WHITEMARSH; Station 318; 2018-10-20 @ 23:28:43;,19034,EMS: RESPIRATORY EMERGENCY,2018-10-20 23:28:43,WHITEMARSH,STENTON AVE & MILITIA HILL RD,1
40.2512245,-75.6769507,VINE ST & SCHOOL LN;  WEST POTTSGROVE; Station 329; 2017-10-10 @ 19:43:20;,19464,EMS: SUBJECT IN PAIN,2017-10-10 19:43:20,WEST POTTSGROVE,VINE ST & SCHOOL LN,1
40.2319919,-75.5247242,W RIDGE PIKE & SWAMP PIKE; LIMERICK; 2016-06-28 @ 20:08:38;,19468,Traffic: DISABLED VEHICLE -,2016-06-28 20:08:38,LIMERICK,W RIDGE PIKE & SWAMP PIKE,1
40.1013021,-75.0874503,HUNTINGDON PIKE & HOYT RD; ABINGTON; 2017-08-08 @ 10:40:56;,19006,Traffic: DISABLED VEHICLE -,2017-08-08 10:40:56,ABINGTON,HUNTINGDON PIKE & HOYT RD,1
40.2299606,-75.3138546,BRITTANY PT & VALLEY FORGE RD;  UPPER GWYNEDD; Station 345B; 2020-02-17 @ 02:22:24;,19446,EMS: RESPIRATORY EMERGENCY,2020-02-17 02:22:24,UPPER GWYNEDD,BRITTANY PT & VALLEY FORGE RD,1
40.2331401,-75.2386609,BETHLEHEM PIKE & GARDEN GOLF BLVD; MONTGOMERY; 2017-07-24 @ 12:50:04;,19454,Traffic: VEHICLE ACCIDENT -,2017-07-24 12:50:04,MONTGOMERY,BETHLEHEM PIKE & GARDEN GOLF BLVD,1
40.1414828,-75.1171420,MORELAND RD & EASTON RD; ABINGTON; 2018-01-03 @ 16:27:41-Station:STA500;,19090,Fire: FIRE INVESTIGATION,2018-01-03 16:27:41,ABINGTON,MORELAND RD & EASTON RD,1
40.1773251,-75.2252976,BETHLEHEM PIKE & LOCUST LN; LOWER GWYNEDD; 2016-10-26 @ 07:15:10;,19002,Traffic: VEHICLE ACCIDENT -,2016-10-26 07:15:10,LOWER GWYNEDD,BETHLEHEM PIKE & LOCUST LN,1
40.1424166,-75.2208514,MORRIS RD & SHEAFF LN;  WHITEMARSH; Station 318; 2019-04-06 @ 15:37:30;,19002,EMS: FRACTURE,2019-04-06 15:37:30,WHITEMARSH,MORRIS RD & SHEAFF LN,1
40.0130393,-75.2373667,OTT RD & W LEVERING MILL RD; LOWER MERION; 2015-12-28 @ 20:25:37-Station:STA28;,19004,Fire: BUILDING FIRE,2015-12-28 20:25:37,LOWER MERION,OTT RD & W LEVERING MILL RD,1
40.1174800,-75.1268656,JERICHO RD & SUSQUEHANNA RD; ABINGTON; 2019-04-01 @ 12:44:54;,19001,Traffic: DISABLED VEHICLE -,2019-04-01 12:44:54,ABINGTON,JERICHO RD & SUSQUEHANNA RD,1
40.3083454,-75.3055915,CHATHAM CT & WESTBURY DR;  FRANCONIA; Station 339; 2020-01-16 @ 13:07:42;,18964,EMS: HEAD INJURY,2020-01-16 13:07:42,FRANCONIA,CHATHAM CT & WESTBURY DR,1
40.2725896,-75.3096399,KOFFEL RD & FORTY FOOT RD; HATFIELD TOWNSHIP; 2020-03-06 @ 08:02:09;,19440,Traffic: DISABLED VEHICLE -,2020-03-06 08:02:09,HATFIELD TOWNSHIP,KOFFEL RD & FORTY FOOT RD,1
40.1129488,-75.3338045,AIRY ST & VIOLET ST;  NORRISTOWN; Station 308A; 2020-01-09 @ 08:03:47;,19401,EMS: CARDIAC EMERGENCY,2020-01-09 08:03:47,NORRISTOWN,AIRY ST & VIOLET ST,1
40.1286342,-75.2993489,GERMANTOWN PIKE & VIRGINIA RD; PLYMOUTH; 2016-01-25 @ 08:48:08;,19462,Traffic: VEHICLE ACCIDENT -,2016-01-25 08:48:08,PLYMOUTH,GERMANTOWN PIKE & VIRGINIA RD,1
40.2178281,-75.4534591,GRAVEL PIKE & TRAPPE RD; PERKIOMEN; 2017-06-27 @ 16:59:02-Station:STA66;,19426,Fire: FIRE ALARM,2017-06-27 16:59:02,PERKIOMEN,GRAVEL PIKE & TRAPPE RD,1
40.1274502,-75.3618445,MARSHALL ST & N MONTGOMERY AVE;  WEST NORRITON; Station 308B; 2018-12-02 @ 13:03:03;,19403,EMS: FALL VICTIM,2018-12-02 13:03:03,WEST NORRITON,MARSHALL ST & N MONTGOMERY AVE,1
40.1147142,-75.3399519,AIRY ST & HIGH ALY;  NORRISTOWN; Station 308A; 2017-05-21 @ 17:49:20;,19401,EMS: UNKNOWN MEDICAL EMERGENCY,2017-05-21 17:49:20,NORRISTOWN,AIRY ST & HIGH ALY,1
40.0871206,-75.0937403,HUNTINGDON PIKE & PASADENA AVE; ABINGTON; 2017-05-22 @ 15:19:54-Station:STA200;,19046,Fire: FIRE ALARM,2017-05-22 15:19:54,ABINGTON,HUNTINGDON PIKE & PASADENA AVE,1
40.0720650,-75.1265200,HIGH SCHOOL RD & MONTGOMERY AVE;  CHELTENHAM; Station 358; 2018-06-28 @ 20:55:26;,19027,EMS: ANIMAL BITE,2018-06-28 20:55:26,CHELTENHAM,HIGH SCHOOL RD & MONTGOMERY AVE,1
40.3072031,-75.3237997,BROAD ST & WILE AVE; SOUDERTON; 2017-02-05 @ 10:09:53-Station:STA74;,18964,Fire: VEHICLE ACCIDENT,2017-02-05 10:09:53,SOUDERTON,BROAD ST & WILE AVE,1
40.0254801,-75.3265114,W LANCASTER AVE;  LOWER MERION; Station 313; 2018-05-30 @ 21:45:57;,19010,EMS: UNKNOWN MEDICAL EMERGENCY,2018-05-30 21:45:57,LOWER MERION,W LANCASTER AVE,1
40.1678989,-75.0900557,BYBERRY RD & MEYER LN; UPPER MORELAND; 2016-05-24 @ 13:59:48-Station:STA10;,19040,Fire: FIRE ALARM,2016-05-24 13:59:48,UPPER MORELAND,BYBERRY RD & MEYER LN,1
39.9898980,-75.2584300,LANCASTER AVE & LANKENAU DR;  LOWER MERION; Station 313; 2016-08-03 @ 15:27:35;,19096,EMS: UNKNOWN MEDICAL EMERGENCY,2016-08-03 15:27:35,LOWER MERION,LANCASTER AVE & LANKENAU DR,1
40.1012589,-75.1528589,EASTON RD & RR CROSSING;  ABINGTON; Station 381; 2019-04-28 @ 09:24:46;,19038,EMS: LACERATIONS,2019-04-28 09:24:46,ABINGTON,EASTON RD & RR CROSSING,1
40.1196045,-75.2849004,W GERMANTOWN PIKE & ATRIUM WAY; PLYMOUTH; 2016-05-19 @ 09:26:43;,19462,Traffic: DISABLED VEHICLE -,2016-05-19 09:26:43,PLYMOUTH,W GERMANTOWN PIKE & ATRIUM WAY,1
40.1468650,-75.3952095,RIDGE PIKE & N PARK AVE; LOWER PROVIDENCE; 2019-03-21 @ 19:37:11;,19403,Traffic: VEHICLE ACCIDENT -,2019-03-21 19:37:11,LOWER PROVIDENCE,RIDGE PIKE & N PARK AVE,1
40.1546984,-75.1392426,WELSH RD & COMPUTER AVE; UPPER DUBLIN; 2019-12-12 @ 09:23:30;,19090,Traffic: VEHICLE ACCIDENT -,2019-12-12 09:23:30,UPPER DUBLIN,WELSH RD & COMPUTER AVE,1
40.1304298,-75.3150109,CAROL LN & TEARDROP TER;  EAST NORRITON; Station 308; 2016-10-04 @ 21:06:22;,19401,EMS: RESPIRATORY EMERGENCY,2016-10-04 21:06:22,EAST NORRITON,CAROL LN & TEARDROP TER,1
40.2183626,-75.2910245,CHURCH RD & BECKER RD;  UPPER GWYNEDD; Station 345B; 2019-11-23 @ 10:00:04;,19454,EMS: HEMORRHAGING,2019-11-23 10:00:04,UPPER GWYNEDD,CHURCH RD & BECKER RD,1
40.0715721,-75.3018042,WASHINGTON ST & POPLAR ST;  CONSHOHOCKEN; Station 313A; 2017-03-06 @ 09:27:11;,19428,EMS: RESPIRATORY EMERGENCY,2017-03-06 09:27:11,CONSHOHOCKEN,WASHINGTON ST & POPLAR ST,1
40.0202176,-75.2585006,RIGHTERS MILL RD & CENTENNIAL RD; LOWER MERION; 2019-07-24 @ 14:46:09-Station:STA26;,19072,Fire: FIRE ALARM,2019-07-24 14:46:09,LOWER MERION,RIGHTERS MILL RD & CENTENNIAL RD,1
40.3507954,-75.5219453,HILL RD & EICHELE RD; NEW HANOVER; 2018-07-23 @ 07:05:54;,18074,Traffic: DISABLED VEHICLE -,2018-07-23 07:05:54,NEW HANOVER,HILL RD & EICHELE RD,1
40.0980329,-75.4185241,N GULPH RD & RICHARDS RD; UPPER MERION; 2020-04-02 @ 21:44:45;,19087,Traffic: DISABLED VEHICLE -,2020-04-02 21:44:45,UPPER MERION,N GULPH RD & RICHARDS RD,1
40.1068386,-75.1238039,OLD YORK RD & HARTE RD; ABINGTON; 2019-05-13 @ 12:19:31-Station:STA100;,19046,Fire: FIRE ALARM,2019-05-13 12:19:31,ABINGTON,OLD YORK RD & HARTE RD,1
40.1079176,-75.1633472,LIMEKILN PIKE & EDGE HILL RD; ABINGTON; 2016-03-21 @ 09:02:45;,19038,Traffic: HAZARDOUS ROAD CONDITIONS -,2016-03-21 09:02:45,ABINGTON,LIMEKILN PIKE & EDGE HILL RD,1
40.2048367,-75.2228211,WELSH RD & LOWER STATE RD; HORSHAM; 2016-03-09 @ 14:02:40;,19002,Traffic: VEHICLE ACCIDENT -,2016-03-09 14:02:40,HORSHAM,WELSH RD & LOWER STATE RD,1
40.0572764,-75.1208336,NEW SECOND ST & HIGH AVE; CHELTENHAM; 2019-08-13 @ 09:06:58;,19027,Traffic: VEHICLE ACCIDENT -,2019-08-13 09:06:58,CHELTENHAM,NEW SECOND ST & HIGH AVE,1
40.0477003,-75.2812283,HEARTHSTONE LN & FENIMORE LN; LOWER MERION; 2016-06-04 @ 20:00:28-Station:STA24;,19035,Fire: CARBON MONOXIDE DETECTOR,2016-06-04 20:00:28,LOWER MERION,HEARTHSTONE LN & FENIMORE LN,1
40.0692669,-75.3334126,SCHUYLKILL EXPY & RAMP I76 WB TO BALLIGOMINGO RD; UPPER MERION; 2019-01-04 @ 19:41:02;,,Traffic: ROAD OBSTRUCTION -,2019-01-04 19:41:02,UPPER MERION,SCHUYLKILL EXPY & RAMP I76 WB TO BALLIGOMINGO RD,1
40.2288994,-75.2624611,WELSH RD & NORTH WALES RD; MONTGOMERY; 2017-02-24 @ 17:46:51;,19454,Traffic: VEHICLE ACCIDENT -,2017-02-24 17:46:51,MONTGOMERY,WELSH RD & NORTH WALES RD,1
40.2604599,-75.4553758,PARK AVE & PENNYPACKER RD; PERKIOMEN; 2018-11-17 @ 22:01:38-Station:STA66;,19473,Fire: FIRE ALARM,2018-11-17 22:01:38,PERKIOMEN,PARK AVE & PENNYPACKER RD,1
40.1330371,-75.4084631,SHANNONDELL DR & SHANNONDELL BLVD;  LOWER PROVIDENCE; Station 322A; 2017-07-08 @ 17:34:30;,19403,EMS: MEDICAL ALERT ALARM,2017-07-08 17:34:30,LOWER PROVIDENCE,SHANNONDELL DR & SHANNONDELL BLVD,1
40.1847975,-75.2868790,TWIN SILO DR & MORRIS RD;  WHITPAIN; Station 385; 2016-02-08 @ 09:18:34;,19422,EMS: CARDIAC EMERGENCY,2016-02-08 09:18:34,WHITPAIN,TWIN SILO DR & MORRIS RD,1
40.0695850,-75.0976334,ZANE AVE & TOWNSHIP LINE RD; ABINGTON; 2019-10-04 @ 15:31:51;,19046,Traffic: DISABLED VEHICLE -,2019-10-04 15:31:51,ABINGTON,ZANE AVE & TOWNSHIP LINE RD,1
40.1085610,-75.3211539,JEFFERSON ST & BROOK ALY;  PLYMOUTH; Station 308; 2020-06-14 @ 15:29:12;,19462,EMS: SUBJECT IN PAIN,2020-06-14 15:29:12,PLYMOUTH,JEFFERSON ST & BROOK ALY,1
40.0992490,-75.3518997,DEKALB ST & CROOKED LN;  BRIDGEPORT; Station 356; 2020-01-27 @ 11:35:34;,19406,EMS: SUBJECT IN PAIN,2020-01-27 11:35:34,BRIDGEPORT,DEKALB ST & CROOKED LN,1
40.0728237,-75.3073509,ELM ST & FAYETTE ST; CONSHOHOCKEN; 2019-06-07 @ 16:29:42-Station:STA36;,19428,Fire: ELEVATOR EMERGENCY,2019-06-07 16:29:42,CONSHOHOCKEN,ELM ST & FAYETTE ST,1
40.2309343,-75.5221245,RT422  & RAMP EVERGREEN RD TO RT422 EB; LIMERICK; 2017-06-18 @ 13:49:58;,19468,Traffic: DISABLED VEHICLE -,2017-06-18 13:49:58,LIMERICK,RT422  & RAMP EVERGREEN RD TO RT422 EB,1
40.1290496,-75.3767385,JUNIATA RD & S SCHUYLKILL AVE;  WEST NORRITON; Station 308B; 2019-09-12 @ 22:34:31;,19403,EMS: ALLERGIC REACTION,2019-09-12 22:34:31,WEST NORRITON,JUNIATA RD & S SCHUYLKILL AVE,1
40.2511067,-75.6484443,HANOVER ST & E 4TH ST;  POTTSTOWN; Station 329; 2019-02-23 @ 19:50:06;,19464,EMS: RESPIRATORY EMERGENCY,2019-02-23 19:50:06,POTTSTOWN,HANOVER ST & E 4TH ST,1
40.1116310,-75.1213960,VALLEY RD & PAUL BROOK LN; ABINGTON; 2019-05-29 @ 23:43:26;,19001,Traffic: DISABLED VEHICLE -,2019-05-29 23:43:26,ABINGTON,VALLEY RD & PAUL BROOK LN,1
40.1498641,-75.3646526,EAGLE DR & BURNSIDE AVE;  WEST NORRITON; Station 308B; 2017-05-05 @ 10:19:05;,19403,EMS: RESPIRATORY EMERGENCY,2017-05-05 10:19:05,WEST NORRITON,EAGLE DR & BURNSIDE AVE,1
40.0386270,-75.3234196,PARTRIDGE LN & N ITHAN AVE; LOWER MERION; 2017-04-26 @ 20:12:33;,19010,Traffic: DISABLED VEHICLE -,2017-04-26 20:12:33,LOWER MERION,PARTRIDGE LN & N ITHAN AVE,1
40.0597265,-75.1191509,NEW SECOND ST & SHORT LN; CHELTENHAM; 2017-06-25 @ 11:16:01;,19012,Traffic: ROAD OBSTRUCTION -,2017-06-25 11:16:01,CHELTENHAM,NEW SECOND ST & SHORT LN,1
40.0760245,-75.3843032,CROTON RD & ALDERBROOK DR; UPPER MERION; 2019-10-05 @ 06:35:28-Station:STA47;,19087,Fire: FIRE ALARM,2019-10-05 06:35:28,UPPER MERION,CROTON RD & ALDERBROOK DR,1
40.2110759,-75.2328292,PARK DR & WELSH RD; MONTGOMERY; 2016-06-02 @ 13:53:02;,19454,Traffic: VEHICLE ACCIDENT -,2016-06-02 13:53:02,MONTGOMERY,PARK DR & WELSH RD,1
39.9983363,-75.2712927,LANCASTER AVE & STANFORD DR; LOWER MERION; 2019-10-15 @ 08:11:00;,19096,Traffic: VEHICLE ACCIDENT -,2019-10-15 08:11:00,LOWER MERION,LANCASTER AVE & STANFORD DR,1
40.0084820,-75.2806160,MONTGOMERY AVE & CHURCH RD; LOWER MERION; 2016-06-20 @ 12:35:33-Station:STA25;,19003,Fire: FIRE ALARM,2016-06-20 12:35:33,LOWER MERION,MONTGOMERY AVE & CHURCH RD,1
40.3134204,-75.3275610,MAIN ST & E WALNUT ST; SOUDERTON; 2018-08-20 @ 22:42:00;,18964,Traffic: DISABLED VEHICLE -,2018-08-20 22:42:00,SOUDERTON,MAIN ST & E WALNUT ST,1
40.1901965,-75.2510199,LORIEN DR & EVANS RD; LOWER GWYNEDD; 2020-03-31 @ 14:10:04-Station:STA62;,19002,Fire: FIRE ALARM,2020-03-31 14:10:04,LOWER GWYNEDD,LORIEN DR & EVANS RD,1
40.1274459,-75.3537516,HAMILTON ST & W ELM ST;  NORRISTOWN; Station 308A; 2019-06-20 @ 15:05:43;,19401,EMS: HEMORRHAGING,2019-06-20 15:05:43,NORRISTOWN,HAMILTON ST & W ELM ST,1
40.0742571,-75.3096950,ELM ST & MAPLE ST; CONSHOHOCKEN; 2018-11-23 @ 14:56:49-Station:STA36;,19428,Fire: FIRE ALARM,2018-11-23 14:56:49,CONSHOHOCKEN,ELM ST & MAPLE ST,1
40.3387760,-75.5184088,DEEP CREEK RD & HILDEBRANDT RD;  NEW HANOVER; Station 344A; 2017-01-07 @ 12:23:42;,18074,EMS: CARDIAC EMERGENCY,2017-01-07 12:23:42,NEW HANOVER,DEEP CREEK RD & HILDEBRANDT RD,1
40.0960146,-75.1266818,WEST AVE & JOHNSON ST;  JENKINTOWN; Station 382; 2019-06-28 @ 18:15:36;,19046,EMS: RESPIRATORY EMERGENCY,2019-06-28 18:15:36,JENKINTOWN,WEST AVE & JOHNSON ST,1
40.1397628,-75.3863985,MAIN ST & LAWN AVE;  WEST NORRITON; Station 308B; 2019-01-11 @ 22:54:35;,19403,EMS: OVERDOSE,2019-01-11 22:54:35,WEST NORRITON,MAIN ST & LAWN AVE,1
40.0592203,-75.1154773,BELL RD & OAK LANE RD; CHELTENHAM; 2017-04-25 @ 15:40:48;,19012,Traffic: DISABLED VEHICLE -,2017-04-25 15:40:48,CHELTENHAM,BELL RD & OAK LANE RD,1
40.1560377,-75.3097991,WOODFORD WAY & DAWS RD; WHITPAIN; 2018-03-02 @ 17:39:12-Station:STA33;,19422,Fire: ELECTRICAL FIRE OUTSIDE,2018-03-02 17:39:12,WHITPAIN,WOODFORD WAY & DAWS RD,1
40.0083463,-75.2938805,ARDMORE AVE & W ATHENS AVE; LOWER MERION; 2018-04-23 @ 21:13:22;,19003,Traffic: VEHICLE ACCIDENT -,2018-04-23 21:13:22,LOWER MERION,ARDMORE AVE & W ATHENS AVE,1
40.1207146,-75.0571312,RED LION RD & PHILMONT AVE; LOWER MORELAND; 2018-11-06 @ 15:29:43;,19006,Traffic: DISABLED VEHICLE -,2018-11-06 15:29:43,LOWER MORELAND,RED LION RD & PHILMONT AVE,1
40.1364905,-75.3521150,BEECH DR & SPRUCE ST; WEST NORRITON; 2019-03-07 @ 09:08:09-Station:STA46;,19403,Fire: FIRE INVESTIGATION,2019-03-07 09:08:09,WEST NORRITON,BEECH DR & SPRUCE ST,1
40.1402614,-75.3988084,TOMSTOCK RD & BELMONT AVE; LOWER PROVIDENCE; 2019-04-23 @ 17:15:02-Station:STA53;,19403,Fire: FIRE ALARM,2019-04-23 17:15:02,LOWER PROVIDENCE,TOMSTOCK RD & BELMONT AVE,1
40.1908315,-75.4847778,BOROUGH LINE RD & W 5TH AVE; TRAPPE; 2017-10-21 @ 14:09:03;,19426,Traffic: VEHICLE ACCIDENT -,2017-10-21 14:09:03,TRAPPE,BOROUGH LINE RD & W 5TH AVE,1
40.1307486,-75.3750185,N SCHUYLKILL AVE & W MAIN ST; WEST NORRITON; 2019-01-07 @ 17:52:14;,19403,Traffic: VEHICLE ACCIDENT -,2019-01-07 17:52:14,WEST NORRITON,N SCHUYLKILL AVE & W MAIN ST,1
40.2489551,-75.6874216,JAY ST & W RACE ST;  WEST POTTSGROVE; Station 329; 2016-02-09 @ 21:21:13;,19464,EMS: ABDOMINAL PAINS,2016-02-09 21:21:13,WEST POTTSGROVE,JAY ST & W RACE ST,1
40.0174436,-75.2347223,YALE RD & E DARTMOUTH RD; LOWER MERION; 2018-02-05 @ 15:39:29-Station:STA22;,19004,Fire: FIRE ALARM,2018-02-05 15:39:29,LOWER MERION,YALE RD & E DARTMOUTH RD,1
39.9992124,-75.2878034,SUSSEX RD & E ATHENS AVE;  LOWER MERION; Station 313; 2017-06-30 @ 09:39:43;,19096,EMS: ABDOMINAL PAINS,2017-06-30 09:39:43,LOWER MERION,SUSSEX RD & E ATHENS AVE,1
40.2429986,-75.6313032,QUEEN ST & MONTGOMERY ST;  POTTSTOWN; Station 329; 2018-11-23 @ 10:49:56;,19464,EMS: GENERAL WEAKNESS,2018-11-23 10:49:56,POTTSTOWN,QUEEN ST & MONTGOMERY ST,1
40.0998882,-75.1259304,OLD YORK RD & RYDAL WAY; ABINGTON; 2017-03-13 @ 16:15:23;,19046,Traffic: VEHICLE ACCIDENT -,2017-03-13 16:15:23,ABINGTON,OLD YORK RD & RYDAL WAY,1
40.2042427,-75.2602198,SUMNEYTOWN PIKE & N SWEDESFORD RD; UPPER GWYNEDD; 2019-04-12 @ 08:49:59;,19454,Traffic: VEHICLE ACCIDENT -,2019-04-12 08:49:59,UPPER GWYNEDD,SUMNEYTOWN PIKE & N SWEDESFORD RD,1
40.1209094,-75.1294844,EDGE HILL RD & GUERNSEY AVE; ABINGTON; 2019-03-31 @ 15:58:24;,19001,Traffic: VEHICLE ACCIDENT -,2019-03-31 15:58:24,ABINGTON,EDGE HILL RD & GUERNSEY AVE,1
40.1117737,-75.3369314,E MAIN ST & WALNUT ST; NORRISTOWN; 2016-09-03 @ 12:56:20;,19401,Traffic: VEHICLE ACCIDENT -,2016-09-03 12:56:20,NORRISTOWN,E MAIN ST & WALNUT ST,1
40.0228544,-75.2921945,LAUREL LN & MULBERRY LN; LOWER MERION; 2019-07-22 @ 19:38:51;,19041,Traffic: ROAD OBSTRUCTION -,2019-07-22 19:38:51,LOWER MERION,LAUREL LN & MULBERRY LN,1
40.1147631,-75.3124210,JODY DR & KAREN RD;  PLYMOUTH; Station 308; 2016-01-16 @ 09:47:59;,19462,EMS: RESPIRATORY EMERGENCY,2016-01-16 09:47:59,PLYMOUTH,JODY DR & KAREN RD,1
40.0903967,-75.3957327,MALL BLVD & GODDARD BLVD; UPPER MERION; 2019-03-07 @ 10:00:36;,19406,Traffic: VEHICLE ACCIDENT -,2019-03-07 10:00:36,UPPER MERION,MALL BLVD & GODDARD BLVD,1
40.0838870,-75.3572280,HENDERSON RD & QUEENS DR; UPPER MERION; 2017-12-30 @ 15:52:36-Station:STA48;,19406,Fire: FIRE ALARM,2017-12-30 15:52:36,UPPER MERION,HENDERSON RD & QUEENS DR,1
40.2413204,-75.2428276,BETHLEHEM PIKE & NORTH WALES RD;  MONTGOMERY; Station 345A; 2016-09-02 @ 14:22:53;,19454,EMS: VEHICLE ACCIDENT,2016-09-02 14:22:53,MONTGOMERY,BETHLEHEM PIKE & NORTH WALES RD,1
40.2741374,-75.6604687,UPLAND SQUARE DR & SELL RD;  WEST POTTSGROVE; Station 329; 2018-05-27 @ 12:03:46;,19464,EMS: SEIZURES,2018-05-27 12:03:46,WEST POTTSGROVE,UPLAND SQUARE DR & SELL RD,1
40.2627373,-75.5949946,KEPLER RD & BEAUMONT LN;  LOWER POTTSGROVE; Station 329B; 2017-04-03 @ 11:27:35;,19464,EMS: ASSAULT VICTIM,2017-04-03 11:27:35,LOWER POTTSGROVE,KEPLER RD & BEAUMONT LN,1
40.1391471,-75.1951857,PINETOWN RD & COMMERCE DR;  UPPER DUBLIN; Station 351; 2016-07-01 @ 13:08:28;,19034,EMS: VEHICLE ACCIDENT,2016-07-01 13:08:28,UPPER DUBLIN,PINETOWN RD & COMMERCE DR,1
40.2572526,-75.6358864,WILSON ST & N EVANS ST;  POTTSTOWN; Station 329; 2018-07-08 @ 19:40:21;,19464,EMS: CARDIAC EMERGENCY,2018-07-08 19:40:21,POTTSTOWN,WILSON ST & N EVANS ST,1
40.1499475,-75.2302406,BUTLER PIKE & MORRIS RD; UPPER DUBLIN; 2019-10-22 @ 13:30:59;,19002,Traffic: VEHICLE ACCIDENT -,2019-10-22 13:30:59,UPPER DUBLIN,BUTLER PIKE & MORRIS RD,1
40.0296652,-75.3242811,W MONTGOMERY AVE & AIRDALE RD; LOWER MERION; 2016-08-30 @ 12:20:25;,19010,Traffic: DISABLED VEHICLE -,2016-08-30 12:20:25,LOWER MERION,W MONTGOMERY AVE & AIRDALE RD,1
40.0251424,-75.2429152,GAINSBORO CIR & SANDRINGHAM RD;  LOWER MERION; Station 313; 2018-08-03 @ 09:38:27;,19004,EMS: SYNCOPAL EPISODE,2018-08-03 09:38:27,LOWER MERION,GAINSBORO CIR & SANDRINGHAM RD,1
40.1193890,-75.0795542,CIRCLE DR & RYE VALLEY DR;  LOWER MORELAND; Station 355; 2018-12-07 @ 10:17:58;,19046,EMS: ABDOMINAL PAINS,2018-12-07 10:17:58,LOWER MORELAND,CIRCLE DR & RYE VALLEY DR,1
40.2445570,-75.6415046,HIGH ST & UNION ST;  POTTSTOWN; Station 329; 2016-01-15 @ 15:47:34;,19464,EMS: DIZZINESS,2016-01-15 15:47:34,POTTSTOWN,HIGH ST & UNION ST,1
40.2453649,-75.2877417,RICHARDSON AVE & W 2ND ST;  LANSDALE; Station 345; 2018-03-14 @ 07:15:40;,19446,EMS: OVERDOSE,2018-03-14 07:15:40,LANSDALE,RICHARDSON AVE & W 2ND ST,1
40.1032267,-75.0798731,MOREDON RD & LLOYD RD;  ABINGTON; Station 382; 2020-01-03 @ 10:18:20;,19006,EMS: GENERAL WEAKNESS,2020-01-03 10:18:20,ABINGTON,MOREDON RD & LLOYD RD,1
40.0941849,-75.2866500,RIDGE PIKE & BUTLER PIKE;  PLYMOUTH; Station 308; 2019-02-13 @ 03:20:11;,19428,EMS: CVA/STROKE,2019-02-13 03:20:11,PLYMOUTH,RIDGE PIKE & BUTLER PIKE,1
